student_id,age,gender,program,study_hours_per_week,attendance_rate,previous_exam_score,assignment_score,final_exam_score,parental_education,internet_access,extracurricular_activity,academic_support,at_risk
STU00001,15,Female,Humanities,18.4,75.9,87.0,80.7,72.6,Bachelor,Yes,No,No,0
STU00002,21,Male,Commerce,16.2,86.1,91.8,78.2,74.3,High School,No,Yes,Yes,0
STU00003,20,Male,STEM,16.7,78.2,92.7,89.5,81.5,High School,Yes,Yes,No,0
STU00004,18,Male,Humanities,12.4,90.6,65.5,56.3,65.1,Master,Yes,No,No,0
STU00005,18,Female,Humanities,5.4,76.9,68.5,65.2,74.0,Bachelor,Yes,Yes,No,0
STU00006,21,Female,Commerce,8.3,89.8,81.1,65.6,60.7,High School,Yes,No,No,0
STU00007,15,Male,Arts,8.6,84.1,75.25,62.6,44.9,Bachelor,Yes,No,No,0
STU00008,20,Male,Commerce,12.8,79.3,62.0,65.6,54.0,Bachelor,Yes,No,No,0
STU00009,16,Male,Commerce,19.2,94.2,82.9,79.4,88.9,Master,Yes,No,No,0
STU00010,15,Male,Humanities,19.2,82.0,76.3,90.2,76.0,Bachelor,Yes,No,Yes,0
STU00011,19,Female,Commerce,10.8,78.9,71.7,66.2,69.6,High School,Yes,No,No,0
STU00012,22,Female,Humanities,2.9,82.1,63.5,62.4,51.7,High School,Yes,No,No,0
STU00013,20,Female,STEM,6.5,81.3,92.4,79.5,67.6,High School,Yes,Yes,No,0
STU00014,21,Female,Commerce,18.3,79.4,74.6,76.5,58.4,High School,Yes,No,No,0
STU00015,20,Female,Commerce,14.0,70.6,79.9,66.3,62.7,Bachelor,Yes,No,No,0
STU00016,21,Male,Humanities,10.2,83.0,79.1,64.8,64.9,Bachelor,Yes,Yes,Yes,0
STU00017,19,Female,Arts,11.1,75.8,56.1,72.7,65.4,Bachelor,Yes,No,No,0
STU00018,16,Female,Commerce,9.6,81.2,87.7,79.0,75.0,High School,Yes,No,No,0
STU00019,21,Male,Humanities,6.4,76.1,75.8,67.3,75.3,High School,Yes,Yes,No,0
STU00020,18,Female,STEM,21.1,80.4,83.1,81.1,74.8,High School,Yes,Yes,No,0
STU00021,19,Female,STEM,19.5,83.2,91.5,100.0,85.5,High School,Yes,Yes,No,0
STU00022,17,Male,Humanities,9.3,80.2,72.1,60.7,60.4,Bachelor,Yes,No,No,0
STU00023,16,Female,Humanities,5.1,86.5,79.7,67.6,59.2,Master,Yes,No,Yes,0
STU00024,22,Male,STEM,12.6,85.7,57.5,68.7,64.2,High School,Yes,Yes,No,0
STU00025,21,Male,STEM,12.3,98.9,75.25,67.3,70.4,Bachelor,Yes,No,No,0
STU00026,20,Female,STEM,15.8,84.8,80.3,72.4,82.3,High School,Yes,No,No,0
STU00027,18,Male,Commerce,14.8,77.9,78.2,72.8,62.8,Bachelor,No,No,No,0
STU00028,21,Male,Commerce,7.7,78.7,62.7,68.6,56.6,High School,Yes,No,No,0
STU00029,19,Male,Humanities,17.6,91.1,79.1,76.5,65.0,Bachelor,Yes,Yes,Yes,0
STU00030,18,Male,STEM,10.2,89.2,72.8,57.5,64.4,High School,Yes,Yes,No,0
STU00031,18,Male,STEM,15.7,94.4,69.2,61.2,56.6,High School,Yes,No,No,0
STU00032,16,Male,STEM,12.3,75.8,77.1,66.5,64.1,Bachelor,Yes,No,Yes,0
STU00033,15,Male,Humanities,17.2,94.6,97.4,75.8,71.3,High School,Yes,No,No,0
STU00034,19,Female,STEM,1.2,78.8,52.0,55.9,41.8,High School,Yes,Yes,Yes,1
STU00035,22,Male,STEM,16.3,76.5,82.0,86.3,68.6,High School,Yes,No,No,0
STU00036,15,Male,Arts,9.3,79.2,68.2,66.0,65.9,Master,Yes,No,No,0
STU00037,21,Male,Humanities,13.3,94.3,73.4,70.6,68.0,High School,Yes,No,Yes,0
STU00038,21,Female,Commerce,17.4,88.1,81.2,86.6,75.8,Bachelor,Yes,Yes,No,0
STU00039,17,Female,STEM,9.4,71.1,71.6,73.2,66.3,Master,Yes,No,No,0
STU00040,20,Male,STEM,8.7,82.4,72.4,59.3,53.8,Bachelor,Yes,No,Yes,0
STU00041,16,Male,Arts,8.1,70.4,58.3,53.4,37.9,High School,No,Yes,No,1
STU00042,21,Female,Humanities,11.0,77.7,84.2,80.6,62.8,Bachelor,Yes,No,Yes,0
STU00043,20,Female,Commerce,8.3,81.0,72.9,69.1,60.9,High School,Yes,No,No,0
STU00044,17,Female,Arts,12.3,73.1,79.2,79.0,67.9,Bachelor,Yes,Yes,No,0
STU00045,15,Male,Humanities,12.5,80.8,87.3,70.9,73.8,High School,Yes,Yes,Yes,0
STU00046,22,Female,STEM,15.1,94.6,60.9,63.0,62.6,Bachelor,Yes,No,No,0
STU00047,18,Non-binary,Humanities,8.1,93.2,80.9,74.0,76.3,Bachelor,Yes,Yes,No,0
STU00048,22,Female,STEM,7.6,94.4,72.8,60.7,65.3,High School,Yes,Yes,Yes,0
STU00049,20,Female,STEM,12.5,67.9,82.5,63.7,53.8,High School,Yes,No,No,0
STU00050,21,Female,STEM,11.9,95.3,69.9,64.2,47.4,High School,Yes,No,No,0
STU00051,21,Male,Arts,12.0,84.7,85.0,74.8,63.8,Bachelor,Yes,No,Yes,0
STU00052,16,Male,Commerce,9.8,81.6,62.8,77.7,64.3,High School,Yes,No,No,0
STU00053,17,Male,STEM,14.5,91.4,83.0,71.6,74.5,Bachelor,Yes,No,No,0
STU00054,18,Male,STEM,8.8,86.2,76.4,68.6,64.4,Bachelor,Yes,No,No,0
STU00055,18,Female,Commerce,11.3,66.7,69.6,85.1,66.2,Master,Yes,Yes,No,0
STU00056,15,Male,Arts,10.4,76.4,62.3,55.7,65.1,High School,Yes,Yes,No,0
STU00057,19,Female,STEM,10.8,80.5,70.1,73.7,64.7,High School,No,No,Yes,0
STU00058,16,Female,STEM,16.3,73.3,85.6,75.8,73.7,High School,No,No,No,0
STU00059,20,Female,Arts,5.9,87.2,86.5,73.6,79.6,Bachelor,Yes,Yes,No,0
STU00060,20,Female,Arts,2.2,89.1,88.8,86.1,58.7,High School,Yes,No,No,0
STU00061,22,Male,Arts,10.3,83.2,79.3,78.3,81.0,High School,Yes,No,Yes,0
STU00062,20,Male,STEM,7.8,82.5,74.5,68.3,45.3,High School,Yes,No,No,0
STU00063,17,Male,STEM,0.0,76.5,69.3,48.6,44.9,High School,Yes,No,No,1
STU00064,22,Male,Humanities,19.7,86.3,100.0,90.3,80.3,Master,Yes,Yes,No,0
STU00065,18,Male,STEM,15.5,92.5,85.2,75.9,63.1,High School,Yes,No,No,0
STU00066,17,Female,Arts,14.8,69.1,75.2,63.5,61.7,High School,Yes,Yes,No,0
STU00067,22,Female,STEM,11.7,85.8,72.9,72.1,60.6,High School,Yes,No,No,0
STU00068,17,Female,Commerce,13.7,84.9,75.4,67.4,71.9,High School,Yes,Yes,Yes,0
STU00069,15,Male,Arts,11.1,75.9,76.9,71.6,70.2,Master,Yes,No,No,0
STU00070,18,Non-binary,Arts,15.5,81.5,70.0,82.5,71.0,High School,Yes,Yes,Yes,0
STU00071,21,Female,Commerce,13.9,97.5,73.6,67.5,76.6,Bachelor,Yes,No,No,0
STU00072,16,Male,Arts,11.6,73.2,72.2,71.8,68.2,Master,Yes,Yes,Yes,0
STU00073,18,Male,STEM,12.0,80.7,70.2,56.2,57.8,Bachelor,Yes,Yes,No,0
STU00074,16,Male,Humanities,18.4,97.9,89.3,79.0,80.1,High School,Yes,Yes,No,0
STU00075,20,Male,STEM,13.8,72.6,81.1,57.1,58.4,Bachelor,Yes,No,No,0
STU00076,18,Male,Arts,8.4,76.7,73.8,85.3,58.7,High School,Yes,No,No,0
STU00077,17,Male,Arts,14.5,83.5,82.1,79.5,75.4,High School,Yes,No,No,0
STU00078,16,Male,STEM,15.2,86.7,79.6,78.9,62.0,Master,Yes,No,No,0
STU00079,19,Female,STEM,11.1,81.0,75.25,57.8,48.6,High School,Yes,Yes,No,1
STU00080,20,Male,Humanities,12.8,75.2,65.4,88.8,51.6,High School,Yes,No,No,0
STU00081,22,Female,STEM,7.0,83.3,78.6,64.6,63.6,High School,Yes,Yes,No,0
STU00082,18,Male,Commerce,12.3,80.9,66.0,59.4,54.4,High School,No,No,No,1
STU00083,16,Female,STEM,7.5,85.0,80.9,85.7,74.7,Bachelor,Yes,No,No,0
STU00084,21,Female,Commerce,11.9,91.3,86.1,67.0,68.6,Bachelor,Yes,No,Yes,0
STU00085,20,Female,Humanities,8.8,68.7,67.1,75.3,60.0,Bachelor,Yes,Yes,No,0
STU00086,20,Female,Humanities,15.4,91.8,73.8,74.6,70.9,High School,No,No,No,0
STU00087,15,Female,STEM,20.0,85.6,81.9,87.3,73.6,High School,Yes,No,Yes,0
STU00088,17,Female,Arts,7.9,86.8,72.6,54.9,55.6,High School,Yes,No,No,1
STU00089,21,Female,Commerce,11.8,85.9,82.0,95.6,72.4,Bachelor,Yes,Yes,No,0
STU00090,21,Female,Humanities,11.6,98.7,55.0,59.5,59.0,Bachelor,Yes,No,Yes,0
STU00091,18,Male,Humanities,13.9,82.9,69.3,65.9,60.2,Bachelor,Yes,Yes,No,0
STU00092,21,Male,Arts,13.4,79.4,65.4,73.6,67.4,Master,Yes,No,No,0
STU00093,21,Male,Commerce,10.1,79.0,47.8,52.5,38.6,Bachelor,Yes,Yes,Yes,1
STU00094,18,Female,Commerce,13.4,74.3,69.4,74.4,54.2,High School,Yes,No,No,0
STU00095,22,Female,Commerce,8.8,87.0,58.7,51.0,67.9,Bachelor,No,Yes,No,1
STU00096,17,Male,Arts,19.0,78.3,75.6,81.1,69.1,Bachelor,Yes,Yes,Yes,0
STU00097,16,Female,STEM,8.2,86.7,68.3,59.9,52.8,Master,Yes,Yes,No,0
STU00098,20,Female,Commerce,12.2,80.3,79.3,67.8,66.1,High School,No,No,No,0
STU00099,20,Male,Humanities,15.3,69.4,72.2,66.8,68.6,Bachelor,Yes,No,No,0
STU00100,16,Male,Humanities,15.0,95.3,63.3,72.1,73.2,High School,Yes,No,No,0
STU00101,21,Female,Arts,11.7,56.9,72.8,67.8,54.2,Bachelor,Yes,No,Yes,0
STU00102,16,Male,Arts,19.2,84.6,100.0,89.6,79.8,Master,Yes,No,No,0
STU00103,21,Female,Humanities,2.4,79.6,78.1,66.2,58.1,Master,Yes,Yes,No,0
STU00104,15,Male,Humanities,8.1,61.8,74.5,76.6,63.9,High School,Yes,No,No,0
STU00105,21,Female,Arts,12.3,86.8,76.2,68.2,68.4,High School,Yes,Yes,No,0
STU00106,21,Female,Arts,9.0,77.3,66.8,66.7,53.6,Bachelor,Yes,No,Yes,0
STU00107,21,Male,Commerce,7.6,80.0,65.7,55.6,52.6,Bachelor,Yes,Yes,Yes,1
STU00108,20,Female,STEM,10.9,94.2,79.3,71.0,67.5,Master,Yes,No,Yes,0
STU00109,18,Male,STEM,9.5,84.0,62.2,72.0,72.2,High School,Yes,No,Yes,0
STU00110,20,Female,Arts,14.7,82.4,79.4,58.1,63.8,Bachelor,Yes,Yes,Yes,0
STU00111,17,Male,Commerce,17.1,82.9,72.4,69.0,90.7,Bachelor,Yes,No,No,0
STU00112,21,Male,Commerce,12.2,98.3,61.6,64.3,61.6,High School,Yes,Yes,Yes,0
STU00113,19,Male,Commerce,17.7,89.8,74.3,80.9,61.6,High School,Yes,No,Yes,0
STU00114,18,Male,Humanities,6.8,74.6,82.0,72.1,69.1,Bachelor,Yes,No,Yes,0
STU00115,19,Female,Humanities,13.3,78.7,76.7,60.6,70.9,High School,Yes,No,No,0
STU00116,19,Male,Commerce,19.1,77.7,43.9,77.1,64.7,Bachelor,Yes,No,Yes,0
STU00117,15,Female,STEM,15.4,79.9,70.4,77.8,69.5,Bachelor,No,No,No,0
STU00118,16,Male,Commerce,19.5,100.0,93.7,86.7,81.2,High School,Yes,No,Yes,0
STU00119,16,Male,Commerce,7.1,80.5,68.1,51.7,53.6,High School,No,Yes,Yes,1
STU00120,15,Male,Commerce,17.1,82.4,82.3,76.3,54.6,Master,Yes,No,No,0
STU00121,18,Male,STEM,12.3,85.0,71.1,77.4,73.1,Bachelor,Yes,No,No,0
STU00122,20,Male,Commerce,14.5,80.0,78.3,76.4,67.0,Bachelor,Yes,Yes,No,0
STU00123,20,Female,STEM,17.7,89.1,81.2,79.6,82.9,Bachelor,Yes,Yes,No,0
STU00124,18,Male,STEM,8.2,78.4,64.9,55.5,52.2,Bachelor,Yes,Yes,No,0
STU00125,21,Male,Humanities,1.4,90.8,74.7,66.0,60.7,Master,No,Yes,Yes,1
STU00126,19,Female,STEM,20.1,78.4,95.6,88.9,89.8,Bachelor,Yes,Yes,No,0
STU00127,15,Male,Arts,14.0,75.6,79.0,74.1,77.4,Bachelor,Yes,Yes,Yes,0
STU00128,21,Female,Arts,10.5,88.8,76.5,70.2,72.9,High School,No,No,No,0
STU00129,19,Female,STEM,10.3,65.2,61.6,58.9,41.2,High School,No,No,No,1
STU00130,20,Female,Commerce,2.4,76.3,76.0,55.3,46.9,Bachelor,Yes,Yes,No,1
STU00131,19,Female,Humanities,13.9,89.3,73.0,61.0,69.9,High School,Yes,No,No,0
STU00132,19,Male,Commerce,10.6,63.8,75.6,65.7,55.6,Bachelor,Yes,No,No,0
STU00133,15,Male,Arts,12.0,82.5,82.8,61.1,66.2,Master,Yes,Yes,No,0
STU00134,19,Male,Humanities,9.9,69.1,80.5,76.0,67.2,High School,No,Yes,No,1
STU00135,21,Male,STEM,0.0,61.8,71.7,51.9,51.2,High School,No,No,No,1
STU00136,17,Female,STEM,14.0,74.4,84.6,75.3,62.5,Bachelor,Yes,Yes,No,0
STU00137,19,Female,Humanities,12.7,82.8,63.2,67.1,69.2,High School,Yes,Yes,Yes,0
STU00138,15,Female,Arts,14.5,79.5,67.8,65.0,59.3,Bachelor,Yes,No,Yes,0
STU00139,17,Male,Humanities,9.0,89.5,60.7,52.8,60.6,Bachelor,No,Yes,No,1
STU00140,18,Female,Humanities,13.2,83.2,61.8,69.1,61.1,High School,Yes,No,No,0
STU00141,22,Male,STEM,13.8,78.9,91.0,96.2,92.3,Bachelor,Yes,No,No,0
STU00142,16,Male,Arts,11.0,71.1,62.0,72.3,70.1,Bachelor,No,Yes,No,0
STU00143,17,Male,STEM,15.1,85.2,66.8,81.9,84.1,High School,Yes,No,No,0
STU00144,18,Male,Commerce,12.3,98.6,78.4,63.4,80.0,High School,No,No,No,0
STU00145,22,Female,Commerce,21.3,80.6,74.2,80.3,72.2,High School,Yes,No,No,0
STU00146,21,Male,STEM,9.7,76.3,94.7,76.7,67.8,Master,Yes,No,No,0
STU00147,15,Male,STEM,11.3,73.2,69.8,80.3,57.4,High School,Yes,No,No,0
STU00148,16,Male,Humanities,19.4,94.8,75.25,93.2,84.9,High School,Yes,Yes,No,0
STU00149,21,Male,STEM,11.1,89.0,68.1,66.5,63.9,High School,Yes,Yes,No,0
STU00150,15,Male,Commerce,16.0,80.2,61.0,51.7,57.5,High School,Yes,Yes,No,0
STU00151,21,Non-binary,Commerce,13.6,77.9,68.1,61.3,55.4,High School,Yes,No,No,0
STU00152,17,Female,STEM,10.8,73.9,65.2,71.3,63.7,Bachelor,Yes,Yes,No,0
STU00153,22,Male,Humanities,17.4,82.1,71.9,73.9,66.2,High School,Yes,No,No,0
STU00154,17,Male,STEM,15.3,82.4,63.6,69.6,62.6,Bachelor,Yes,No,No,0
STU00155,18,Female,STEM,6.1,79.7,71.5,68.8,62.2,High School,Yes,No,No,0
STU00156,20,Male,Commerce,13.8,93.1,75.5,83.2,72.6,High School,Yes,No,No,0
STU00157,16,Female,Commerce,7.3,74.1,54.4,51.3,40.2,High School,Yes,Yes,No,1
STU00158,19,Male,Commerce,17.5,68.0,77.1,83.7,65.1,Bachelor,Yes,Yes,Yes,0
STU00159,19,Female,STEM,20.9,100.0,93.3,100.0,92.2,Master,Yes,No,No,0
STU00160,21,Female,Humanities,21.4,87.9,95.4,100.0,86.6,High School,Yes,No,No,0
STU00161,22,Male,Humanities,14.6,89.4,54.4,61.3,46.3,Master,Yes,No,No,0
STU00162,20,Female,Arts,10.9,75.2,75.25,68.8,65.6,High School,Yes,No,No,0
STU00163,18,Female,Commerce,14.4,72.2,61.0,74.3,61.9,Bachelor,Yes,No,No,0
STU00164,18,Female,Arts,8.8,81.8,66.1,64.6,52.5,Bachelor,Yes,No,No,0
STU00165,18,Male,STEM,22.4,70.7,94.2,90.0,75.9,High School,Yes,Yes,No,0
STU00166,21,Male,Humanities,12.3,82.7,72.7,64.1,67.9,High School,Yes,No,No,0
STU00167,17,Male,Commerce,14.4,91.3,74.1,67.3,52.4,High School,Yes,No,No,0
STU00168,16,Female,Humanities,17.5,88.1,72.2,71.2,72.3,Bachelor,Yes,No,No,0
STU00169,17,Male,Commerce,9.6,83.0,89.7,65.8,75.0,High School,Yes,Yes,No,0
STU00170,15,Female,Humanities,8.0,96.1,52.1,58.1,62.5,Master,Yes,No,Yes,1
STU00171,15,Male,Arts,1.8,80.4,61.5,61.6,62.0,High School,Yes,Yes,No,0
STU00172,15,Female,STEM,12.2,66.9,63.2,63.5,52.0,Master,Yes,Yes,No,0
STU00173,21,Female,Arts,10.9,80.3,56.6,44.8,59.2,High School,Yes,Yes,No,0
STU00174,20,Female,Humanities,15.3,98.9,92.3,82.4,81.7,Bachelor,Yes,No,No,0
STU00175,20,Male,Humanities,11.9,81.5,56.8,65.8,53.2,High School,Yes,Yes,Yes,0
STU00176,18,Male,Humanities,13.9,97.8,75.3,75.8,75.1,High School,Yes,Yes,No,0
STU00177,20,Female,STEM,15.4,91.7,78.9,71.7,74.3,High School,Yes,Yes,No,0
STU00178,16,Male,Arts,6.4,76.2,62.1,50.3,62.9,Bachelor,Yes,No,No,1
STU00179,22,Male,Arts,16.9,75.6,60.0,77.7,73.3,High School,Yes,No,No,0
STU00180,19,Female,Arts,11.2,86.4,73.7,73.3,62.1,Bachelor,Yes,No,Yes,0
STU00181,22,Male,Arts,13.3,94.7,71.2,66.2,69.2,Master,No,No,Yes,0
STU00182,16,Male,Commerce,17.6,73.9,85.5,70.8,72.8,High School,Yes,No,Yes,0
STU00183,18,Female,Humanities,17.6,82.4,85.2,84.5,78.6,High School,Yes,No,No,0
STU00184,20,Male,Arts,10.4,64.9,89.5,69.5,63.7,High School,No,Yes,No,1
STU00185,18,Female,STEM,13.8,80.1,77.1,77.9,81.7,High School,Yes,No,No,0
STU00186,18,Male,Commerce,17.0,71.0,82.3,82.0,67.6,High School,Yes,No,No,0
STU00187,16,Female,Humanities,6.2,83.9,67.5,78.8,75.4,Bachelor,Yes,No,No,0
STU00188,18,Male,Commerce,8.7,75.0,88.1,73.6,57.9,High School,Yes,No,No,0
STU00189,16,Female,Humanities,10.5,90.6,75.9,86.7,69.5,High School,Yes,Yes,No,0
STU00190,17,Male,Humanities,7.0,75.4,68.8,64.3,63.9,Bachelor,Yes,No,No,0
STU00191,20,Male,STEM,11.8,78.9,79.6,68.5,58.7,High School,Yes,No,Yes,0
STU00192,20,Female,Humanities,11.5,68.9,65.3,58.6,51.6,Bachelor,Yes,No,No,1
STU00193,19,Male,Humanities,11.4,86.9,70.7,62.3,66.7,Master,No,No,Yes,0
STU00194,17,Non-binary,STEM,11.5,85.7,80.9,77.5,58.3,High School,Yes,Yes,No,0
STU00195,22,Male,STEM,17.8,92.1,88.9,85.6,87.4,Bachelor,Yes,No,No,0
STU00196,15,Female,Humanities,13.6,88.0,83.5,62.8,78.6,Bachelor,No,No,No,0
STU00197,17,Male,STEM,12.7,87.5,76.0,81.3,81.7,Bachelor,Yes,No,Yes,0
STU00198,15,Female,Commerce,10.3,86.0,77.3,82.9,72.7,Bachelor,Yes,Yes,No,0
STU00199,17,Female,STEM,11.6,87.4,85.5,61.4,64.4,Bachelor,Yes,Yes,No,0
STU00200,22,Male,Humanities,12.9,89.7,66.5,77.2,65.0,Bachelor,Yes,No,No,0
STU00201,17,Male,STEM,23.1,74.8,81.8,100.0,83.1,Bachelor,Yes,Yes,No,0
STU00202,22,Male,Humanities,3.2,74.3,37.6,31.1,38.0,Bachelor,No,Yes,No,1
STU00203,18,Female,Humanities,7.6,67.0,75.8,63.7,56.4,Bachelor,Yes,Yes,No,1
STU00204,20,Male,Commerce,8.2,82.9,64.6,56.3,68.0,Bachelor,Yes,No,No,0
STU00205,18,Male,Humanities,14.2,96.0,72.2,80.9,70.5,High School,Yes,No,No,0
STU00206,17,Female,Humanities,14.0,90.1,77.1,71.8,79.8,Bachelor,Yes,No,No,0
STU00207,21,Male,STEM,10.4,76.4,78.8,68.3,65.3,High School,Yes,No,No,0
STU00208,22,Female,Humanities,15.8,87.8,100.0,90.8,83.0,High School,Yes,Yes,No,0
STU00209,17,Female,Humanities,13.5,87.5,61.8,80.1,70.4,High School,Yes,Yes,Yes,0
STU00210,21,Male,Commerce,16.0,85.7,70.4,73.8,71.9,High School,Yes,Yes,No,0
STU00211,17,Non-binary,Humanities,16.4,73.6,78.8,74.7,68.0,Bachelor,No,No,No,0
STU00212,20,Female,Commerce,3.4,88.7,62.8,54.7,58.6,High School,Yes,No,No,1
STU00213,21,Female,Humanities,12.9,73.0,82.1,81.4,74.9,Bachelor,No,Yes,No,0
STU00214,18,Female,STEM,6.0,76.4,67.6,51.4,65.6,Bachelor,Yes,Yes,No,1
STU00215,20,Male,STEM,14.1,92.6,87.8,79.9,76.4,High School,Yes,No,Yes,0
STU00216,17,Female,STEM,12.7,79.3,72.5,64.1,57.7,High School,Yes,No,No,0
STU00217,15,Male,Humanities,12.9,83.0,81.4,66.2,62.6,Bachelor,Yes,No,No,0
STU00218,15,Non-binary,Commerce,7.6,81.0,61.9,45.7,68.9,Bachelor,Yes,No,No,1
STU00219,18,Female,Commerce,16.4,86.5,98.7,83.3,66.9,High School,Yes,Yes,Yes,0
STU00220,22,Male,Humanities,7.2,80.8,54.2,65.9,47.5,High School,Yes,No,No,1
STU00221,16,Male,STEM,15.2,85.2,71.1,57.8,63.5,High School,Yes,Yes,No,0
STU00222,18,Male,Arts,6.6,80.2,56.4,62.0,50.6,High School,Yes,No,No,0
STU00223,20,Female,STEM,11.7,76.7,81.7,69.4,72.3,High School,Yes,Yes,Yes,0
STU00224,16,Female,Humanities,21.1,75.7,85.9,78.4,80.1,Master,Yes,No,Yes,0
STU00225,20,Female,Arts,23.6,95.2,74.5,87.2,75.6,High School,Yes,No,No,0
STU00226,17,Male,Humanities,5.7,87.5,81.5,78.4,78.8,High School,Yes,No,No,0
STU00227,21,Male,STEM,8.6,83.2,65.8,76.1,55.8,Master,Yes,Yes,No,0
STU00228,19,Female,STEM,8.6,83.1,76.6,71.2,60.1,Bachelor,No,No,No,0
STU00229,19,Female,Commerce,19.9,78.2,86.4,85.2,88.1,High School,No,Yes,No,0
STU00230,16,Male,STEM,12.7,64.8,69.3,73.3,53.0,Bachelor,Yes,No,Yes,0
STU00231,18,Female,Commerce,16.6,82.1,87.6,100.0,83.4,Master,Yes,Yes,No,0
STU00232,21,Female,Humanities,14.3,67.9,75.25,70.9,74.6,High School,Yes,No,No,0
STU00233,15,Male,STEM,6.4,81.0,74.0,74.4,45.7,High School,Yes,Yes,No,0
STU00234,21,Female,STEM,3.4,88.6,67.3,54.3,53.5,Master,Yes,Yes,No,1
STU00235,18,Female,Commerce,8.2,75.4,52.1,50.8,56.7,High School,No,No,No,1
STU00236,20,Female,Humanities,21.4,81.8,80.8,72.1,79.1,Master,No,No,No,0
STU00237,20,Female,Commerce,13.0,74.4,65.4,68.8,62.1,High School,Yes,Yes,No,0
STU00238,18,Male,Humanities,16.5,84.4,92.9,86.8,80.4,Master,Yes,Yes,No,0
STU00239,17,Male,STEM,5.4,78.8,55.7,60.4,55.5,High School,Yes,Yes,No,0
STU00240,20,Male,Humanities,10.3,73.1,84.1,67.0,59.5,Bachelor,Yes,Yes,No,0
STU00241,16,Female,Humanities,16.5,91.3,78.7,75.1,78.0,Master,Yes,No,No,0
STU00242,19,Male,Humanities,8.1,100.0,80.1,64.8,69.3,High School,Yes,No,No,0
STU00243,15,Female,Commerce,12.7,93.8,64.4,70.6,57.6,High School,Yes,No,Yes,0
STU00244,20,Male,Arts,7.0,78.9,67.5,66.0,56.1,Bachelor,No,No,No,1
STU00245,20,Female,Commerce,16.7,83.1,72.2,71.1,58.1,Bachelor,Yes,No,No,0
STU00246,15,Male,Humanities,14.8,79.2,97.6,100.0,84.0,High School,Yes,No,No,0
STU00247,21,Female,Humanities,14.1,78.7,69.0,71.3,68.3,Master,No,No,No,0
STU00248,18,Female,Commerce,16.9,93.9,92.9,86.2,82.4,High School,Yes,No,Yes,0
STU00249,21,Male,STEM,10.8,91.5,87.9,87.2,80.1,High School,Yes,Yes,Yes,0
STU00250,15,Female,Commerce,16.3,74.6,88.0,75.5,73.1,High School,Yes,Yes,No,0
STU00251,16,Female,Arts,10.3,84.2,68.3,62.9,66.7,Master,Yes,No,No,0
STU00252,18,Male,STEM,15.8,92.6,98.3,88.9,81.7,High School,Yes,No,No,0
STU00253,16,Male,Arts,0.9,76.2,85.6,52.7,62.1,Bachelor,No,Yes,Yes,1
STU00254,17,Female,Commerce,9.6,81.2,76.7,68.2,55.5,High School,Yes,No,Yes,0
STU00255,20,Male,Humanities,22.2,92.2,80.3,100.0,73.8,Master,Yes,Yes,No,0
STU00256,16,Male,Arts,15.7,91.5,71.3,89.0,74.8,Bachelor,Yes,No,Yes,0
STU00257,20,Male,STEM,14.6,86.6,82.7,85.5,79.9,High School,Yes,Yes,No,0
STU00258,15,Male,STEM,7.3,81.9,72.1,74.9,62.2,High School,No,No,No,1
STU00259,16,Male,STEM,8.1,83.4,74.3,71.3,68.9,High School,Yes,No,No,0
STU00260,19,Male,Humanities,10.6,79.1,59.9,60.2,59.3,High School,Yes,Yes,No,0
STU00261,21,Male,Humanities,12.7,75.4,74.4,85.6,55.1,Bachelor,Yes,No,Yes,0
STU00262,16,Male,Arts,21.6,73.9,91.9,82.5,94.2,Bachelor,Yes,No,No,0
STU00263,17,Female,STEM,15.6,88.4,87.3,89.2,69.6,High School,No,No,No,0
STU00264,22,Female,STEM,13.5,83.5,72.4,68.4,59.1,Bachelor,Yes,No,No,0
STU00265,22,Female,Commerce,12.1,85.7,74.8,68.4,74.2,High School,Yes,Yes,No,0
STU00266,19,Male,STEM,16.4,77.3,62.6,75.5,65.2,High School,Yes,No,No,0
STU00267,18,Female,Commerce,7.1,82.6,64.8,78.2,57.6,High School,Yes,No,Yes,0
STU00268,17,Male,Humanities,4.4,79.2,65.3,70.7,55.6,High School,Yes,No,No,0
STU00269,19,Male,Arts,16.3,82.4,87.7,85.1,73.1,Bachelor,Yes,No,Yes,0
STU00270,19,Non-binary,Commerce,13.3,91.4,71.0,72.1,62.3,High School,Yes,No,Yes,0
STU00271,17,Female,STEM,3.9,72.4,56.5,61.0,57.2,Bachelor,No,Yes,No,1
STU00272,15,Male,STEM,2.4,83.7,75.8,72.7,59.0,High School,Yes,Yes,Yes,0
STU00273,16,Male,STEM,15.8,79.7,73.2,61.2,56.7,Bachelor,Yes,Yes,Yes,0
STU00274,22,Female,Arts,9.5,62.0,60.4,61.6,48.4,High School,Yes,Yes,Yes,0
STU00275,18,Male,Commerce,14.8,97.1,88.6,72.7,74.1,High School,Yes,No,No,0
STU00276,18,Female,Humanities,10.6,78.4,77.8,69.9,60.0,High School,Yes,Yes,No,0
STU00277,18,Male,STEM,12.8,90.7,75.5,63.0,63.9,High School,Yes,No,No,0
STU00278,21,Male,Arts,10.3,77.9,69.4,53.1,59.9,High School,Yes,No,Yes,0
STU00279,15,Female,STEM,11.5,77.3,77.4,61.9,59.6,High School,Yes,Yes,Yes,0
STU00280,15,Female,Commerce,15.6,79.2,82.5,74.9,64.8,Bachelor,Yes,No,No,0
STU00281,17,Female,Commerce,10.6,85.4,76.8,75.9,63.3,High School,Yes,Yes,Yes,0
STU00282,18,Female,STEM,8.3,81.7,73.4,60.6,70.4,Bachelor,No,Yes,No,0
STU00283,20,Male,Humanities,15.7,89.6,73.4,68.4,83.5,Bachelor,Yes,No,Yes,0
STU00284,18,Female,STEM,12.8,78.4,69.4,72.1,65.3,Bachelor,No,Yes,No,0
STU00285,18,Female,Humanities,6.7,81.9,69.3,65.8,65.3,Bachelor,Yes,Yes,Yes,0
STU00286,22,Male,Arts,12.9,75.7,64.7,81.9,59.0,High School,Yes,No,No,0
STU00287,16,Male,Commerce,9.4,92.6,64.6,71.9,60.0,Bachelor,Yes,Yes,No,0
STU00288,19,Male,Commerce,11.9,73.4,72.2,62.4,64.2,Bachelor,Yes,Yes,Yes,0
STU00289,19,Male,Humanities,19.5,78.8,89.9,81.5,60.4,Bachelor,Yes,No,No,0
STU00290,18,Female,STEM,14.6,79.8,55.8,72.1,67.0,High School,Yes,No,No,0
STU00291,21,Male,Commerce,22.7,100.0,83.1,80.3,76.4,Bachelor,Yes,No,No,0
STU00292,17,Female,Humanities,14.0,82.4,80.8,74.2,63.8,High School,Yes,No,No,0
STU00293,22,Male,STEM,11.1,76.8,83.9,61.3,67.2,High School,Yes,Yes,Yes,0
STU00294,17,Non-binary,Humanities,12.9,89.0,95.3,71.6,84.4,High School,Yes,No,No,0
STU00295,19,Male,Commerce,12.4,88.3,74.1,82.1,68.5,High School,Yes,Yes,Yes,0
STU00296,19,Male,Commerce,13.3,84.8,96.4,84.3,79.9,Bachelor,Yes,Yes,No,0
STU00297,21,Male,STEM,6.5,85.1,76.2,61.4,64.7,Master,No,No,No,1
STU00298,18,Female,Arts,12.0,84.5,83.7,72.0,71.3,High School,Yes,No,Yes,0
STU00299,17,Male,Humanities,8.5,81.8,61.7,75.8,54.9,Bachelor,Yes,Yes,No,0
STU00300,15,Male,STEM,16.4,71.6,80.6,74.1,70.5,Bachelor,Yes,Yes,No,0
STU00301,17,Non-binary,STEM,3.1,91.5,79.5,68.0,65.4,Master,Yes,Yes,Yes,0
STU00302,21,Male,Commerce,13.7,82.4,68.8,78.0,47.6,Bachelor,Yes,No,No,0
STU00303,15,Female,Humanities,5.0,69.0,40.9,60.5,52.7,High School,Yes,Yes,No,1
STU00304,22,Male,Humanities,14.9,79.3,78.1,69.7,57.1,High School,Yes,No,No,0
STU00305,19,Female,STEM,10.0,77.4,70.4,56.5,59.4,Bachelor,Yes,Yes,No,0
STU00306,16,Female,Commerce,1.6,70.9,78.2,53.1,65.0,High School,No,Yes,No,1
STU00307,17,Female,Commerce,17.2,90.6,75.4,83.7,72.7,Master,Yes,No,No,0
STU00308,19,Male,STEM,1.7,85.2,61.0,70.3,50.0,Master,Yes,No,No,0
STU00309,17,Female,Arts,11.7,66.2,59.6,70.8,62.1,Master,Yes,Yes,No,0
STU00310,15,Female,STEM,16.1,79.7,71.3,69.5,76.0,High School,Yes,No,No,0
STU00311,20,Female,STEM,19.2,81.7,100.0,100.0,78.2,Bachelor,Yes,No,No,0
STU00312,20,Male,Humanities,5.8,79.8,54.0,51.9,34.1,Bachelor,Yes,No,Yes,1
STU00313,15,Male,Commerce,10.7,95.1,63.6,58.7,69.3,High School,Yes,No,No,0
STU00314,17,Female,STEM,17.9,78.1,78.1,77.2,77.1,High School,Yes,No,No,0
STU00315,16,Female,Humanities,18.2,97.3,100.0,85.4,86.9,High School,Yes,No,No,0
STU00316,20,Male,STEM,18.8,85.9,88.4,79.8,64.4,High School,Yes,No,Yes,0
STU00317,20,Female,Humanities,23.3,99.7,100.0,100.0,95.8,Master,Yes,Yes,No,0
STU00318,20,Male,Commerce,10.7,80.9,70.0,64.1,69.0,Bachelor,Yes,No,Yes,0
STU00319,22,Female,Arts,14.7,79.8,62.7,56.7,74.2,High School,Yes,No,No,0
STU00320,21,Male,Humanities,11.4,81.5,70.0,73.7,63.1,Bachelor,Yes,No,No,0
STU00321,17,Female,Commerce,2.9,88.2,68.3,51.3,56.1,High School,Yes,Yes,No,1
STU00322,15,Male,Humanities,12.6,83.5,75.9,65.6,50.4,High School,Yes,No,No,0
STU00323,19,Female,STEM,4.0,80.1,66.5,64.9,64.2,High School,Yes,No,No,0
STU00324,22,Male,STEM,10.7,86.5,81.0,67.4,73.8,Bachelor,Yes,No,No,0
STU00325,22,Non-binary,Arts,5.2,71.9,60.6,54.4,54.3,Bachelor,Yes,Yes,No,1
STU00326,16,Male,STEM,13.0,87.1,67.6,70.1,73.5,Bachelor,No,No,Yes,0
STU00327,16,Female,Commerce,9.5,75.8,59.8,60.1,50.4,Master,Yes,No,No,0
STU00328,15,Female,STEM,3.8,90.1,72.7,58.5,57.8,High School,Yes,Yes,No,1
STU00329,16,Male,Commerce,16.9,89.6,81.4,61.5,68.0,Bachelor,Yes,No,Yes,0
STU00330,19,Male,STEM,9.1,86.2,84.7,71.7,76.4,High School,Yes,Yes,No,0
STU00331,19,Female,Arts,11.1,65.3,86.2,88.9,79.0,High School,Yes,No,No,0
STU00332,17,Female,Commerce,8.6,86.1,61.3,67.1,62.3,Bachelor,Yes,No,No,0
STU00333,17,Female,STEM,17.0,82.8,79.2,76.3,73.6,High School,Yes,Yes,No,0
STU00334,21,Male,Commerce,14.2,71.5,72.3,76.9,70.0,High School,Yes,No,No,0
STU00335,18,Male,Commerce,10.2,81.9,58.3,67.5,56.9,High School,Yes,No,No,0
STU00336,21,Male,STEM,3.2,67.9,60.1,48.8,57.4,High School,Yes,Yes,Yes,1
STU00337,22,Male,STEM,24.3,92.4,100.0,100.0,87.5,Master,Yes,No,No,0
STU00338,17,Female,Commerce,20.7,97.4,78.6,84.4,81.7,High School,Yes,Yes,No,0
STU00339,16,Female,Commerce,18.3,70.5,69.2,73.8,62.0,Bachelor,Yes,Yes,No,0
STU00340,22,Female,STEM,9.8,82.8,73.0,81.4,74.4,Master,Yes,No,Yes,0
STU00341,20,Male,Arts,9.5,79.6,81.8,55.7,61.2,Bachelor,Yes,Yes,No,0
STU00342,17,Female,STEM,14.8,67.3,70.9,63.8,75.7,High School,Yes,No,No,0
STU00343,19,Female,STEM,9.0,88.0,75.4,74.0,66.0,Master,Yes,No,No,0
STU00344,19,Female,Humanities,8.5,85.4,50.3,62.4,61.7,High School,Yes,No,No,0
STU00345,22,Female,STEM,19.6,100.0,90.4,100.0,82.5,High School,Yes,No,No,0
STU00346,17,Male,STEM,12.8,86.3,78.8,56.5,62.1,Bachelor,Yes,No,No,0
STU00347,22,Female,Humanities,6.0,72.3,77.3,73.3,62.3,High School,No,No,No,1
STU00348,22,Female,STEM,17.3,88.5,61.8,61.9,65.9,Bachelor,Yes,No,No,0
STU00349,16,Male,STEM,10.4,91.6,72.9,72.6,61.9,High School,Yes,No,No,0
STU00350,16,Female,Commerce,4.1,74.7,77.2,63.7,55.3,Bachelor,Yes,No,No,0
STU00351,19,Female,Humanities,6.7,86.4,66.5,69.1,61.9,Bachelor,Yes,Yes,No,0
STU00352,15,Female,Commerce,10.7,62.6,70.3,66.5,61.7,Master,Yes,No,No,0
STU00353,17,Male,Humanities,14.0,94.7,75.2,82.3,72.9,High School,Yes,No,No,0
STU00354,18,Female,Humanities,12.6,90.7,73.6,65.4,64.9,High School,Yes,Yes,Yes,0
STU00355,22,Male,STEM,12.3,64.0,86.7,82.4,62.9,Master,Yes,Yes,No,0
STU00356,22,Male,Commerce,10.7,84.5,60.4,65.5,63.5,Bachelor,Yes,Yes,No,0
STU00357,16,Male,STEM,9.7,65.1,69.1,80.2,68.6,High School,Yes,Yes,No,0
STU00358,22,Female,STEM,18.6,80.1,82.1,89.1,83.4,High School,Yes,No,No,0
STU00359,15,Male,Commerce,17.4,91.9,90.6,86.5,81.3,Bachelor,Yes,No,Yes,0
STU00360,20,Female,Commerce,10.8,82.4,73.0,74.8,62.0,Bachelor,Yes,Yes,Yes,0
STU00361,21,Female,Commerce,14.3,93.1,88.9,89.4,77.0,Bachelor,Yes,No,No,0
STU00362,22,Male,STEM,10.9,84.0,74.1,73.3,67.6,Master,Yes,No,Yes,0
STU00363,16,Female,STEM,7.8,79.8,72.6,58.0,58.9,High School,Yes,No,No,1
STU00364,22,Female,Humanities,21.7,95.2,86.0,92.6,77.6,High School,Yes,Yes,No,0
STU00365,15,Female,Commerce,7.4,79.2,77.5,67.8,51.4,Bachelor,No,Yes,Yes,1
STU00366,19,Female,Humanities,14.3,82.8,82.4,75.0,67.0,Master,Yes,No,No,0
STU00367,18,Female,STEM,6.2,80.2,59.2,52.2,50.6,High School,Yes,No,No,1
STU00368,17,Male,STEM,16.3,83.4,80.7,83.9,76.4,Bachelor,Yes,No,No,0
STU00369,15,Male,Humanities,7.6,89.3,78.8,72.9,64.3,High School,Yes,No,No,0
STU00370,21,Female,Commerce,20.6,80.5,95.8,83.1,78.3,High School,Yes,No,No,0
STU00371,17,Male,STEM,19.1,80.6,70.0,68.7,68.1,Master,No,No,Yes,0
STU00372,20,Female,STEM,13.5,74.2,79.8,90.9,83.8,High School,No,No,No,0
STU00373,18,Female,STEM,13.5,65.5,69.1,77.8,62.8,High School,Yes,No,No,0
STU00374,17,Female,STEM,12.2,94.0,79.7,75.0,60.5,Bachelor,Yes,No,No,0
STU00375,22,Female,Humanities,11.6,74.6,62.4,70.7,55.9,High School,Yes,Yes,No,0
STU00376,15,Female,STEM,14.8,81.4,76.9,72.1,81.0,High School,Yes,No,No,0
STU00377,20,Female,Commerce,12.2,94.6,81.2,73.6,81.5,Bachelor,Yes,Yes,No,0
STU00378,20,Female,Commerce,14.2,81.9,67.0,70.9,71.4,High School,No,Yes,No,0
STU00379,18,Male,Arts,8.9,84.7,87.8,82.0,77.2,Bachelor,Yes,No,No,0
STU00380,17,Female,Arts,19.9,74.2,63.8,64.3,68.2,High School,Yes,No,No,0
STU00381,15,Female,STEM,11.1,92.8,82.1,66.0,66.9,High School,Yes,No,No,0
STU00382,22,Female,STEM,9.6,79.9,48.5,47.6,55.7,Bachelor,Yes,No,No,1
STU00383,22,Male,STEM,13.4,76.5,72.3,79.1,73.8,High School,Yes,Yes,Yes,0
STU00384,16,Female,Commerce,13.7,76.6,79.9,75.2,74.6,Master,Yes,Yes,Yes,0
STU00385,15,Male,STEM,4.0,91.9,78.3,57.3,56.9,Master,Yes,Yes,No,1
STU00386,15,Female,Humanities,10.8,76.8,75.25,67.5,60.3,Bachelor,Yes,No,No,0
STU00387,15,Female,STEM,2.0,69.5,62.4,50.2,44.2,High School,Yes,Yes,No,1
STU00388,21,Male,STEM,8.8,79.1,77.7,58.2,68.0,High School,Yes,Yes,Yes,0
STU00389,22,Female,Commerce,10.2,83.6,83.5,83.9,74.2,Master,Yes,No,Yes,0
STU00390,16,Female,Commerce,13.1,83.7,90.0,78.7,76.6,High School,Yes,Yes,No,0
STU00391,20,Female,Humanities,9.5,84.4,60.8,73.1,65.8,Bachelor,Yes,No,No,0
STU00392,16,Non-binary,Arts,9.3,82.7,71.2,55.7,49.4,Bachelor,Yes,Yes,No,0
STU00393,17,Male,STEM,16.9,89.4,58.4,73.9,72.2,High School,No,No,No,0
STU00394,19,Male,STEM,22.3,84.5,69.6,69.3,65.9,High School,Yes,No,No,0
STU00395,20,Non-binary,Humanities,8.9,97.2,69.0,85.4,67.1,Bachelor,Yes,No,No,0
STU00396,21,Female,Commerce,14.4,79.2,84.9,65.2,62.2,Bachelor,No,Yes,No,0
STU00397,15,Non-binary,Humanities,11.5,92.6,72.2,84.5,71.8,High School,No,Yes,No,0
STU00398,16,Female,STEM,4.0,75.6,64.7,58.4,53.6,Bachelor,Yes,Yes,Yes,1
STU00399,17,Male,Arts,8.2,68.9,72.3,65.1,49.4,Bachelor,Yes,Yes,No,0
STU00400,17,Female,STEM,0.0,65.3,55.7,54.8,33.7,High School,Yes,No,Yes,1
STU00401,22,Female,Humanities,13.3,85.0,56.7,57.6,56.5,High School,Yes,Yes,No,0
STU00402,21,Male,Commerce,7.0,89.0,65.4,72.1,67.1,Bachelor,Yes,Yes,No,0
STU00403,17,Female,Arts,10.4,72.1,70.5,75.0,68.3,Bachelor,No,Yes,No,0
STU00404,22,Non-binary,Commerce,24.6,80.7,88.9,92.2,89.8,Master,Yes,No,No,0
STU00405,18,Female,Arts,20.2,88.8,80.6,85.5,76.3,High School,Yes,No,No,0
STU00406,19,Male,STEM,9.5,82.9,77.9,85.9,68.0,Master,Yes,No,Yes,0
STU00407,18,Non-binary,Commerce,8.5,75.7,80.3,75.7,65.4,Bachelor,Yes,No,No,0
STU00408,16,Female,Commerce,17.6,74.3,88.8,78.1,79.4,Bachelor,Yes,Yes,No,0
STU00409,22,Male,Humanities,7.3,82.4,73.3,72.0,75.0,High School,Yes,Yes,No,0
STU00410,15,Male,Humanities,14.3,88.3,66.8,66.5,61.6,High School,No,Yes,No,0
STU00411,16,Male,Arts,25.3,91.9,74.7,80.6,75.8,Bachelor,Yes,No,No,0
STU00412,16,Female,STEM,14.8,83.5,66.0,75.1,66.6,High School,Yes,Yes,No,0
STU00413,17,Male,Humanities,17.1,75.8,66.8,65.8,61.6,High School,Yes,Yes,No,0
STU00414,16,Male,Arts,15.8,86.2,75.25,78.7,68.6,Master,No,No,No,0
STU00415,15,Female,Arts,10.5,83.2,93.1,83.8,74.1,High School,Yes,No,No,0
STU00416,20,Female,Arts,13.1,72.0,75.8,88.8,64.8,Master,Yes,Yes,No,0
STU00417,22,Female,Arts,8.7,78.1,70.9,71.6,67.8,Bachelor,Yes,No,No,0
STU00418,15,Male,STEM,17.6,89.5,90.5,73.3,86.2,Bachelor,Yes,Yes,Yes,0
STU00419,17,Female,Arts,6.9,79.1,62.3,50.1,51.0,High School,Yes,Yes,No,1
STU00420,19,Male,Humanities,15.0,69.7,85.0,93.6,86.7,Bachelor,Yes,Yes,Yes,0
STU00421,22,Non-binary,Commerce,18.1,79.6,88.8,79.8,74.8,Bachelor,Yes,No,No,0
STU00422,20,Female,Humanities,7.6,74.4,70.7,53.0,50.9,Master,No,Yes,No,1
STU00423,21,Female,Commerce,7.8,84.6,93.4,67.6,73.9,High School,No,No,No,1
STU00424,19,Male,Humanities,12.2,100.0,90.3,85.4,72.3,High School,Yes,No,No,0
STU00425,18,Female,Commerce,7.0,80.8,71.5,65.8,65.2,Master,No,No,No,1
STU00426,16,Male,STEM,12.5,74.6,72.4,76.5,67.6,High School,Yes,Yes,Yes,0
STU00427,21,Male,STEM,7.7,80.8,67.2,63.4,56.4,Bachelor,Yes,Yes,Yes,0
STU00428,21,Male,Humanities,7.2,81.9,70.1,55.6,54.1,High School,No,No,Yes,1
STU00429,15,Female,STEM,14.3,89.1,75.25,61.2,60.4,High School,Yes,Yes,No,0
STU00430,20,Male,Commerce,15.8,93.6,77.2,70.4,78.1,Bachelor,Yes,No,No,0
STU00431,15,Male,STEM,10.5,92.5,74.1,70.9,65.7,Bachelor,Yes,Yes,No,0
STU00432,20,Female,Humanities,12.3,85.4,59.1,48.3,54.3,Bachelor,Yes,No,Yes,1
STU00433,21,Male,STEM,18.3,86.8,75.1,86.8,75.0,High School,Yes,No,Yes,0
STU00434,16,Male,STEM,9.0,94.5,59.6,53.7,55.9,Bachelor,No,No,Yes,1
STU00435,18,Male,Commerce,22.3,83.9,87.3,75.6,79.1,Master,Yes,No,No,0
STU00436,15,Female,STEM,11.2,82.1,75.3,71.2,69.6,High School,Yes,Yes,No,0
STU00437,19,Female,STEM,12.4,82.2,74.2,78.1,69.3,High School,Yes,Yes,Yes,0
STU00438,22,Female,STEM,9.9,64.0,78.4,83.1,64.9,High School,Yes,Yes,No,0
STU00439,15,Female,STEM,14.1,95.1,70.9,59.5,57.6,Bachelor,Yes,No,Yes,0
STU00440,18,Female,Commerce,27.4,94.3,82.2,100.0,83.0,High School,Yes,Yes,No,0
STU00441,22,Non-binary,STEM,10.2,62.2,54.5,62.2,50.4,Bachelor,Yes,Yes,No,1
STU00442,17,Female,Humanities,17.5,92.5,91.7,80.5,79.0,High School,Yes,Yes,No,0
STU00443,16,Male,Commerce,12.2,81.7,75.25,80.4,58.7,Bachelor,Yes,Yes,Yes,0
STU00444,18,Female,Humanities,18.3,94.7,95.9,99.1,90.9,Bachelor,Yes,No,Yes,0
STU00445,19,Female,Humanities,4.3,81.1,84.9,54.5,62.4,Bachelor,Yes,No,Yes,1
STU00446,20,Female,STEM,21.8,75.6,76.7,80.0,69.0,High School,Yes,No,No,0
STU00447,17,Female,Arts,13.3,82.8,69.1,66.4,57.4,High School,Yes,Yes,No,0
STU00448,22,Male,Humanities,11.8,74.7,55.3,67.9,53.0,Bachelor,Yes,No,No,0
STU00449,19,Male,STEM,17.1,74.5,66.2,85.3,59.6,High School,Yes,No,No,0
STU00450,17,Male,Arts,11.6,90.8,73.4,71.4,65.0,Bachelor,No,No,Yes,0
STU00451,22,Female,Commerce,5.8,82.3,49.8,51.5,48.5,High School,No,No,No,1
STU00452,22,Male,Commerce,2.1,89.5,58.5,57.2,60.1,High School,Yes,No,No,1
STU00453,18,Female,Arts,21.2,83.0,81.3,83.0,79.8,High School,Yes,No,No,0
STU00454,15,Male,STEM,12.0,74.3,82.3,57.9,71.6,Bachelor,Yes,No,No,0
STU00455,19,Male,Commerce,8.2,85.4,65.8,67.8,62.0,Master,No,No,No,0
STU00456,19,Female,Commerce,10.6,74.7,73.7,77.7,59.3,High School,Yes,No,No,0
STU00457,16,Female,Humanities,19.6,84.9,100.0,100.0,99.0,High School,Yes,No,Yes,0
STU00458,20,Female,STEM,7.6,86.2,54.6,48.7,49.8,High School,No,Yes,Yes,1
STU00459,21,Female,STEM,14.7,84.2,88.4,85.8,65.6,Master,Yes,Yes,Yes,0
STU00460,15,Male,Arts,11.5,79.9,78.0,85.0,72.2,Bachelor,Yes,No,Yes,0
STU00461,20,Male,STEM,7.4,70.7,81.8,90.2,58.3,High School,Yes,No,Yes,0
STU00462,16,Non-binary,STEM,13.9,90.4,88.0,83.7,75.9,Bachelor,No,Yes,No,0
STU00463,20,Female,Commerce,16.8,81.2,71.8,83.7,68.0,Bachelor,Yes,Yes,No,0
STU00464,18,Male,Commerce,6.7,84.6,71.7,56.7,62.5,Bachelor,No,Yes,No,1
STU00465,15,Female,STEM,11.6,87.7,61.4,56.4,65.4,High School,Yes,Yes,Yes,0
STU00466,22,Male,Commerce,13.4,93.4,73.4,80.7,69.3,Bachelor,Yes,No,Yes,0
STU00467,16,Female,Humanities,13.0,82.6,76.2,57.3,60.3,Bachelor,No,No,Yes,1
STU00468,19,Female,Commerce,21.9,85.7,86.3,89.2,86.0,High School,Yes,No,Yes,0
STU00469,16,Male,STEM,10.3,72.4,79.5,83.5,63.2,High School,Yes,Yes,No,0
STU00470,22,Female,STEM,11.5,79.4,89.9,83.8,74.2,High School,Yes,No,Yes,0
STU00471,20,Female,Commerce,11.0,86.3,70.9,74.7,70.2,High School,Yes,Yes,Yes,0
STU00472,21,Male,STEM,7.6,73.5,81.3,69.5,58.2,High School,Yes,Yes,No,0
STU00473,18,Female,Humanities,5.3,81.5,72.6,60.2,56.7,Bachelor,Yes,No,No,0
STU00474,18,Male,STEM,12.4,95.9,65.3,85.3,71.3,Bachelor,Yes,Yes,Yes,0
STU00475,20,Male,Commerce,13.4,79.1,73.9,82.9,78.9,High School,No,No,No,0
STU00476,21,Male,Arts,11.0,71.0,73.0,76.7,56.1,High School,No,No,No,0
STU00477,21,Male,Commerce,11.5,78.5,65.5,67.3,60.2,Bachelor,Yes,Yes,No,0
STU00478,15,Male,Arts,5.8,67.8,56.9,52.3,58.7,High School,No,Yes,No,1
STU00479,20,Male,Arts,12.9,93.1,67.4,78.2,75.5,High School,Yes,Yes,No,0
STU00480,15,Male,Humanities,12.6,82.9,70.3,68.0,62.4,Bachelor,Yes,Yes,No,0
STU00481,17,Male,Humanities,13.1,78.7,66.5,70.0,62.7,High School,No,No,Yes,0
STU00482,21,Female,Arts,14.5,78.6,88.5,85.7,78.4,High School,Yes,No,No,0
STU00483,17,Female,Arts,12.8,72.9,49.1,62.9,57.9,Bachelor,No,No,No,1
STU00484,21,Male,Arts,18.9,93.2,83.8,95.9,91.6,Bachelor,Yes,No,No,0
STU00485,18,Female,Commerce,15.6,98.3,86.6,70.6,82.5,High School,Yes,No,No,0
STU00486,16,Female,STEM,15.2,71.5,65.5,71.7,53.4,Bachelor,Yes,No,No,0
STU00487,17,Female,Arts,4.0,86.7,67.8,77.0,51.6,Master,Yes,Yes,No,0
STU00488,19,Male,Arts,16.5,82.1,75.0,84.1,68.6,High School,Yes,Yes,No,0
STU00489,21,Female,Commerce,10.5,91.5,75.2,68.8,53.8,Bachelor,Yes,Yes,No,0
STU00490,19,Male,Arts,12.2,67.4,78.6,80.2,76.4,High School,Yes,Yes,No,0
STU00491,22,Male,Humanities,7.3,81.7,77.2,67.4,52.9,High School,Yes,No,No,0
STU00492,21,Male,Arts,21.2,82.9,76.1,94.3,76.2,High School,Yes,Yes,No,0
STU00493,21,Female,STEM,12.3,84.7,53.0,57.5,44.9,High School,Yes,No,Yes,1
STU00494,19,Male,Arts,18.5,85.4,82.3,75.5,62.6,High School,Yes,Yes,No,0
STU00495,17,Male,STEM,14.9,83.5,71.0,75.2,76.3,Bachelor,Yes,No,No,0
STU00496,18,Female,STEM,3.2,77.2,62.1,59.8,49.6,High School,Yes,Yes,No,1
STU00497,15,Male,STEM,21.0,100.0,88.0,91.4,97.7,Master,Yes,Yes,Yes,0
STU00498,17,Female,Humanities,15.3,82.1,73.2,77.3,79.1,High School,Yes,No,No,0
STU00499,22,Non-binary,STEM,2.4,86.6,71.9,64.5,59.4,Bachelor,Yes,No,Yes,0
STU00500,18,Female,Arts,11.1,88.6,100.0,85.6,64.3,Bachelor,Yes,No,Yes,0
STU00501,15,Male,Humanities,15.4,90.6,86.3,75.0,71.8,High School,Yes,No,No,0
STU00502,20,Male,Arts,19.5,77.3,93.1,84.7,94.6,Bachelor,Yes,Yes,No,0
STU00503,22,Female,STEM,8.0,85.9,78.0,66.9,67.6,Bachelor,No,Yes,No,0
STU00504,21,Male,STEM,0.0,79.3,66.2,55.6,51.2,High School,Yes,Yes,No,1
STU00505,17,Female,Commerce,18.4,75.4,83.6,80.9,69.3,High School,Yes,Yes,No,0
STU00506,18,Male,Commerce,15.2,81.7,82.1,87.5,81.0,Bachelor,Yes,No,No,0
STU00507,19,Male,Humanities,1.0,95.4,78.4,53.7,61.8,Bachelor,No,No,No,1
STU00508,16,Female,Commerce,13.3,79.5,76.1,60.0,65.4,High School,Yes,Yes,No,0
STU00509,17,Female,Commerce,15.0,80.4,63.9,86.0,76.5,Bachelor,Yes,No,No,0
STU00510,16,Male,Humanities,11.5,85.4,60.7,58.4,66.1,High School,Yes,No,No,0
STU00511,22,Female,Arts,8.1,77.9,75.8,76.8,68.5,High School,Yes,Yes,Yes,0
STU00512,20,Male,Commerce,9.1,81.8,61.6,67.6,48.6,Bachelor,Yes,Yes,No,0
STU00513,21,Male,Commerce,11.5,78.2,80.7,67.7,59.0,Master,Yes,No,No,0
STU00514,21,Male,Humanities,14.6,86.4,91.3,81.1,72.0,High School,Yes,No,No,0
STU00515,22,Female,STEM,15.3,83.0,75.5,73.5,68.7,High School,Yes,Yes,No,0
STU00516,15,Male,STEM,3.3,93.7,83.2,68.9,76.5,High School,Yes,No,No,0
STU00517,22,Male,Commerce,11.0,81.9,76.9,65.6,79.0,Bachelor,No,Yes,No,0
STU00518,15,Female,Commerce,15.2,83.7,78.1,75.5,73.2,High School,Yes,No,Yes,0
STU00519,18,Female,STEM,13.8,93.0,79.5,75.7,75.9,High School,Yes,No,Yes,0
STU00520,19,Female,Commerce,10.0,70.0,62.6,73.0,49.1,High School,Yes,Yes,No,0
STU00521,17,Female,STEM,17.4,98.0,73.0,73.7,69.4,Master,No,No,No,0
STU00522,16,Male,STEM,19.0,77.2,62.8,66.4,59.8,High School,Yes,No,No,0
STU00523,16,Female,Arts,11.4,93.3,69.7,64.5,60.2,Bachelor,Yes,No,Yes,0
STU00524,21,Male,Humanities,12.6,95.9,99.9,86.8,85.5,High School,Yes,No,Yes,0
STU00525,17,Female,STEM,16.5,81.8,63.4,57.5,57.7,High School,Yes,No,Yes,0
STU00526,17,Female,Humanities,15.6,80.2,65.6,81.3,54.6,High School,No,Yes,No,0
STU00527,22,Female,Humanities,8.1,79.4,63.5,62.6,63.7,High School,Yes,Yes,No,0
STU00528,16,Male,Commerce,8.3,87.3,65.8,67.2,69.9,High School,Yes,No,Yes,0
STU00529,22,Male,Arts,14.2,75.0,77.8,72.1,70.7,High School,Yes,No,No,0
STU00530,22,Female,Humanities,6.7,78.7,64.2,55.9,53.9,High School,Yes,Yes,No,1
STU00531,19,Male,Humanities,4.2,76.0,65.9,50.6,46.0,High School,Yes,No,No,1
STU00532,16,Female,Humanities,7.3,82.4,61.0,54.9,47.1,High School,No,No,Yes,1
STU00533,16,Female,Humanities,13.7,74.4,69.9,59.5,68.0,High School,Yes,Yes,No,0
STU00534,17,Female,STEM,16.8,85.2,78.7,81.7,68.3,High School,No,Yes,No,0
STU00535,19,Non-binary,STEM,9.8,83.9,72.5,67.1,77.6,High School,Yes,No,Yes,0
STU00536,16,Male,Arts,11.2,77.5,93.3,67.0,75.8,Bachelor,Yes,Yes,Yes,0
STU00537,18,Male,Humanities,13.7,83.4,76.3,69.5,69.6,Master,Yes,No,No,0
STU00538,15,Female,Humanities,10.1,76.0,70.2,72.9,82.2,Bachelor,Yes,No,No,0
STU00539,19,Female,STEM,8.5,90.9,49.4,66.9,66.3,High School,Yes,Yes,No,0
STU00540,15,Male,Commerce,14.5,82.3,79.4,66.4,64.4,Master,Yes,No,No,0
STU00541,20,Female,STEM,6.4,90.3,52.9,73.1,51.9,Master,Yes,Yes,Yes,1
STU00542,15,Male,Humanities,7.5,66.4,73.7,58.7,53.8,High School,No,No,No,1
STU00543,16,Male,Commerce,10.9,84.1,76.1,57.6,61.7,High School,Yes,Yes,No,0
STU00544,16,Female,Humanities,14.5,87.9,86.2,93.8,73.5,High School,Yes,No,No,0
STU00545,21,Male,Arts,4.2,79.4,62.3,49.3,43.6,Master,No,No,Yes,1
STU00546,15,Non-binary,STEM,12.4,77.9,74.7,84.4,71.2,Bachelor,Yes,No,No,0
STU00547,18,Female,Commerce,6.0,78.1,76.4,60.7,66.0,Bachelor,Yes,Yes,No,0
STU00548,19,Male,Arts,8.7,88.5,64.7,61.3,72.9,Bachelor,Yes,Yes,Yes,0
STU00549,19,Male,Humanities,16.5,74.3,82.8,70.0,69.5,Master,Yes,No,No,0
STU00550,20,Female,Commerce,11.5,87.4,81.5,84.5,77.2,High School,Yes,Yes,No,0
STU00551,21,Male,Humanities,17.3,86.9,78.7,88.6,63.3,High School,No,Yes,No,0
STU00552,18,Female,Commerce,12.7,82.2,91.4,74.8,78.7,Bachelor,Yes,No,Yes,0
STU00553,21,Male,Arts,15.4,83.8,83.1,78.7,65.9,High School,No,No,Yes,0
STU00554,17,Male,Commerce,16.6,84.6,62.3,76.6,69.0,High School,Yes,No,No,0
STU00555,22,Male,Arts,11.7,95.1,87.6,73.5,72.9,High School,Yes,Yes,No,0
STU00556,19,Male,Humanities,7.1,84.6,65.4,73.2,60.4,High School,Yes,No,Yes,0
STU00557,20,Male,Humanities,12.5,82.4,82.2,74.9,58.3,High School,Yes,No,Yes,0
STU00558,22,Female,STEM,10.6,77.9,76.0,66.7,58.4,Bachelor,Yes,No,No,0
STU00559,21,Female,Commerce,9.2,71.6,44.2,42.3,38.2,High School,Yes,Yes,No,1
STU00560,21,Female,Arts,13.7,69.6,79.6,65.5,60.1,Bachelor,Yes,No,Yes,0
STU00561,19,Male,Commerce,5.3,69.7,65.1,64.8,63.8,High School,Yes,Yes,No,1
STU00562,15,Female,STEM,9.1,81.7,68.2,67.6,59.2,Master,Yes,No,No,0
STU00563,18,Female,Humanities,8.4,92.6,70.5,72.5,60.9,Bachelor,Yes,No,Yes,0
STU00564,16,Male,Commerce,11.9,91.9,85.0,71.8,75.9,Master,Yes,No,Yes,0
STU00565,22,Female,Arts,8.3,71.1,60.7,48.3,53.4,High School,Yes,Yes,No,0
STU00566,16,Female,STEM,9.8,74.6,82.9,69.1,79.6,High School,Yes,No,No,0
STU00567,16,Female,STEM,13.6,75.2,59.5,83.0,71.7,Bachelor,Yes,No,No,0
STU00568,16,Female,Humanities,9.8,60.4,71.6,60.3,42.6,Bachelor,Yes,Yes,No,0
STU00569,20,Male,STEM,9.8,82.4,80.6,71.8,72.2,High School,No,Yes,No,0
STU00570,19,Female,Arts,8.0,86.6,80.5,50.7,65.5,Bachelor,Yes,No,No,0
STU00571,22,Female,Humanities,9.3,78.8,74.2,64.5,73.6,Bachelor,Yes,No,No,0
STU00572,18,Non-binary,Humanities,20.2,75.5,77.7,78.9,70.8,High School,No,No,No,0
STU00573,17,Male,STEM,8.7,73.8,65.3,66.6,66.4,Bachelor,Yes,Yes,No,0
STU00574,15,Male,Humanities,2.3,77.0,54.4,72.1,45.2,High School,Yes,Yes,Yes,1
STU00575,15,Male,Arts,13.3,88.7,70.6,59.3,65.4,High School,Yes,Yes,No,0
STU00576,17,Male,Humanities,9.8,79.5,63.2,72.1,50.0,Master,Yes,No,No,0
STU00577,22,Female,STEM,14.1,88.0,66.7,68.9,55.7,High School,Yes,No,No,0
STU00578,19,Male,STEM,12.6,83.6,93.9,73.1,79.2,Bachelor,Yes,No,Yes,0
STU00579,22,Male,Arts,15.5,85.5,61.2,62.8,62.1,Bachelor,Yes,No,No,0
STU00580,15,Female,Arts,9.4,73.3,82.4,80.5,59.3,Master,No,Yes,No,0
STU00581,15,Female,STEM,10.0,77.6,60.2,58.1,61.7,High School,No,No,Yes,1
STU00582,21,Female,Commerce,17.0,74.2,66.9,77.3,47.5,High School,Yes,Yes,No,0
STU00583,15,Male,STEM,0.0,81.4,55.5,48.6,41.8,High School,No,Yes,No,1
STU00584,15,Male,Humanities,5.8,76.9,58.2,47.7,38.4,Bachelor,Yes,Yes,No,1
STU00585,18,Male,STEM,6.1,50.6,72.9,61.9,62.0,High School,No,Yes,No,1
STU00586,22,Female,Commerce,4.2,82.3,75.1,65.7,57.8,Bachelor,Yes,Yes,No,0
STU00587,20,Female,Arts,10.8,91.3,73.9,84.0,71.6,High School,Yes,No,Yes,0
STU00588,15,Female,STEM,8.4,73.9,97.6,72.0,72.0,High School,No,No,No,0
STU00589,21,Male,Humanities,17.4,88.3,80.3,79.6,80.0,Master,Yes,No,No,0
STU00590,21,Male,STEM,11.4,82.1,75.2,78.7,73.2,Bachelor,Yes,Yes,Yes,0
STU00591,21,Male,STEM,12.0,65.1,64.5,77.3,67.2,High School,Yes,No,No,0
STU00592,22,Male,STEM,10.1,96.8,68.8,61.9,61.8,Bachelor,Yes,Yes,No,0
STU00593,16,Male,STEM,12.3,78.2,65.2,60.9,63.0,High School,Yes,Yes,No,0
STU00594,22,Non-binary,Arts,15.8,85.3,87.1,90.5,73.7,Bachelor,Yes,Yes,No,0
STU00595,17,Female,STEM,17.2,79.3,84.1,85.9,72.6,High School,Yes,Yes,No,0
STU00596,21,Female,Arts,7.5,77.6,83.6,79.1,57.3,Bachelor,Yes,No,No,0
STU00597,19,Female,STEM,20.3,87.0,75.2,90.5,89.0,High School,Yes,No,No,0
STU00598,21,Female,Humanities,8.8,72.2,76.4,73.5,56.9,High School,Yes,Yes,No,0
STU00599,20,Female,Humanities,9.6,94.5,79.0,72.3,79.0,Bachelor,Yes,No,No,0
STU00600,20,Female,Arts,13.9,89.6,82.5,72.0,75.0,High School,Yes,Yes,No,0
STU00601,19,Male,STEM,14.3,87.2,69.3,70.0,67.8,High School,Yes,Yes,No,0
STU00602,21,Female,STEM,12.7,81.2,75.25,66.8,64.7,High School,Yes,No,No,0
STU00603,20,Male,Commerce,11.4,75.6,78.6,82.5,61.7,High School,Yes,No,No,0
STU00604,16,Male,Commerce,18.3,95.1,91.4,87.7,93.1,Bachelor,Yes,No,Yes,0
STU00605,21,Male,Commerce,9.0,87.5,67.8,66.9,59.9,High School,Yes,Yes,Yes,0
STU00606,19,Male,STEM,12.7,81.1,81.5,67.7,74.4,Bachelor,Yes,No,Yes,0
STU00607,17,Female,STEM,19.4,76.7,91.4,97.1,77.8,Master,Yes,Yes,No,0
STU00608,19,Male,Commerce,5.8,66.6,63.4,53.8,41.4,High School,Yes,Yes,No,1
STU00609,22,Female,Commerce,9.7,81.2,58.8,59.9,70.6,Bachelor,Yes,Yes,No,0
STU00610,21,Male,Commerce,16.4,82.0,65.2,82.9,64.8,High School,Yes,Yes,No,0
STU00611,21,Female,STEM,14.2,94.5,72.7,80.4,75.2,High School,Yes,Yes,Yes,0
STU00612,18,Female,STEM,13.8,90.7,73.8,66.6,46.0,High School,No,Yes,No,0
STU00613,21,Male,Arts,7.0,82.1,71.0,56.0,57.5,High School,Yes,No,Yes,1
STU00614,18,Male,Commerce,13.2,81.9,75.8,72.0,71.5,High School,Yes,Yes,No,0
STU00615,20,Female,STEM,10.5,74.1,69.5,63.2,60.9,High School,Yes,Yes,Yes,0
STU00616,20,Male,Arts,23.2,97.5,93.6,80.9,82.8,Bachelor,Yes,No,Yes,0
STU00617,16,Female,Humanities,16.6,85.6,71.7,69.5,66.3,Bachelor,Yes,No,Yes,0
STU00618,17,Male,STEM,11.7,86.7,88.5,55.7,72.5,Master,Yes,Yes,No,0
STU00619,15,Female,Humanities,13.1,93.9,87.9,86.2,68.5,Bachelor,Yes,Yes,Yes,0
STU00620,16,Female,Commerce,12.0,77.5,82.7,82.1,69.3,Bachelor,Yes,Yes,No,0
STU00621,18,Female,Humanities,16.1,77.2,70.5,85.7,80.4,High School,Yes,No,No,0
STU00622,18,Female,Humanities,7.9,99.9,74.7,70.1,57.0,Bachelor,Yes,Yes,No,0
STU00623,16,Female,Commerce,17.9,91.4,88.8,81.1,77.5,High School,Yes,Yes,Yes,0
STU00624,18,Female,STEM,7.0,77.5,68.3,71.6,53.2,Master,Yes,No,No,0
STU00625,19,Female,Arts,13.9,94.8,72.3,67.2,69.9,Master,Yes,No,Yes,0
STU00626,16,Female,Humanities,8.1,77.8,63.8,52.0,54.6,High School,Yes,Yes,No,0
STU00627,17,Male,Humanities,12.0,84.6,68.7,67.9,57.3,Bachelor,Yes,Yes,No,0
STU00628,17,Female,Commerce,16.2,79.3,66.0,75.8,66.7,Bachelor,Yes,Yes,No,0
STU00629,19,Male,Commerce,2.1,79.4,95.7,63.9,65.3,Bachelor,No,Yes,Yes,1
STU00630,17,Male,Humanities,11.0,79.4,54.2,53.1,49.3,High School,Yes,Yes,No,1
STU00631,20,Female,Commerce,6.5,73.5,59.2,72.1,49.4,Bachelor,Yes,No,No,1
STU00632,17,Male,Arts,11.7,85.8,81.6,77.9,66.3,Bachelor,Yes,No,Yes,0
STU00633,18,Female,Commerce,6.5,74.4,62.4,59.1,38.6,High School,Yes,No,No,1
STU00634,18,Female,Commerce,13.7,87.4,74.0,94.5,81.4,Bachelor,Yes,No,No,0
STU00635,16,Male,STEM,9.1,78.3,76.0,68.1,71.8,High School,No,No,No,0
STU00636,20,Male,Humanities,15.2,69.7,85.1,86.0,60.6,Master,Yes,Yes,No,0
STU00637,16,Male,Humanities,18.5,82.4,79.4,69.5,80.8,High School,Yes,No,Yes,0
STU00638,17,Female,STEM,9.8,88.1,84.0,78.3,74.0,High School,No,Yes,Yes,0
STU00639,21,Male,Commerce,15.8,100.0,64.9,67.9,60.0,High School,Yes,Yes,No,0
STU00640,22,Female,STEM,18.0,84.8,74.1,78.1,70.2,Bachelor,Yes,Yes,No,0
STU00641,20,Female,STEM,8.9,84.1,78.1,83.4,64.8,Bachelor,Yes,No,Yes,0
STU00642,22,Female,STEM,19.5,89.2,100.0,88.5,90.6,High School,Yes,No,No,0
STU00643,21,Non-binary,STEM,10.8,89.6,66.2,56.2,53.6,High School,No,No,No,1
STU00644,18,Female,STEM,8.6,90.1,62.9,53.5,72.1,Bachelor,Yes,No,Yes,0
STU00645,21,Male,Commerce,14.3,87.6,81.4,78.7,80.8,High School,Yes,No,Yes,0
STU00646,17,Male,Humanities,11.5,81.5,75.1,72.4,57.7,High School,Yes,Yes,No,0
STU00647,18,Male,STEM,5.5,85.8,63.8,60.4,68.6,Master,Yes,Yes,No,0
STU00648,19,Male,STEM,8.0,82.4,59.3,50.2,57.9,High School,Yes,No,No,0
STU00649,22,Male,Commerce,20.4,77.5,75.2,97.5,76.5,Bachelor,Yes,No,Yes,0
STU00650,21,Female,STEM,14.3,71.0,79.6,88.3,76.5,High School,Yes,No,No,0
STU00651,18,Female,Humanities,18.5,82.6,76.7,80.9,79.5,Bachelor,Yes,Yes,No,0
STU00652,20,Male,Humanities,11.1,82.6,86.2,63.8,61.8,Bachelor,Yes,No,No,0
STU00653,16,Female,Humanities,8.2,100.0,74.8,80.4,76.5,High School,Yes,Yes,No,0
STU00654,21,Female,Arts,5.4,80.1,75.7,74.1,60.6,Bachelor,Yes,No,Yes,0
STU00655,19,Female,Commerce,17.4,84.8,82.5,82.1,80.7,Master,Yes,No,No,0
STU00656,19,Female,Arts,14.8,80.0,72.7,83.6,69.3,Bachelor,Yes,No,No,0
STU00657,21,Female,Arts,10.0,88.1,83.2,69.5,61.4,High School,Yes,Yes,Yes,0
STU00658,20,Female,STEM,9.4,83.1,61.2,55.2,60.7,High School,Yes,No,No,0
STU00659,15,Male,STEM,14.9,78.2,70.8,74.5,64.0,Master,No,Yes,No,0
STU00660,17,Female,STEM,11.0,75.5,68.7,55.6,59.0,High School,Yes,Yes,Yes,0
STU00661,16,Non-binary,Humanities,11.1,80.4,77.8,63.3,66.8,High School,Yes,Yes,Yes,0
STU00662,20,Non-binary,Humanities,9.1,73.9,77.4,74.2,75.1,High School,Yes,Yes,No,0
STU00663,15,Female,STEM,8.0,78.4,63.1,64.1,54.8,Bachelor,No,Yes,No,0
STU00664,16,Male,STEM,15.5,84.7,68.7,61.9,57.9,High School,Yes,No,No,0
STU00665,19,Male,Humanities,5.4,75.0,69.3,58.9,67.7,High School,Yes,Yes,No,1
STU00666,20,Male,Commerce,12.2,95.7,62.8,56.0,60.9,Bachelor,Yes,Yes,Yes,0
STU00667,19,Female,Commerce,14.1,92.2,88.9,76.6,71.3,High School,No,Yes,No,0
STU00668,21,Female,Arts,12.6,80.4,72.9,66.9,66.9,High School,Yes,No,No,0
STU00669,22,Female,STEM,16.5,78.3,65.9,80.7,65.5,High School,Yes,Yes,Yes,0
STU00670,16,Male,Humanities,19.0,86.9,69.5,75.9,68.6,High School,Yes,No,Yes,0
STU00671,22,Non-binary,Arts,15.9,82.7,81.3,77.1,90.0,Master,Yes,Yes,No,0
STU00672,19,Male,Commerce,10.6,80.9,76.6,68.0,57.9,High School,Yes,No,No,0
STU00673,20,Male,Humanities,10.8,78.3,65.6,52.6,46.5,Bachelor,No,No,No,1
STU00674,15,Non-binary,Humanities,12.6,73.9,72.6,70.7,72.6,High School,No,No,No,0
STU00675,19,Male,STEM,10.9,83.8,63.3,69.3,59.3,High School,Yes,No,Yes,0
STU00676,20,Female,Arts,10.7,80.6,71.2,70.7,66.3,High School,Yes,No,Yes,0
STU00677,19,Male,Commerce,9.3,78.7,87.0,79.9,74.9,Bachelor,Yes,Yes,No,0
STU00678,15,Female,Humanities,23.2,87.8,100.0,100.0,76.9,High School,Yes,Yes,No,0
STU00679,19,Female,Humanities,11.8,83.4,73.1,88.5,79.0,High School,Yes,No,Yes,0
STU00680,22,Male,Humanities,17.8,85.2,84.4,73.5,69.4,Master,Yes,No,No,0
STU00681,20,Male,STEM,9.1,77.5,75.8,71.0,77.4,High School,Yes,No,No,0
STU00682,16,Female,Commerce,19.5,90.3,65.3,78.6,65.4,Master,Yes,Yes,Yes,0
STU00683,22,Male,Humanities,10.1,75.4,60.7,60.9,67.6,High School,Yes,Yes,No,0
STU00684,22,Female,STEM,13.2,73.8,51.0,57.4,66.1,High School,Yes,No,No,1
STU00685,16,Female,Humanities,4.8,71.6,71.8,66.6,54.8,Bachelor,Yes,No,No,0
STU00686,21,Female,Arts,16.8,80.7,97.8,90.7,79.8,High School,Yes,Yes,Yes,0
STU00687,18,Male,Humanities,17.8,74.3,88.4,75.9,70.9,High School,Yes,Yes,No,0
STU00688,19,Male,Humanities,7.7,68.5,69.3,50.3,64.1,High School,Yes,No,Yes,1
STU00689,18,Female,Commerce,18.3,88.9,80.3,77.3,75.5,High School,Yes,No,No,0
STU00690,21,Female,Commerce,7.0,89.9,69.5,58.6,63.6,Bachelor,Yes,No,No,1
STU00691,22,Female,Commerce,12.6,86.7,87.1,82.9,73.6,High School,No,Yes,No,0
STU00692,21,Female,Arts,10.5,77.5,75.1,63.0,65.5,Master,Yes,Yes,No,0
STU00693,22,Male,STEM,17.8,70.9,77.6,78.1,73.6,High School,Yes,Yes,No,0
STU00694,22,Male,Arts,14.1,84.5,66.1,56.6,56.6,High School,Yes,No,No,0
STU00695,15,Male,Arts,16.0,70.9,81.6,66.9,79.1,High School,Yes,Yes,No,0
STU00696,17,Female,Humanities,17.4,85.7,78.4,73.3,69.9,Bachelor,Yes,Yes,Yes,0
STU00697,20,Male,Commerce,10.5,76.9,76.8,69.1,71.6,Master,Yes,Yes,Yes,0
STU00698,19,Female,STEM,11.7,63.6,80.8,67.7,54.3,Bachelor,Yes,Yes,No,0
STU00699,15,Female,Humanities,8.0,92.0,57.9,61.0,62.9,High School,Yes,No,No,0
STU00700,15,Male,STEM,10.4,71.2,68.5,53.7,63.6,High School,Yes,Yes,No,0
STU00701,19,Male,STEM,21.7,83.5,78.2,82.3,77.6,Bachelor,Yes,No,No,0
STU00702,19,Male,Arts,16.4,84.9,73.7,74.6,77.2,High School,Yes,No,Yes,0
STU00703,16,Male,STEM,7.1,76.0,58.9,47.7,45.8,Bachelor,Yes,Yes,No,1
STU00704,16,Male,Humanities,20.3,91.5,76.1,83.4,79.6,High School,Yes,No,Yes,0
STU00705,16,Male,STEM,14.8,77.3,65.1,53.2,47.7,High School,Yes,No,No,0
STU00706,19,Female,Humanities,16.7,87.2,88.0,77.5,76.5,High School,Yes,No,No,0
STU00707,15,Female,Humanities,15.2,86.0,82.1,85.0,69.4,High School,Yes,No,No,0
STU00708,19,Female,STEM,12.9,71.4,76.5,55.8,59.9,Master,No,No,No,1
STU00709,18,Female,Commerce,4.0,80.3,49.4,57.0,59.6,Bachelor,Yes,No,No,1
STU00710,18,Female,Arts,18.0,76.3,97.8,79.5,89.6,Master,Yes,No,No,0
STU00711,20,Female,Humanities,1.7,68.0,60.1,49.2,38.3,Bachelor,Yes,Yes,No,1
STU00712,19,Male,Arts,17.6,88.8,98.2,99.8,94.7,High School,Yes,No,Yes,0
STU00713,20,Male,Commerce,13.4,79.4,83.0,72.1,78.9,High School,Yes,No,No,0
STU00714,21,Male,Commerce,15.6,86.6,76.4,89.5,77.2,High School,Yes,Yes,No,0
STU00715,22,Female,STEM,11.7,84.9,95.9,78.6,84.7,Bachelor,No,No,No,0
STU00716,21,Male,STEM,17.7,73.1,75.25,81.1,69.8,High School,Yes,No,No,0
STU00717,19,Female,Arts,11.9,87.9,74.0,78.1,65.6,Master,Yes,Yes,No,0
STU00718,18,Female,Humanities,12.3,85.3,73.6,78.2,66.2,Bachelor,Yes,No,No,0
STU00719,16,Female,Humanities,14.8,78.6,86.7,81.5,78.6,Bachelor,Yes,No,No,0
STU00720,19,Female,Commerce,20.3,84.6,76.5,78.0,72.7,Bachelor,Yes,Yes,No,0
STU00721,16,Female,STEM,14.5,89.3,74.7,62.2,61.2,Bachelor,Yes,Yes,No,0
STU00722,22,Male,Commerce,7.1,79.2,64.8,50.0,49.2,Bachelor,Yes,No,Yes,1
STU00723,21,Male,STEM,9.3,97.7,68.9,76.7,67.9,Bachelor,Yes,Yes,No,0
STU00724,15,Male,Arts,13.7,94.7,72.2,86.2,67.4,High School,No,No,No,0
STU00725,21,Female,STEM,17.5,87.4,98.1,89.4,87.2,Bachelor,Yes,Yes,Yes,0
STU00726,15,Male,STEM,8.6,78.6,81.8,57.1,70.1,High School,Yes,Yes,No,0
STU00727,20,Male,Commerce,21.9,85.0,85.5,81.4,84.8,Bachelor,Yes,Yes,No,0
STU00728,15,Female,STEM,12.6,79.5,69.5,63.6,82.5,Bachelor,Yes,Yes,Yes,0
STU00729,18,Male,Arts,14.9,84.3,72.2,69.4,69.7,High School,Yes,No,No,0
STU00730,20,Male,Commerce,6.2,86.9,68.1,55.4,69.4,Bachelor,Yes,Yes,Yes,1
STU00731,20,Female,STEM,16.8,73.4,94.6,90.2,79.8,High School,Yes,Yes,No,0
STU00732,18,Female,STEM,11.0,86.7,78.2,74.3,66.6,High School,Yes,No,No,0
STU00733,22,Male,Arts,9.6,88.4,82.1,85.1,73.5,Bachelor,Yes,No,No,0
STU00734,21,Female,Commerce,10.4,85.9,76.7,67.8,66.9,Bachelor,Yes,Yes,No,0
STU00735,16,Female,Arts,19.2,84.2,72.1,80.2,71.3,Bachelor,Yes,No,No,0
STU00736,20,Female,STEM,13.9,89.1,79.1,81.8,65.5,High School,Yes,Yes,Yes,0
STU00737,20,Male,Arts,9.0,91.0,64.0,71.9,56.6,High School,Yes,No,No,0
STU00738,17,Female,Humanities,10.6,80.9,85.7,65.3,74.7,Bachelor,Yes,No,No,0
STU00739,20,Female,Commerce,19.3,85.5,73.8,82.7,79.5,High School,Yes,No,No,0
STU00740,22,Female,Humanities,11.9,99.0,73.0,72.1,81.7,High School,Yes,No,No,0
STU00741,21,Male,STEM,15.5,88.0,87.1,83.7,73.8,High School,Yes,No,Yes,0
STU00742,21,Male,Arts,15.4,77.5,69.6,73.7,62.8,High School,Yes,Yes,Yes,0
STU00743,20,Male,Arts,0.0,85.6,64.6,67.8,48.8,Master,Yes,No,Yes,0
STU00744,17,Female,Humanities,18.7,88.2,55.1,63.2,69.9,High School,Yes,No,No,0
STU00745,21,Female,Arts,8.0,75.0,67.3,72.1,49.9,High School,Yes,Yes,No,0
STU00746,17,Male,STEM,11.4,72.9,78.5,66.3,63.5,Master,Yes,No,No,0
STU00747,19,Female,STEM,19.9,87.5,75.9,78.7,76.0,Master,Yes,No,No,0
STU00748,17,Male,STEM,19.5,86.9,87.3,88.1,68.8,High School,Yes,No,Yes,0
STU00749,17,Male,Humanities,12.0,72.0,72.7,67.3,67.8,Master,No,Yes,No,0
STU00750,16,Female,STEM,16.3,85.2,89.8,91.4,86.6,High School,Yes,No,Yes,0
STU00751,22,Non-binary,Humanities,16.2,84.7,71.4,74.9,70.9,Bachelor,Yes,Yes,Yes,0
STU00752,16,Male,STEM,19.4,84.8,78.8,81.0,74.0,High School,Yes,No,No,0
STU00753,15,Female,Commerce,18.8,91.0,67.4,65.4,67.2,High School,Yes,Yes,Yes,0
STU00754,22,Male,Commerce,13.5,70.6,72.7,87.1,78.6,High School,Yes,No,Yes,0
STU00755,19,Female,Commerce,8.5,71.5,65.9,63.6,57.8,Bachelor,Yes,Yes,No,0
STU00756,18,Male,STEM,11.9,78.1,83.7,88.9,73.2,High School,Yes,No,No,0
STU00757,20,Female,Commerce,12.4,92.8,71.5,65.8,61.1,High School,Yes,Yes,No,0
STU00758,18,Female,STEM,12.8,100.0,75.4,79.7,53.3,Bachelor,Yes,No,Yes,0
STU00759,16,Male,Commerce,8.4,82.4,65.7,59.3,65.9,High School,Yes,No,Yes,0
STU00760,20,Female,Humanities,13.8,85.2,77.4,89.6,74.0,Master,Yes,Yes,Yes,0
STU00761,16,Female,Humanities,5.9,61.7,85.9,79.1,58.7,High School,Yes,No,Yes,1
STU00762,19,Male,STEM,13.4,89.9,42.9,65.8,72.1,High School,Yes,No,No,0
STU00763,22,Female,Commerce,13.7,88.4,77.2,69.0,71.5,High School,Yes,No,Yes,0
STU00764,22,Female,Arts,12.3,84.4,87.5,93.2,75.8,High School,Yes,Yes,No,0
STU00765,17,Female,Commerce,15.6,75.7,71.2,90.5,78.6,High School,Yes,Yes,Yes,0
STU00766,21,Female,Arts,15.0,99.2,86.3,77.3,79.0,Bachelor,Yes,Yes,No,0
STU00767,19,Female,Arts,23.0,100.0,99.0,96.1,92.5,Bachelor,Yes,No,Yes,0
STU00768,18,Male,STEM,10.7,85.8,72.1,76.6,62.9,High School,Yes,No,Yes,0
STU00769,16,Male,Commerce,14.3,93.0,72.7,57.7,69.7,High School,Yes,No,Yes,0
STU00770,18,Female,STEM,14.0,83.3,86.2,88.4,82.6,Bachelor,Yes,No,No,0
STU00771,20,Male,Humanities,12.6,88.8,81.9,83.9,69.6,High School,Yes,Yes,No,0
STU00772,22,Male,STEM,5.3,68.5,66.4,56.2,39.9,Bachelor,No,No,No,1
STU00773,15,Male,Arts,7.7,61.9,73.5,49.0,59.6,Master,Yes,No,No,1
STU00774,20,Male,Commerce,13.0,72.3,83.3,79.5,74.2,High School,Yes,No,No,0
STU00775,21,Male,STEM,5.9,72.8,67.9,53.0,59.7,Bachelor,Yes,No,No,1
STU00776,22,Male,Humanities,10.3,76.1,75.5,57.6,60.6,Master,Yes,Yes,No,0
STU00777,18,Male,Humanities,10.1,84.7,79.4,74.8,75.0,Bachelor,Yes,No,No,0
STU00778,15,Male,Commerce,11.7,79.8,69.7,79.8,62.1,Master,Yes,No,No,0
STU00779,17,Female,Arts,18.1,84.5,92.0,84.6,77.6,High School,Yes,No,No,0
STU00780,21,Female,STEM,6.9,70.2,58.3,68.3,48.1,Bachelor,Yes,Yes,No,0
STU00781,22,Male,Humanities,16.9,74.0,75.6,82.9,78.9,High School,Yes,No,No,0
STU00782,20,Female,Humanities,9.2,83.1,80.9,60.5,63.3,High School,Yes,Yes,Yes,0
STU00783,15,Female,Humanities,9.0,78.3,61.4,58.1,57.6,Master,No,No,Yes,1
STU00784,15,Female,Humanities,15.1,85.4,86.8,89.3,80.5,High School,Yes,No,Yes,0
STU00785,18,Female,STEM,10.6,85.7,76.7,66.7,63.8,Master,Yes,Yes,No,0
STU00786,19,Male,STEM,7.8,93.2,87.6,79.6,78.5,Bachelor,Yes,Yes,No,0
STU00787,15,Male,Humanities,10.1,81.0,79.5,68.6,77.3,Master,Yes,Yes,No,0
STU00788,20,Female,Arts,3.8,92.8,69.6,66.3,68.1,Master,Yes,Yes,No,0
STU00789,19,Female,STEM,13.5,85.9,79.3,79.0,59.4,Bachelor,Yes,Yes,No,0
STU00790,15,Female,STEM,0.0,82.1,68.7,53.9,54.0,Master,Yes,Yes,No,1
STU00791,15,Female,Commerce,15.8,94.1,100.0,92.9,85.7,Bachelor,Yes,Yes,Yes,0
STU00792,18,Male,Arts,15.8,91.5,80.8,61.5,77.6,Bachelor,Yes,No,Yes,0
STU00793,20,Male,Humanities,18.2,78.4,77.5,71.2,65.5,Bachelor,No,No,No,0
STU00794,21,Male,STEM,21.6,95.0,83.1,82.4,72.2,High School,Yes,Yes,No,0
STU00795,18,Male,Commerce,14.0,79.9,78.0,84.9,77.7,High School,No,Yes,No,0
STU00796,17,Non-binary,Humanities,8.2,82.7,61.0,49.9,53.8,High School,No,No,No,1
STU00797,22,Male,Commerce,21.6,89.4,80.0,84.5,73.7,High School,Yes,Yes,Yes,0
STU00798,18,Male,STEM,6.4,88.6,62.2,62.6,56.5,High School,Yes,Yes,No,0
STU00799,17,Female,STEM,4.4,81.7,60.5,59.0,44.5,Bachelor,Yes,No,No,1
STU00800,18,Female,STEM,21.3,75.1,88.5,72.1,79.7,Bachelor,Yes,No,No,0
STU00801,15,Male,Commerce,14.5,99.9,81.1,72.5,71.2,Bachelor,Yes,Yes,No,0
STU00802,17,Female,Humanities,4.6,87.3,75.25,56.5,59.4,Master,Yes,No,Yes,1
STU00803,19,Female,STEM,5.7,74.8,67.2,69.3,57.3,Master,Yes,Yes,No,0
STU00804,22,Non-binary,Humanities,14.3,75.9,73.0,72.1,64.9,Master,Yes,Yes,Yes,0
STU00805,20,Male,Commerce,7.9,87.7,73.7,49.6,55.3,Bachelor,Yes,Yes,No,1
STU00806,21,Female,STEM,9.7,72.8,56.2,64.7,53.9,High School,Yes,No,No,0
STU00807,19,Female,Commerce,21.8,92.8,73.9,94.2,72.0,Master,Yes,No,No,0
STU00808,15,Female,Commerce,22.7,95.4,71.6,73.8,81.3,High School,Yes,No,No,0
STU00809,18,Male,Humanities,13.7,79.6,66.8,81.0,66.8,High School,Yes,No,Yes,0
STU00810,22,Female,Arts,12.3,76.2,66.8,72.8,49.3,High School,Yes,No,No,0
STU00811,15,Male,Arts,15.9,80.0,67.2,63.5,52.1,Bachelor,Yes,Yes,No,0
STU00812,22,Male,STEM,10.5,73.4,79.7,66.8,71.1,Bachelor,Yes,No,No,0
STU00813,20,Male,STEM,1.8,81.2,85.6,59.5,60.4,High School,Yes,Yes,Yes,1
STU00814,17,Male,STEM,0.6,79.8,74.3,60.4,56.5,Bachelor,Yes,No,No,0
STU00815,21,Female,STEM,12.7,88.1,71.3,69.6,66.2,High School,Yes,No,No,0
STU00816,21,Female,Humanities,17.0,79.6,80.4,88.7,78.6,High School,Yes,No,Yes,0
STU00817,15,Male,Arts,11.9,88.7,75.8,79.0,80.8,High School,Yes,Yes,No,0
STU00818,15,Female,Arts,14.6,75.3,69.4,59.9,64.3,High School,No,No,No,1
STU00819,20,Female,STEM,15.9,90.5,93.1,73.0,78.0,Bachelor,Yes,Yes,No,0
STU00820,22,Female,Humanities,18.0,72.8,97.6,93.6,76.9,High School,Yes,Yes,No,0
STU00821,15,Female,STEM,11.8,94.5,62.9,62.2,51.5,High School,No,No,No,0
STU00822,20,Female,Humanities,13.0,78.3,89.4,78.1,75.7,High School,Yes,Yes,No,0
STU00823,16,Male,STEM,11.6,88.6,70.3,73.8,70.6,Bachelor,Yes,Yes,Yes,0
STU00824,20,Male,Arts,11.8,87.3,73.4,77.9,76.4,Master,Yes,No,No,0
STU00825,19,Male,Arts,4.7,68.6,69.4,51.5,64.3,Bachelor,Yes,Yes,No,1
STU00826,15,Male,STEM,17.1,93.0,96.8,69.6,69.0,Bachelor,Yes,Yes,Yes,0
STU00827,20,Female,Commerce,11.3,77.3,76.3,70.9,61.0,Master,Yes,No,No,0
STU00828,22,Male,Humanities,9.8,78.6,76.8,63.5,67.4,High School,Yes,Yes,No,0
STU00829,21,Male,Commerce,9.4,75.5,80.2,72.0,65.5,High School,Yes,Yes,No,0
STU00830,15,Female,Humanities,7.0,92.7,83.8,69.7,78.2,Bachelor,Yes,No,No,0
STU00831,16,Male,STEM,11.4,74.4,78.0,64.8,62.1,High School,Yes,Yes,Yes,0
STU00832,16,Female,Commerce,15.3,88.9,89.2,98.7,95.8,High School,Yes,No,Yes,0
STU00833,18,Female,STEM,9.8,76.0,66.1,65.7,60.0,High School,Yes,No,No,0
STU00834,16,Female,Humanities,15.7,92.4,62.8,65.9,76.3,High School,No,No,No,0
STU00835,21,Female,STEM,10.1,99.7,95.8,80.0,60.9,High School,Yes,Yes,No,0
STU00836,21,Female,Commerce,4.9,73.8,57.5,60.5,56.0,High School,Yes,Yes,No,0
STU00837,21,Male,Commerce,19.2,86.4,76.1,75.3,72.5,High School,Yes,No,No,0
STU00838,16,Male,STEM,12.7,79.2,71.6,89.8,56.0,Master,Yes,Yes,No,0
STU00839,15,Female,Humanities,16.9,94.5,76.4,65.8,69.9,Bachelor,Yes,No,Yes,0
STU00840,22,Male,Commerce,12.3,82.3,71.6,64.3,57.1,High School,Yes,No,No,0
STU00841,17,Female,STEM,8.7,87.8,78.5,57.1,59.0,High School,Yes,No,No,0
STU00842,20,Male,Humanities,9.5,77.7,77.0,70.1,66.6,High School,Yes,Yes,No,0
STU00843,22,Female,Commerce,17.7,100.0,89.5,88.5,81.4,High School,Yes,No,No,0
STU00844,15,Female,Humanities,21.3,68.7,84.7,83.9,77.5,High School,Yes,No,No,0
STU00845,15,Male,Commerce,12.1,87.1,72.1,74.5,68.6,High School,Yes,Yes,Yes,0
STU00846,15,Male,Humanities,10.2,83.1,69.7,71.2,80.5,Bachelor,Yes,No,Yes,0
STU00847,16,Male,Commerce,19.4,87.0,92.9,85.3,82.4,Bachelor,Yes,Yes,Yes,0
STU00848,15,Male,STEM,10.2,82.4,68.8,70.6,64.4,Bachelor,Yes,No,No,0
STU00849,21,Male,STEM,13.3,83.1,70.8,69.9,68.4,Bachelor,Yes,Yes,No,0
STU00850,19,Female,STEM,9.9,82.8,82.9,69.9,67.2,Bachelor,Yes,Yes,No,0
STU00851,22,Female,Arts,14.2,86.3,77.5,71.5,58.0,Bachelor,Yes,No,No,0
STU00852,21,Female,Arts,7.5,94.0,69.3,66.3,68.1,Master,Yes,Yes,No,0
STU00853,22,Female,Commerce,10.1,59.0,63.6,74.5,67.3,Bachelor,Yes,Yes,No,0
STU00854,16,Female,STEM,9.0,95.4,87.0,64.4,79.9,Bachelor,Yes,Yes,No,0
STU00855,17,Male,Humanities,16.0,100.0,87.9,78.3,82.7,Bachelor,Yes,No,Yes,0
STU00856,21,Female,Commerce,12.5,68.2,74.7,73.7,62.5,Bachelor,Yes,Yes,No,0
STU00857,16,Male,Commerce,17.0,86.6,68.1,88.4,74.6,High School,Yes,No,Yes,0
STU00858,15,Male,STEM,9.3,93.8,78.0,73.8,81.5,High School,Yes,No,Yes,0
STU00859,20,Male,Arts,12.1,89.4,74.6,65.4,64.4,High School,Yes,No,No,0
STU00860,21,Male,STEM,14.6,96.6,71.1,65.7,59.3,High School,Yes,Yes,No,0
STU00861,22,Female,STEM,15.7,86.6,72.8,82.9,87.3,High School,Yes,Yes,No,0
STU00862,22,Female,Arts,6.5,63.3,73.8,62.9,49.8,High School,Yes,No,No,1
STU00863,15,Male,Humanities,14.4,95.5,92.2,72.5,64.7,High School,Yes,No,Yes,0
STU00864,21,Male,Humanities,9.3,87.9,63.7,72.0,65.2,Master,Yes,No,Yes,0
STU00865,21,Female,Humanities,17.1,96.0,72.6,78.9,76.1,High School,Yes,No,No,0
STU00866,20,Female,Arts,21.4,74.0,87.3,78.3,78.4,High School,Yes,No,No,0
STU00867,21,Male,STEM,0.0,66.9,58.6,40.6,49.3,High School,No,No,No,1
STU00868,21,Male,Commerce,10.0,81.2,78.9,54.2,60.0,High School,Yes,No,No,0
STU00869,18,Female,STEM,14.2,93.7,75.0,69.4,68.1,Bachelor,Yes,No,No,0
STU00870,15,Female,STEM,11.8,96.8,83.9,78.2,69.9,Bachelor,Yes,Yes,Yes,0
STU00871,18,Male,Humanities,16.0,78.0,63.4,78.8,67.2,High School,Yes,Yes,No,0
STU00872,16,Female,Humanities,13.4,79.4,81.0,79.6,74.6,Bachelor,Yes,No,No,0
STU00873,15,Male,STEM,8.6,100.0,55.5,49.0,62.0,High School,No,No,No,1
STU00874,15,Female,Humanities,8.4,76.0,80.3,68.1,57.6,Bachelor,Yes,No,No,0
STU00875,20,Male,Commerce,7.7,85.5,72.2,77.4,57.1,Master,Yes,No,No,0
STU00876,19,Female,Humanities,9.7,77.4,76.7,66.1,69.4,Master,Yes,No,No,0
STU00877,19,Female,Commerce,10.5,85.1,77.0,77.4,64.9,High School,Yes,No,No,0
STU00878,20,Male,Commerce,13.5,77.7,58.2,71.2,54.2,Bachelor,Yes,Yes,Yes,0
STU00879,19,Female,Humanities,9.1,74.0,84.8,79.2,55.6,Bachelor,No,Yes,No,0
STU00880,20,Male,Humanities,8.1,77.3,74.4,70.8,72.9,Master,No,No,No,0
STU00881,15,Female,Humanities,8.5,76.1,78.7,75.8,67.7,High School,Yes,No,No,0
STU00882,21,Male,Humanities,9.8,78.6,64.6,53.0,59.7,High School,Yes,No,No,0
STU00883,18,Male,STEM,9.3,85.0,76.1,81.6,72.0,High School,Yes,Yes,No,0
STU00884,16,Male,STEM,8.4,95.5,62.2,47.8,57.8,High School,Yes,Yes,No,0
STU00885,21,Female,STEM,16.0,79.1,78.9,80.6,71.5,Bachelor,Yes,No,No,0
STU00886,20,Male,Humanities,18.0,76.8,69.0,75.5,67.2,High School,Yes,Yes,No,0
STU00887,15,Male,Arts,5.7,81.2,100.0,71.3,63.6,High School,No,No,Yes,1
STU00888,16,Male,Humanities,16.8,77.3,83.7,73.3,58.6,Bachelor,Yes,Yes,No,0
STU00889,15,Female,Humanities,16.1,70.8,89.0,87.2,90.8,High School,Yes,No,No,0
STU00890,17,Female,Humanities,13.8,93.3,76.4,81.0,73.0,Master,Yes,No,Yes,0
STU00891,15,Female,Commerce,18.7,85.7,84.9,83.0,73.8,Bachelor,Yes,Yes,No,0
STU00892,20,Male,Humanities,11.0,83.0,83.6,72.4,63.3,Master,Yes,Yes,No,0
STU00893,19,Non-binary,Humanities,14.8,67.8,63.3,80.0,71.3,Bachelor,Yes,No,No,0
STU00894,22,Female,Commerce,10.4,76.6,65.9,62.7,60.1,High School,No,Yes,No,0
STU00895,20,Male,STEM,12.0,70.7,82.3,74.9,61.3,High School,Yes,Yes,No,0
STU00896,19,Male,Humanities,15.1,83.2,75.4,73.9,66.9,Master,Yes,No,No,0
STU00897,19,Female,Humanities,13.2,85.6,69.3,90.5,73.8,High School,Yes,No,Yes,0
STU00898,15,Female,Commerce,15.1,84.5,71.6,67.1,63.4,High School,Yes,No,No,0
STU00899,15,Male,Arts,6.8,74.3,57.2,64.9,60.6,Bachelor,No,Yes,No,1
STU00900,19,Male,Commerce,8.9,73.8,51.3,72.1,62.8,High School,Yes,Yes,No,1
STU00901,15,Female,Humanities,8.8,79.0,55.0,51.8,49.3,High School,Yes,Yes,No,0
STU00902,15,Male,STEM,11.4,86.6,76.1,69.3,64.6,High School,Yes,No,Yes,0
STU00903,16,Male,Humanities,16.4,79.3,84.5,80.0,67.6,High School,Yes,Yes,No,0
STU00904,22,Male,Commerce,10.9,74.0,97.6,78.7,72.1,Bachelor,Yes,No,No,0
STU00905,18,Male,Arts,14.7,76.1,75.4,74.3,53.8,High School,Yes,Yes,No,0
STU00906,20,Male,Commerce,13.0,79.2,62.4,61.9,67.3,High School,Yes,Yes,Yes,0
STU00907,18,Male,STEM,11.0,77.9,73.1,80.3,57.8,High School,Yes,No,No,0
STU00908,16,Female,Commerce,17.7,75.8,85.0,74.7,66.3,Bachelor,Yes,Yes,No,0
STU00909,17,Male,Arts,16.3,80.4,88.2,88.6,77.9,High School,Yes,No,No,0
STU00910,15,Female,Commerce,13.0,92.3,87.4,84.1,86.1,High School,Yes,No,No,0
STU00911,21,Male,Commerce,12.6,79.9,80.8,67.6,60.8,Bachelor,Yes,No,No,0
STU00912,16,Female,Humanities,13.4,72.7,75.0,70.6,63.6,High School,Yes,No,No,0
STU00913,18,Male,Commerce,4.1,62.4,72.2,62.0,56.8,Bachelor,No,No,Yes,1
STU00914,22,Female,STEM,8.1,94.9,63.1,75.7,60.0,High School,Yes,Yes,No,0
STU00915,19,Female,STEM,15.1,92.5,59.6,65.5,62.7,High School,Yes,No,No,0
STU00916,18,Female,Commerce,4.7,83.0,90.7,100.0,65.0,High School,Yes,Yes,Yes,0
STU00917,19,Male,Arts,8.4,89.7,73.6,73.5,62.6,Master,Yes,Yes,No,0
STU00918,21,Male,Arts,11.2,87.9,81.1,76.6,79.1,High School,Yes,No,Yes,0
STU00919,17,Female,STEM,24.9,87.2,57.8,85.5,78.6,High School,Yes,Yes,No,0
STU00920,20,Male,STEM,16.0,73.9,91.7,70.1,68.2,Bachelor,Yes,No,No,0
STU00921,21,Male,STEM,14.7,98.5,92.3,92.1,75.3,High School,No,Yes,No,0
STU00922,19,Female,Commerce,8.2,78.8,55.8,48.5,49.7,Bachelor,Yes,Yes,Yes,0
STU00923,18,Male,Commerce,14.6,82.1,73.8,81.2,60.0,Master,Yes,No,Yes,0
STU00924,16,Female,Arts,5.1,79.2,71.9,58.2,56.0,Bachelor,Yes,No,No,1
STU00925,16,Female,STEM,11.5,82.2,62.1,59.2,55.7,High School,Yes,No,No,0
STU00926,22,Male,Humanities,14.1,89.5,83.2,92.1,74.4,High School,Yes,Yes,Yes,0
STU00927,19,Female,Commerce,3.4,81.8,75.25,63.5,59.8,Master,No,Yes,No,1
STU00928,17,Male,STEM,12.3,77.2,76.9,60.1,66.1,High School,No,Yes,No,0
STU00929,18,Male,Arts,15.1,83.6,62.1,77.4,58.8,High School,Yes,No,No,0
STU00930,19,Male,Humanities,9.1,87.0,63.6,53.9,63.9,Master,Yes,Yes,Yes,0
STU00931,19,Male,STEM,9.2,77.4,70.7,77.8,72.5,Master,Yes,No,Yes,0
STU00932,20,Male,STEM,8.6,92.0,72.2,66.8,79.8,High School,Yes,Yes,No,0
STU00933,17,Non-binary,Arts,11.4,81.6,72.2,59.8,63.7,High School,Yes,No,No,0
STU00934,20,Female,Commerce,11.6,94.6,74.9,78.0,80.9,Bachelor,Yes,No,No,0
STU00935,18,Female,Commerce,15.3,74.3,57.8,72.0,68.3,Bachelor,Yes,No,Yes,0
STU00936,22,Male,Commerce,9.4,86.1,82.0,55.3,64.4,High School,Yes,Yes,No,0
STU00937,16,Female,Humanities,19.0,78.0,85.7,84.0,67.5,High School,Yes,Yes,No,0
STU00938,16,Female,Commerce,17.0,82.4,83.8,83.8,81.3,High School,No,Yes,Yes,0
STU00939,18,Female,Arts,14.1,90.2,82.7,79.6,75.5,High School,Yes,No,No,0
STU00940,19,Male,STEM,11.4,79.9,71.3,68.1,76.0,High School,Yes,No,No,0
STU00941,20,Female,Commerce,7.4,100.0,69.5,70.4,70.9,Bachelor,No,Yes,No,1
STU00942,18,Female,STEM,13.2,86.7,66.8,74.1,73.6,High School,Yes,Yes,No,0
STU00943,22,Female,STEM,15.2,77.9,92.0,83.4,71.8,High School,Yes,No,No,0
STU00944,18,Female,Humanities,10.9,85.7,74.8,72.1,67.4,Bachelor,Yes,Yes,No,0
STU00945,16,Male,Arts,10.0,81.2,56.8,62.7,43.6,High School,Yes,Yes,Yes,0
STU00946,15,Female,STEM,13.4,89.3,77.4,72.1,72.6,High School,Yes,Yes,No,0
STU00947,22,Male,Humanities,12.1,81.7,54.2,54.5,63.5,Master,Yes,Yes,Yes,1
STU00948,16,Male,Commerce,10.4,86.5,77.3,62.2,74.1,High School,Yes,No,Yes,0
STU00949,22,Female,STEM,13.5,84.3,78.1,74.2,66.8,Master,Yes,No,No,0
STU00950,17,Male,Commerce,10.3,81.9,68.3,60.2,47.4,High School,Yes,No,No,0
STU00951,15,Male,Arts,9.6,89.3,65.5,63.8,57.7,High School,Yes,No,No,0
STU00952,17,Male,STEM,9.8,68.6,76.1,80.7,65.1,Bachelor,No,Yes,Yes,1
STU00953,19,Female,STEM,9.2,83.5,72.4,66.0,65.7,High School,Yes,Yes,Yes,0
STU00954,18,Female,Arts,9.7,77.4,52.9,60.6,40.2,Bachelor,Yes,No,Yes,0
STU00955,21,Non-binary,STEM,14.5,74.3,87.3,78.4,71.1,High School,No,Yes,Yes,0
STU00956,19,Male,STEM,8.0,75.5,61.2,71.8,51.7,Bachelor,No,Yes,Yes,0
STU00957,18,Male,Arts,21.3,81.2,68.7,92.6,85.4,High School,Yes,No,No,0
STU00958,20,Male,Arts,15.8,81.8,91.4,79.8,59.3,Bachelor,Yes,No,No,0
STU00959,22,Female,Commerce,8.1,82.9,82.9,77.0,75.7,Bachelor,Yes,Yes,No,0
STU00960,18,Male,Humanities,18.2,91.1,77.5,96.6,78.4,High School,Yes,No,Yes,0
STU00961,16,Female,Arts,8.6,77.2,58.9,51.7,38.6,High School,Yes,Yes,No,0
STU00962,18,Male,Commerce,21.9,100.0,77.3,91.7,93.4,High School,Yes,No,Yes,0
STU00963,21,Female,Commerce,12.8,81.4,71.1,57.1,70.6,Bachelor,Yes,Yes,Yes,0
STU00964,16,Female,Commerce,15.4,68.0,86.7,81.2,80.4,High School,Yes,No,No,0
STU00965,22,Male,Commerce,11.9,79.2,87.3,76.3,71.5,Bachelor,Yes,Yes,No,0
STU00966,19,Male,Humanities,14.2,83.4,78.7,62.4,61.4,High School,Yes,No,No,0
STU00967,19,Male,Humanities,12.0,55.8,75.8,81.0,64.7,High School,Yes,No,No,0
STU00968,17,Female,Humanities,8.8,90.2,72.4,68.4,68.5,Bachelor,Yes,No,No,0
STU00969,22,Female,Humanities,14.5,82.3,68.3,64.3,59.7,High School,Yes,No,No,0
STU00970,15,Non-binary,Humanities,17.6,77.3,63.2,75.4,59.8,High School,Yes,No,Yes,0
STU00971,17,Female,Humanities,6.4,73.8,72.3,71.8,64.6,Bachelor,Yes,Yes,Yes,0
STU00972,18,Female,Commerce,18.7,91.1,91.1,72.4,78.0,Bachelor,Yes,Yes,No,0
STU00973,18,Male,Humanities,15.7,90.7,74.6,50.7,70.1,High School,Yes,No,No,0
STU00974,18,Female,STEM,11.0,78.4,85.4,75.2,80.0,High School,Yes,No,Yes,0
STU00975,16,Male,STEM,9.8,70.2,66.9,59.7,62.9,High School,Yes,Yes,No,0
STU00976,16,Female,STEM,20.2,86.7,83.1,95.3,72.9,Bachelor,Yes,Yes,No,0
STU00977,15,Male,Commerce,14.0,85.4,75.1,71.2,67.9,High School,No,Yes,No,0
STU00978,19,Male,Humanities,16.9,90.7,93.0,87.9,83.6,Bachelor,Yes,Yes,Yes,0
STU00979,17,Male,STEM,10.7,76.9,77.9,70.3,70.9,Bachelor,Yes,Yes,No,0
STU00980,19,Male,Commerce,15.5,82.6,77.2,64.4,72.8,Master,Yes,No,No,0
STU00981,19,Female,STEM,13.4,82.8,77.0,74.6,68.3,High School,Yes,Yes,No,0
STU00982,20,Male,STEM,12.2,89.8,65.0,57.1,57.3,High School,Yes,No,No,0
STU00983,19,Male,Commerce,13.5,93.3,56.3,54.2,65.6,High School,Yes,No,No,0
STU00984,20,Male,Humanities,16.8,99.0,77.1,69.4,74.8,High School,Yes,Yes,Yes,0
STU00985,19,Male,Commerce,20.2,96.1,82.4,74.8,78.5,High School,Yes,No,No,0
STU00986,20,Male,Commerce,11.9,96.5,83.5,74.0,67.6,Master,Yes,No,No,0
STU00987,19,Male,Arts,5.9,87.4,70.0,59.9,74.1,High School,Yes,Yes,No,1
STU00988,17,Male,STEM,20.4,81.1,76.4,84.1,76.3,High School,Yes,No,No,0
STU00989,16,Female,Commerce,20.5,98.1,55.5,59.9,63.9,Bachelor,Yes,No,No,0
STU00990,21,Male,Commerce,13.6,71.7,79.2,73.6,68.7,Master,Yes,Yes,No,0
STU00991,17,Male,STEM,21.1,100.0,87.9,83.9,81.2,High School,Yes,No,No,0
STU00992,19,Female,Arts,11.3,73.9,80.9,75.4,58.3,Bachelor,Yes,Yes,No,0
STU00993,16,Male,Humanities,7.7,89.2,73.7,68.6,66.5,Bachelor,Yes,Yes,Yes,0
STU00994,18,Male,Arts,5.1,90.4,83.2,72.1,56.2,High School,No,No,No,1
STU00995,19,Female,Commerce,5.9,84.9,65.6,53.1,56.3,Bachelor,Yes,Yes,Yes,1
STU00996,20,Male,Humanities,11.8,65.5,70.9,70.1,50.1,High School,Yes,Yes,No,0
STU00997,19,Male,STEM,9.7,73.4,73.8,64.8,46.0,High School,Yes,Yes,No,0
STU00998,17,Male,Arts,9.2,83.6,79.9,81.6,74.1,High School,Yes,Yes,No,0
STU00999,22,Female,Humanities,10.5,88.4,79.5,73.2,61.0,High School,No,No,Yes,0
STU01000,19,Male,STEM,16.9,82.8,83.7,81.9,77.7,Bachelor,Yes,No,No,0
STU01001,21,Female,STEM,9.3,83.4,76.0,59.2,63.1,Bachelor,Yes,Yes,Yes,0
STU01002,20,Male,Commerce,9.8,69.3,68.7,62.0,59.0,High School,Yes,No,No,0
STU01003,19,Female,STEM,9.6,95.1,85.1,75.9,67.7,Bachelor,Yes,Yes,No,0
STU01004,22,Male,Humanities,15.9,80.7,60.9,69.3,62.2,High School,Yes,Yes,No,0
STU01005,16,Male,Commerce,12.7,90.6,71.2,70.3,62.3,High School,Yes,No,Yes,0
STU01006,22,Male,STEM,14.3,94.3,95.4,69.6,82.1,Bachelor,Yes,No,No,0
STU01007,21,Male,Humanities,20.0,78.4,73.5,73.6,66.4,High School,Yes,No,Yes,0
STU01008,19,Male,STEM,24.6,88.7,85.2,88.2,80.3,Bachelor,Yes,Yes,No,0
STU01009,20,Male,Arts,15.9,86.0,92.7,93.8,86.3,High School,Yes,No,No,0
STU01010,19,Female,Arts,13.4,82.6,75.0,58.4,58.9,Bachelor,No,No,Yes,1
STU01011,17,Male,STEM,7.7,87.5,64.7,54.2,44.5,High School,Yes,No,No,1
STU01012,21,Male,Humanities,14.7,79.9,88.6,65.9,62.3,High School,Yes,No,Yes,0
STU01013,16,Non-binary,Humanities,11.3,82.1,71.6,72.3,72.6,Bachelor,No,No,No,0
STU01014,17,Non-binary,Arts,15.8,80.7,75.4,85.8,73.0,Bachelor,Yes,Yes,No,0
STU01015,19,Male,Humanities,10.0,99.7,57.6,64.8,63.7,High School,Yes,Yes,No,0
STU01016,21,Male,Humanities,12.7,77.0,73.2,76.5,68.7,Master,Yes,Yes,No,0
STU01017,18,Male,Arts,14.5,89.1,85.3,71.1,84.5,High School,Yes,Yes,No,0
STU01018,18,Female,STEM,18.3,99.2,79.2,83.7,63.3,High School,No,Yes,No,0
STU01019,15,Male,Humanities,20.0,78.3,67.4,71.2,66.3,High School,Yes,No,No,0
STU01020,15,Male,STEM,18.7,87.8,76.5,80.5,74.2,Bachelor,Yes,No,Yes,0
STU01021,15,Male,Commerce,12.3,76.0,70.8,78.8,68.1,Bachelor,Yes,No,No,0
STU01022,15,Male,Humanities,11.1,65.5,68.2,65.6,64.4,Bachelor,Yes,No,No,0
STU01023,21,Female,Arts,13.1,78.2,69.9,77.4,72.2,Bachelor,No,Yes,Yes,0
STU01024,21,Female,Humanities,9.5,76.3,88.6,74.0,67.3,High School,Yes,No,No,0
STU01025,21,Male,STEM,12.1,80.0,77.7,75.5,56.2,High School,Yes,No,Yes,0
STU01026,15,Female,Commerce,21.0,83.7,64.8,92.4,92.0,High School,Yes,No,No,0
STU01027,15,Female,Commerce,15.4,85.6,79.1,72.1,73.0,Bachelor,Yes,No,Yes,0
STU01028,17,Female,Commerce,12.8,72.8,73.2,66.0,63.3,High School,Yes,Yes,No,0
STU01029,19,Male,Commerce,14.6,86.0,89.8,77.6,83.6,Bachelor,Yes,No,No,0
STU01030,17,Male,STEM,12.6,94.0,76.6,80.3,69.4,Bachelor,Yes,No,Yes,0
STU01031,18,Female,Commerce,1.3,87.8,66.4,64.7,66.6,High School,No,No,No,1
STU01032,16,Female,STEM,5.3,76.9,87.5,69.9,63.1,High School,No,No,No,1
STU01033,20,Female,STEM,15.8,90.9,69.2,61.3,78.0,High School,Yes,No,No,0
STU01034,17,Female,Arts,8.9,75.2,79.2,62.8,65.3,Master,Yes,No,No,0
STU01035,15,Male,Commerce,12.5,79.5,75.5,74.2,62.3,Bachelor,Yes,No,No,0
STU01036,20,Male,STEM,7.5,83.2,66.9,68.0,76.1,High School,Yes,No,No,0
STU01037,22,Female,STEM,8.6,79.8,65.5,72.0,65.7,Bachelor,Yes,Yes,Yes,0
STU01038,15,Male,Arts,11.8,71.8,86.2,60.5,60.0,Master,Yes,Yes,No,0
STU01039,18,Female,STEM,17.2,91.0,85.6,89.4,69.5,High School,Yes,No,No,0
STU01040,21,Female,STEM,18.1,80.1,85.2,94.7,83.9,Master,Yes,No,Yes,0
STU01041,20,Male,STEM,9.7,78.8,81.5,53.2,70.7,High School,Yes,No,Yes,0
STU01042,21,Male,STEM,13.2,93.0,81.8,76.3,75.3,Master,Yes,Yes,Yes,0
STU01043,18,Male,STEM,6.6,83.9,60.8,65.7,60.3,High School,Yes,No,No,0
STU01044,17,Female,Arts,13.3,84.0,60.7,55.7,69.3,High School,Yes,No,No,0
STU01045,20,Female,STEM,17.3,72.6,75.25,81.6,79.5,High School,Yes,No,No,0
STU01046,16,Female,Humanities,12.7,73.0,75.7,77.5,62.3,Bachelor,Yes,No,No,0
STU01047,16,Male,Commerce,17.7,87.7,81.4,76.9,69.6,Master,Yes,Yes,No,0
STU01048,19,Non-binary,Humanities,16.8,89.2,98.3,84.8,85.1,High School,Yes,No,No,0
STU01049,20,Female,Commerce,14.1,85.0,66.6,72.2,69.2,High School,Yes,No,No,0
STU01050,15,Male,Commerce,10.7,77.6,47.9,49.0,57.6,High School,Yes,Yes,No,1
STU01051,19,Male,Commerce,9.4,78.8,54.3,51.2,54.7,High School,Yes,Yes,Yes,1
STU01052,17,Male,Commerce,6.4,83.2,65.8,65.4,64.0,Bachelor,Yes,No,Yes,0
STU01053,19,Female,Commerce,6.0,69.3,68.9,70.2,61.0,High School,Yes,Yes,No,1
STU01054,22,Male,Commerce,17.5,82.4,93.8,89.6,87.6,Master,Yes,No,No,0
STU01055,15,Female,Commerce,19.8,76.4,88.1,97.3,86.0,Master,Yes,No,Yes,0
STU01056,22,Male,STEM,8.1,71.8,44.3,57.2,47.1,High School,Yes,No,No,1
STU01057,18,Male,Commerce,13.3,84.0,100.0,99.4,82.0,Bachelor,Yes,No,No,0
STU01058,21,Male,Commerce,4.7,83.4,65.8,60.3,59.1,Master,Yes,Yes,No,0
STU01059,18,Male,STEM,7.4,82.7,84.0,73.0,68.1,Master,Yes,Yes,No,0
STU01060,17,Male,Arts,13.0,73.5,79.4,78.3,77.7,Bachelor,Yes,Yes,No,0
STU01061,21,Male,STEM,9.5,65.9,75.25,61.8,58.9,High School,Yes,Yes,No,0
STU01062,20,Male,STEM,4.4,78.5,66.2,53.4,43.8,High School,Yes,No,No,1
STU01063,16,Male,Arts,19.5,70.2,66.9,69.4,56.4,Bachelor,Yes,Yes,No,0
STU01064,20,Female,STEM,11.6,91.4,63.9,62.1,60.2,High School,Yes,Yes,Yes,0
STU01065,21,Non-binary,Humanities,8.0,71.5,68.1,81.0,68.1,Bachelor,Yes,No,No,0
STU01066,18,Male,Humanities,12.4,100.0,65.4,82.6,65.5,Bachelor,Yes,Yes,No,0
STU01067,22,Male,Arts,11.4,74.0,89.3,75.1,74.4,High School,Yes,Yes,No,0
STU01068,20,Male,Humanities,14.9,87.0,79.3,73.7,65.4,High School,Yes,No,No,0
STU01069,17,Male,Commerce,10.3,77.3,93.7,61.3,68.2,High School,Yes,Yes,Yes,0
STU01070,15,Female,Commerce,12.3,81.2,71.4,63.7,66.3,Master,Yes,Yes,No,0
STU01071,20,Male,Commerce,17.2,85.8,73.9,70.7,61.1,High School,Yes,No,No,0
STU01072,16,Female,Arts,7.1,88.7,78.7,64.7,67.1,High School,Yes,No,Yes,0
STU01073,21,Female,Commerce,9.9,89.2,72.5,64.0,75.0,Master,Yes,No,No,0
STU01074,19,Female,Humanities,16.8,90.0,90.1,85.7,77.8,Bachelor,Yes,No,No,0
STU01075,18,Female,Arts,9.3,89.1,89.0,81.5,74.2,Bachelor,Yes,Yes,No,0
STU01076,16,Female,Humanities,12.6,77.3,85.4,71.5,70.6,Bachelor,Yes,No,No,0
STU01077,20,Male,STEM,10.9,86.7,88.9,88.5,76.6,High School,Yes,No,No,0
STU01078,16,Female,STEM,10.0,78.4,80.9,75.2,67.7,Master,Yes,Yes,No,0
STU01079,18,Male,Commerce,7.6,87.9,67.5,70.8,62.5,Master,No,Yes,No,1
STU01080,21,Female,STEM,7.3,80.8,82.6,66.7,53.6,High School,Yes,No,No,0
STU01081,22,Male,Humanities,13.9,87.8,84.7,82.8,77.9,High School,Yes,Yes,No,0
STU01082,22,Male,Humanities,16.6,86.4,73.3,79.9,64.0,High School,Yes,Yes,No,0
STU01083,22,Female,Humanities,11.0,89.6,71.1,80.8,71.6,Bachelor,Yes,Yes,Yes,0
STU01084,19,Male,STEM,15.3,77.0,75.5,81.0,74.9,Bachelor,No,No,No,0
STU01085,16,Male,Commerce,9.6,68.3,81.3,79.0,69.4,Bachelor,Yes,Yes,No,0
STU01086,21,Male,Humanities,10.5,89.2,76.7,66.8,60.0,Master,Yes,No,No,0
STU01087,21,Female,STEM,13.6,93.5,78.7,84.9,76.8,High School,Yes,Yes,No,0
STU01088,22,Male,Humanities,14.9,84.4,76.2,65.5,65.3,Bachelor,Yes,No,Yes,0
STU01089,20,Male,Humanities,11.3,88.2,72.3,65.4,60.5,Bachelor,Yes,Yes,No,0
STU01090,16,Female,Commerce,14.8,70.2,62.9,71.8,76.3,Bachelor,Yes,Yes,No,0
STU01091,19,Male,Humanities,7.2,74.9,77.8,58.7,53.2,High School,Yes,No,No,1
STU01092,18,Female,STEM,11.6,82.5,64.7,59.5,63.0,Bachelor,Yes,No,No,0
STU01093,21,Male,Arts,16.1,70.0,76.2,69.6,76.5,Bachelor,Yes,Yes,No,0
STU01094,18,Female,Humanities,17.3,72.1,72.7,79.8,71.5,High School,Yes,No,No,0
STU01095,17,Female,STEM,16.8,85.4,87.1,81.4,71.7,Bachelor,Yes,No,No,0
STU01096,15,Non-binary,Commerce,16.4,79.1,74.3,72.1,67.7,High School,Yes,Yes,No,0
STU01097,21,Male,Commerce,11.3,78.9,63.8,81.2,55.2,High School,Yes,No,No,0
STU01098,21,Male,Commerce,5.3,75.7,78.5,68.3,62.5,Bachelor,Yes,No,No,0
STU01099,15,Male,Humanities,11.8,71.6,64.3,62.8,59.3,High School,Yes,No,No,0
STU01100,18,Female,Humanities,15.9,82.0,79.5,81.2,70.8,Bachelor,Yes,No,No,0
STU01101,18,Female,Humanities,14.6,85.1,90.4,74.6,83.8,Bachelor,No,No,Yes,0
STU01102,18,Female,STEM,10.6,76.7,65.5,65.6,59.7,High School,Yes,No,No,0
STU01103,22,Male,STEM,8.6,76.5,70.2,85.7,55.5,High School,Yes,No,No,0
STU01104,16,Female,Arts,7.9,80.5,67.3,62.4,69.6,High School,Yes,Yes,Yes,0
STU01105,17,Male,Commerce,10.6,89.9,77.0,73.7,60.5,High School,Yes,No,Yes,0
STU01106,16,Female,Humanities,3.3,77.3,66.8,57.4,58.2,Bachelor,Yes,Yes,No,1
STU01107,16,Female,STEM,9.4,65.4,78.6,67.4,66.3,High School,Yes,Yes,No,0
STU01108,22,Female,Commerce,12.0,72.4,66.7,72.1,61.9,Master,Yes,Yes,No,0
STU01109,22,Female,STEM,10.6,88.8,88.2,66.2,76.2,High School,No,No,No,0
STU01110,15,Female,STEM,9.5,75.4,87.8,73.6,69.1,High School,No,No,No,0
STU01111,20,Male,STEM,9.9,82.3,76.1,59.3,59.8,Master,Yes,No,Yes,0
STU01112,16,Female,Commerce,9.2,96.1,68.1,78.1,53.4,High School,Yes,Yes,No,0
STU01113,16,Male,Commerce,10.5,86.4,74.5,78.0,56.5,Bachelor,Yes,No,No,0
STU01114,17,Male,STEM,12.3,65.8,71.9,66.8,81.4,Bachelor,No,No,No,1
STU01115,16,Male,STEM,13.0,94.0,96.2,67.7,79.9,Master,Yes,No,No,0
STU01116,18,Male,Commerce,27.3,90.1,87.3,98.2,96.4,High School,Yes,No,No,0
STU01117,22,Female,Humanities,10.3,86.2,88.5,75.8,89.6,High School,Yes,Yes,Yes,0
STU01118,19,Female,Commerce,15.0,87.8,75.25,95.3,75.4,Master,Yes,No,Yes,0
STU01119,20,Female,STEM,11.6,89.1,76.8,83.5,71.1,High School,Yes,No,No,0
STU01120,18,Non-binary,Commerce,11.5,83.1,71.4,74.9,55.0,Bachelor,Yes,No,Yes,0
STU01121,15,Male,Arts,18.8,73.2,75.6,75.5,67.7,Bachelor,Yes,Yes,No,0
STU01122,15,Female,Commerce,16.3,88.5,88.6,80.7,74.8,Bachelor,Yes,Yes,Yes,0
STU01123,17,Female,STEM,3.9,67.3,58.4,58.0,47.9,Bachelor,Yes,Yes,No,1
STU01124,16,Male,Commerce,8.4,96.9,85.2,75.4,79.5,Master,Yes,No,Yes,0
STU01125,21,Male,STEM,11.2,78.7,88.1,71.3,74.5,High School,Yes,Yes,No,0
STU01126,21,Male,STEM,10.7,83.0,68.4,56.6,66.2,Bachelor,Yes,No,Yes,0
STU01127,21,Male,STEM,5.0,73.4,80.0,81.9,57.6,Bachelor,Yes,Yes,No,0
STU01128,20,Male,Arts,12.3,84.8,86.4,77.7,72.9,High School,Yes,Yes,No,0
STU01129,19,Male,Humanities,3.3,83.7,77.6,66.9,64.5,Master,Yes,Yes,Yes,0
STU01130,20,Female,Arts,12.4,76.8,67.8,62.3,74.0,High School,Yes,Yes,No,0
STU01131,18,Female,Humanities,15.1,89.0,77.7,87.5,76.1,High School,Yes,Yes,Yes,0
STU01132,20,Non-binary,Humanities,16.9,84.7,78.1,87.1,74.1,Master,Yes,No,No,0
STU01133,21,Male,STEM,12.4,81.4,96.1,82.4,84.0,Master,Yes,No,No,0
STU01134,21,Female,Commerce,18.6,79.0,79.2,82.8,72.2,High School,Yes,Yes,No,0
STU01135,19,Male,STEM,11.3,100.0,76.6,74.2,74.5,Bachelor,No,Yes,No,0
STU01136,15,Female,Humanities,16.8,93.6,69.7,75.6,74.1,High School,Yes,No,No,0
STU01137,20,Male,STEM,8.5,86.3,63.6,67.4,57.5,High School,Yes,Yes,No,0
STU01138,17,Female,Humanities,19.8,96.5,77.2,84.5,73.2,High School,Yes,No,Yes,0
STU01139,20,Male,Humanities,13.0,86.8,80.5,74.1,70.0,Master,Yes,No,Yes,0
STU01140,19,Male,STEM,18.1,84.0,65.8,65.2,62.1,High School,No,No,Yes,0
STU01141,22,Female,STEM,17.9,63.5,68.7,75.4,54.4,High School,Yes,Yes,No,0
STU01142,17,Female,Arts,14.2,75.2,56.6,72.1,65.8,Bachelor,Yes,No,Yes,0
STU01143,22,Male,STEM,14.8,100.0,95.1,89.5,86.8,High School,Yes,No,No,0
STU01144,21,Female,STEM,11.0,90.8,77.3,82.4,66.4,High School,Yes,Yes,No,0
STU01145,17,Female,STEM,9.3,84.4,76.6,81.0,62.9,High School,Yes,No,Yes,0
STU01146,18,Male,Humanities,14.5,70.5,63.5,75.1,66.4,Bachelor,Yes,Yes,No,0
STU01147,19,Female,Commerce,14.2,88.1,89.6,82.4,88.6,Bachelor,Yes,Yes,No,0
STU01148,21,Female,STEM,3.7,76.0,82.5,68.9,69.6,Bachelor,No,No,No,1
STU01149,20,Female,Humanities,11.4,87.3,76.4,67.3,74.7,High School,Yes,Yes,No,0
STU01150,21,Male,Commerce,12.3,76.8,71.9,81.0,66.9,High School,Yes,Yes,Yes,0
STU01151,17,Female,STEM,18.4,81.0,85.1,94.1,82.1,Bachelor,Yes,Yes,No,0
STU01152,19,Female,Arts,16.3,91.0,87.6,90.7,78.9,High School,Yes,No,No,0
STU01153,18,Female,Arts,6.2,96.8,82.6,73.4,64.2,High School,Yes,No,Yes,0
STU01154,22,Female,STEM,8.3,77.1,77.8,67.2,64.4,High School,Yes,No,Yes,0
STU01155,17,Female,STEM,9.4,72.8,80.7,68.8,58.0,High School,No,No,No,0
STU01156,19,Female,STEM,18.1,94.9,75.5,77.6,68.7,High School,Yes,Yes,Yes,0
STU01157,15,Female,STEM,10.3,71.2,80.5,66.7,60.4,Master,Yes,No,No,0
STU01158,21,Female,Humanities,16.6,74.6,72.3,78.0,65.9,High School,Yes,Yes,No,0
STU01159,18,Male,Humanities,10.2,83.3,48.9,35.9,47.0,Bachelor,Yes,No,No,1
STU01160,17,Female,Humanities,15.4,100.0,76.9,72.2,58.0,High School,Yes,No,No,0
STU01161,19,Female,STEM,8.8,73.8,65.3,64.6,51.6,Bachelor,Yes,No,No,0
STU01162,18,Male,STEM,12.1,79.1,76.9,92.9,83.8,Bachelor,Yes,No,No,0
STU01163,21,Male,Arts,7.9,81.0,80.1,69.8,65.1,Master,Yes,No,No,0
STU01164,19,Male,Arts,19.5,83.6,82.9,84.1,80.5,High School,Yes,No,Yes,0
STU01165,19,Female,STEM,8.7,66.4,89.2,68.0,67.7,Bachelor,Yes,Yes,No,0
STU01166,15,Female,Commerce,6.0,85.7,66.1,75.1,61.7,High School,Yes,No,No,0
STU01167,15,Female,Humanities,5.7,80.7,75.25,47.4,42.1,Bachelor,Yes,No,No,1
STU01168,18,Female,Commerce,12.6,85.2,79.0,90.7,70.4,Master,Yes,No,No,0
STU01169,22,Female,Humanities,10.9,82.4,68.9,62.1,74.9,Bachelor,Yes,No,Yes,0
STU01170,22,Male,Arts,14.7,95.3,69.1,79.8,67.3,Bachelor,Yes,Yes,No,0
STU01171,20,Female,STEM,8.7,78.5,68.8,65.1,72.3,Master,No,Yes,Yes,0
STU01172,20,Male,STEM,17.0,75.6,69.5,70.5,62.7,Master,Yes,Yes,No,0
STU01173,18,Female,Arts,11.3,95.0,70.5,77.2,66.7,High School,Yes,No,No,0
STU01174,16,Female,STEM,17.6,66.9,91.1,96.0,78.8,High School,Yes,No,No,0
STU01175,15,Male,STEM,6.7,78.4,71.5,63.1,58.2,Bachelor,No,No,No,1
STU01176,17,Male,Commerce,6.2,78.8,67.3,61.9,51.1,Master,Yes,No,No,0
STU01177,17,Female,Commerce,12.3,79.9,88.5,71.8,68.6,High School,Yes,No,No,0
STU01178,16,Male,Commerce,6.7,69.2,65.3,63.5,45.5,High School,Yes,Yes,Yes,1
STU01179,17,Female,Commerce,6.2,69.9,55.7,48.1,50.8,Bachelor,Yes,Yes,No,1
STU01180,15,Female,Commerce,13.7,90.4,64.9,47.7,60.3,High School,Yes,Yes,No,0
STU01181,19,Male,STEM,9.8,92.1,74.8,54.5,67.2,High School,No,No,No,1
STU01182,22,Female,Commerce,12.4,78.8,58.2,63.1,54.9,High School,Yes,Yes,No,0
STU01183,20,Female,Commerce,15.4,78.1,65.0,62.6,66.8,High School,Yes,No,Yes,0
STU01184,18,Male,Arts,4.2,66.2,61.9,56.5,53.9,Bachelor,Yes,Yes,Yes,1
STU01185,18,Female,STEM,13.6,90.2,89.4,76.1,75.4,High School,No,No,No,0
STU01186,17,Female,STEM,6.4,89.5,85.4,64.8,80.0,High School,Yes,Yes,Yes,0
STU01187,16,Female,Commerce,10.4,58.8,75.3,65.1,62.4,Bachelor,Yes,No,No,0
STU01188,19,Male,STEM,3.3,58.7,63.4,64.9,48.6,High School,Yes,Yes,No,1
STU01189,19,Male,STEM,15.9,86.8,73.3,77.4,81.3,High School,Yes,No,Yes,0
STU01190,15,Female,Commerce,5.4,81.2,73.8,76.7,67.7,High School,Yes,No,No,0
STU01191,18,Female,Humanities,6.4,75.7,87.3,72.2,78.6,High School,Yes,Yes,No,0
STU01192,17,Male,STEM,7.9,79.9,72.9,51.2,44.2,Bachelor,Yes,No,No,1
STU01193,16,Female,STEM,12.4,82.2,70.8,62.1,60.4,High School,Yes,No,Yes,0
STU01194,20,Male,STEM,11.1,83.8,73.2,71.1,63.5,High School,Yes,Yes,Yes,0
STU01195,19,Male,Commerce,16.7,76.9,74.8,79.0,56.7,High School,Yes,No,No,0
STU01196,20,Female,Humanities,12.5,82.1,80.9,70.5,69.3,High School,Yes,No,No,0
STU01197,20,Female,STEM,17.3,79.0,70.7,69.5,63.9,High School,Yes,No,No,0
STU01198,22,Female,Humanities,14.7,77.2,80.1,72.4,54.5,High School,Yes,No,No,0
STU01199,21,Female,STEM,8.7,67.6,75.1,67.2,55.2,High School,Yes,No,Yes,0
STU01200,19,Female,STEM,8.8,81.2,75.9,68.4,73.6,High School,Yes,Yes,Yes,0
STU01201,22,Male,STEM,18.6,93.4,71.6,68.9,76.5,Master,Yes,Yes,Yes,0
STU01202,18,Female,Humanities,17.3,81.8,77.5,80.9,67.5,High School,Yes,Yes,No,0
STU01203,22,Male,STEM,14.7,80.4,71.4,75.2,62.2,High School,No,No,No,0
STU01204,21,Male,STEM,16.1,93.9,80.0,77.8,80.2,Bachelor,Yes,Yes,No,0
STU01205,20,Female,Humanities,13.9,93.1,72.2,67.3,53.7,High School,Yes,Yes,Yes,0
STU01206,22,Female,Humanities,14.5,97.0,92.6,88.0,85.0,Bachelor,Yes,No,No,0
STU01207,19,Female,STEM,12.0,100.0,80.9,85.2,63.0,High School,Yes,Yes,No,0
STU01208,20,Male,STEM,19.4,85.8,75.25,72.1,79.5,High School,Yes,Yes,No,0
STU01209,17,Female,STEM,8.9,73.3,57.5,55.6,57.6,Master,No,No,Yes,1
STU01210,22,Male,Humanities,14.1,78.8,88.0,83.8,61.4,High School,Yes,No,No,0
STU01211,19,Male,Commerce,5.3,85.6,69.0,52.5,53.6,High School,Yes,No,Yes,1
STU01212,21,Male,STEM,5.4,92.6,68.5,51.6,59.5,Bachelor,Yes,Yes,Yes,1
STU01213,18,Non-binary,Commerce,21.2,77.7,92.3,84.7,65.3,Master,Yes,No,No,0
STU01214,21,Male,Commerce,15.8,85.8,77.2,79.6,71.8,High School,Yes,No,No,0
STU01215,15,Male,STEM,10.8,75.1,60.7,57.2,59.2,Bachelor,Yes,Yes,No,0
STU01216,15,Male,STEM,10.2,80.0,62.0,64.0,44.4,High School,No,Yes,No,0
STU01217,19,Male,STEM,5.7,79.9,76.1,49.4,61.7,Bachelor,Yes,Yes,Yes,1
STU01218,20,Male,STEM,11.1,84.6,95.2,85.0,75.7,High School,Yes,No,No,0
STU01219,21,Male,Humanities,5.2,95.2,81.2,78.8,76.1,Bachelor,Yes,Yes,No,0
STU01220,18,Female,STEM,11.7,85.7,71.8,62.9,61.8,High School,Yes,No,No,0
STU01221,20,Male,Commerce,14.1,79.5,73.8,77.3,60.9,Bachelor,No,No,No,0
STU01222,19,Male,Humanities,15.0,80.6,77.5,74.7,61.2,High School,Yes,No,Yes,0
STU01223,22,Male,Commerce,19.0,83.6,60.4,73.9,64.3,Bachelor,Yes,Yes,No,0
STU01224,20,Female,Commerce,14.3,76.1,75.7,72.8,65.6,Bachelor,Yes,No,No,0
STU01225,18,Male,Humanities,1.8,82.4,72.9,57.4,63.5,Bachelor,Yes,No,Yes,1
STU01226,22,Male,Arts,20.6,66.6,95.8,84.1,75.6,Master,Yes,Yes,No,0
STU01227,15,Non-binary,Arts,9.2,81.1,83.6,64.0,54.2,High School,Yes,No,Yes,0
STU01228,22,Female,Humanities,12.5,81.2,94.5,90.1,74.7,Bachelor,Yes,Yes,No,0
STU01229,16,Male,STEM,12.3,72.8,90.0,65.6,56.7,High School,Yes,Yes,No,0
STU01230,17,Male,Humanities,12.9,79.3,89.1,79.1,75.2,Master,Yes,Yes,No,0
STU01231,21,Male,STEM,10.0,92.1,76.0,69.7,71.2,Bachelor,No,Yes,Yes,0
STU01232,20,Male,Humanities,12.1,91.6,80.7,74.2,76.1,High School,Yes,Yes,No,0
STU01233,22,Male,Humanities,5.1,76.6,52.0,59.3,49.1,High School,No,No,Yes,1
STU01234,20,Male,Humanities,22.6,91.0,86.3,85.7,76.2,Bachelor,No,No,No,0
STU01235,20,Female,Commerce,12.7,70.3,78.7,79.6,64.3,Bachelor,No,Yes,No,0
STU01236,17,Non-binary,STEM,13.2,82.2,73.2,88.3,70.9,Bachelor,Yes,No,Yes,0
STU01237,15,Female,Humanities,21.3,88.0,67.9,77.8,68.4,Bachelor,Yes,No,No,0
STU01238,15,Male,STEM,7.0,92.0,89.3,72.1,76.9,High School,Yes,Yes,No,1
STU01239,17,Male,Commerce,15.7,93.2,84.3,79.1,72.9,Master,Yes,Yes,No,0
STU01240,15,Female,Commerce,9.3,84.5,90.8,74.2,70.3,Bachelor,Yes,Yes,Yes,0
STU01241,19,Female,STEM,14.8,76.0,83.2,81.9,66.9,Bachelor,Yes,No,No,0
STU01242,21,Female,Commerce,14.9,96.2,94.0,67.7,70.1,Bachelor,Yes,No,Yes,0
STU01243,22,Male,STEM,2.5,77.0,78.4,65.6,50.9,Bachelor,Yes,No,Yes,0
STU01244,18,Male,Commerce,3.4,83.7,62.2,53.4,45.9,Bachelor,No,Yes,Yes,1
STU01245,22,Female,Humanities,20.1,84.7,76.6,88.0,89.5,Bachelor,Yes,No,No,0
STU01246,22,Male,Humanities,9.9,99.0,72.9,64.5,69.8,High School,No,No,Yes,0
STU01247,21,Female,Commerce,20.8,81.1,71.8,87.1,71.9,Master,Yes,Yes,No,0
STU01248,18,Male,Arts,17.7,91.9,99.1,77.0,75.5,High School,Yes,Yes,No,0
STU01249,17,Female,Commerce,10.8,80.8,74.3,70.5,73.6,High School,Yes,Yes,No,0
STU01250,22,Female,Humanities,11.6,88.4,80.7,66.3,61.7,Bachelor,Yes,No,Yes,0
STU01251,16,Female,Commerce,20.4,98.7,71.7,75.8,62.3,Bachelor,Yes,No,No,0
STU01252,18,Male,Humanities,21.3,70.1,87.6,100.0,84.3,Bachelor,Yes,Yes,No,0
STU01253,15,Female,Commerce,12.3,80.4,68.9,59.1,52.8,Master,No,No,No,1
STU01254,21,Male,Commerce,19.9,78.4,92.8,85.7,70.2,High School,Yes,No,No,0
STU01255,20,Female,STEM,17.6,88.1,73.7,68.4,61.4,High School,Yes,No,No,0
STU01256,15,Female,STEM,18.4,90.4,95.0,85.5,84.3,Master,Yes,No,No,0
STU01257,16,Female,STEM,13.5,78.9,84.9,76.9,70.3,Master,Yes,No,No,0
STU01258,19,Female,STEM,8.8,78.4,67.2,59.0,51.0,High School,Yes,Yes,Yes,0
STU01259,19,Male,Humanities,7.1,81.4,75.25,83.9,73.9,High School,Yes,Yes,No,0
STU01260,21,Female,STEM,7.1,69.6,80.1,78.1,59.1,High School,Yes,No,No,1
STU01261,17,Non-binary,Humanities,21.6,89.0,88.7,81.1,68.1,High School,Yes,No,No,0
STU01262,22,Female,STEM,11.8,75.4,63.5,73.1,52.8,Bachelor,Yes,Yes,No,0
STU01263,18,Female,STEM,7.8,86.0,80.8,66.1,65.3,High School,Yes,No,No,0
STU01264,21,Female,Commerce,16.3,73.4,77.0,67.7,60.8,High School,Yes,Yes,No,0
STU01265,16,Female,Humanities,9.6,78.4,72.9,62.6,61.9,Bachelor,Yes,Yes,Yes,0
STU01266,15,Male,Humanities,10.1,77.1,73.3,72.1,67.9,Bachelor,Yes,No,Yes,0
STU01267,15,Male,Commerce,21.1,85.7,82.4,92.8,75.8,Bachelor,Yes,Yes,Yes,0
STU01268,17,Female,Arts,3.8,91.3,62.3,50.2,72.6,High School,No,Yes,Yes,1
STU01269,22,Male,Humanities,12.9,89.2,62.1,77.4,68.1,High School,Yes,Yes,No,0
STU01270,15,Male,STEM,10.3,77.4,55.5,62.4,54.8,High School,Yes,No,No,0
STU01271,17,Male,STEM,8.4,76.5,74.1,64.4,51.7,Master,Yes,Yes,No,0
STU01272,15,Non-binary,Arts,5.2,86.0,46.6,47.7,45.7,High School,Yes,Yes,No,1
STU01273,22,Male,Commerce,12.1,72.7,80.3,88.5,69.5,Bachelor,Yes,Yes,No,0
STU01274,20,Male,Commerce,7.9,80.3,76.7,68.3,68.8,Bachelor,Yes,Yes,No,0
STU01275,21,Male,Commerce,14.5,78.3,73.1,69.8,61.6,Master,Yes,Yes,No,0
STU01276,20,Male,STEM,11.6,82.4,75.25,82.9,75.7,High School,Yes,Yes,Yes,0
STU01277,20,Male,Humanities,10.4,87.8,72.5,73.7,66.9,High School,Yes,Yes,No,0
STU01278,21,Female,Commerce,9.1,75.3,75.6,61.1,67.4,Bachelor,Yes,No,No,0
STU01279,15,Male,Arts,18.2,94.6,62.9,73.4,76.3,High School,Yes,Yes,Yes,0
STU01280,21,Non-binary,STEM,15.1,100.0,58.9,53.6,63.6,Bachelor,Yes,Yes,No,0
STU01281,20,Female,Humanities,9.9,85.9,72.0,72.1,69.5,High School,Yes,No,No,0
STU01282,20,Male,STEM,3.7,79.6,72.5,64.2,66.6,Master,No,Yes,Yes,1
STU01283,18,Male,Arts,3.3,87.3,79.2,67.9,67.0,Bachelor,Yes,Yes,No,0
STU01284,21,Female,STEM,18.1,75.9,76.5,71.3,70.5,High School,Yes,No,No,0
STU01285,18,Male,Commerce,17.1,96.5,84.5,75.9,78.8,Bachelor,Yes,No,No,0
STU01286,15,Male,STEM,17.7,80.5,86.8,85.5,87.9,Bachelor,Yes,No,Yes,0
STU01287,22,Non-binary,Commerce,12.5,100.0,78.1,83.9,75.6,Bachelor,Yes,No,Yes,0
STU01288,16,Female,Commerce,16.6,78.3,75.25,81.6,78.6,High School,Yes,No,No,0
STU01289,15,Female,STEM,14.4,88.4,67.0,66.5,60.2,High School,No,Yes,No,0
STU01290,19,Male,Commerce,11.5,71.3,55.7,70.5,68.4,Bachelor,Yes,Yes,Yes,0
STU01291,16,Female,Arts,12.3,80.0,68.8,69.5,66.3,High School,Yes,No,No,0
STU01292,21,Female,Arts,5.4,70.4,75.3,66.3,56.8,High School,No,Yes,No,1
STU01293,18,Female,STEM,14.9,71.8,67.9,78.3,65.2,High School,Yes,No,No,0
STU01294,15,Female,Commerce,12.3,91.8,83.9,75.5,70.8,Bachelor,No,Yes,No,0
STU01295,22,Male,Humanities,10.0,71.3,60.9,55.9,54.3,High School,Yes,Yes,No,0
STU01296,19,Male,Humanities,9.7,77.1,66.4,64.3,60.9,Bachelor,No,No,Yes,0
STU01297,17,Male,Humanities,12.0,75.2,76.0,81.3,66.9,High School,Yes,No,No,0
STU01298,20,Male,Commerce,16.6,93.2,74.3,91.8,65.7,High School,Yes,No,No,0
STU01299,19,Female,STEM,3.6,86.4,64.7,48.3,65.4,High School,No,Yes,No,1
STU01300,15,Female,Humanities,6.8,89.8,46.8,66.6,57.2,Bachelor,Yes,Yes,No,1
STU01301,21,Female,STEM,8.1,74.0,78.7,66.4,64.3,High School,Yes,No,No,0
STU01302,18,Female,STEM,11.1,94.4,75.9,71.5,68.3,Bachelor,Yes,Yes,Yes,0
STU01303,20,Female,STEM,14.4,78.7,66.7,84.5,74.7,High School,Yes,No,Yes,0
STU01304,22,Female,STEM,8.2,74.3,88.8,70.7,67.1,Bachelor,Yes,No,No,0
STU01305,19,Female,Commerce,15.9,80.2,69.7,71.7,64.2,Bachelor,Yes,Yes,Yes,0
STU01306,20,Female,Humanities,18.4,79.6,74.2,73.5,67.7,High School,Yes,Yes,No,0
STU01307,17,Male,STEM,14.9,84.6,68.2,72.4,75.3,High School,Yes,No,Yes,0
STU01308,16,Male,Commerce,16.9,77.5,88.8,86.0,77.8,High School,Yes,Yes,No,0
STU01309,18,Male,Arts,7.7,81.9,75.25,66.7,65.8,Bachelor,Yes,Yes,No,0
STU01310,21,Male,Arts,9.0,61.8,81.7,83.3,63.3,Master,Yes,No,Yes,0
STU01311,19,Male,Commerce,14.1,86.8,90.9,75.4,72.1,High School,Yes,Yes,Yes,0
STU01312,17,Female,Arts,12.8,75.6,68.3,73.8,71.7,Bachelor,Yes,No,Yes,0
STU01313,21,Male,Humanities,5.8,75.9,85.8,70.2,58.5,Bachelor,No,Yes,Yes,1
STU01314,21,Female,Arts,18.2,81.6,77.6,89.9,80.4,Bachelor,Yes,Yes,Yes,0
STU01315,22,Female,Arts,14.3,90.6,75.25,62.7,68.0,Bachelor,Yes,No,No,0
STU01316,17,Female,STEM,13.0,86.5,72.5,76.5,70.0,Master,No,Yes,No,0
STU01317,20,Female,Arts,10.0,79.8,76.3,89.7,69.4,Bachelor,Yes,No,No,0
STU01318,19,Female,Commerce,19.4,79.6,73.6,67.9,57.7,Bachelor,Yes,Yes,No,0
STU01319,18,Male,Commerce,12.3,88.4,78.1,66.5,71.9,High School,Yes,No,No,0
STU01320,18,Male,Arts,17.6,98.9,88.3,100.0,73.9,Bachelor,Yes,No,No,0
STU01321,15,Male,Humanities,10.4,81.1,77.7,70.3,67.0,Master,Yes,No,No,0
STU01322,17,Male,Humanities,13.8,70.0,80.3,77.2,68.5,Master,Yes,No,No,0
STU01323,19,Male,Commerce,14.3,77.4,74.0,71.4,71.6,High School,Yes,Yes,No,0
STU01324,22,Female,Commerce,20.8,90.4,76.2,95.4,73.7,Bachelor,Yes,Yes,No,0
STU01325,21,Male,Arts,11.0,78.0,58.7,50.6,47.3,High School,Yes,No,No,0
STU01326,16,Male,Arts,13.9,76.0,74.3,83.6,73.3,Bachelor,Yes,No,No,0
STU01327,20,Female,Commerce,15.7,76.4,71.2,62.5,62.0,High School,Yes,No,No,0
STU01328,15,Female,Arts,6.6,80.3,69.4,51.0,41.4,Bachelor,Yes,No,No,1
STU01329,20,Male,STEM,2.0,65.2,43.1,37.9,38.3,High School,Yes,Yes,No,1
STU01330,17,Male,Arts,7.3,81.6,56.2,57.3,66.7,High School,Yes,Yes,Yes,1
STU01331,18,Female,STEM,16.2,84.6,83.9,74.9,76.5,High School,Yes,Yes,No,0
STU01332,20,Male,Humanities,20.7,82.3,65.3,71.0,59.4,High School,Yes,No,No,0
STU01333,18,Female,STEM,7.6,73.7,68.0,56.5,59.2,High School,Yes,Yes,Yes,1
STU01334,21,Female,Humanities,6.3,89.6,64.1,53.5,63.2,Bachelor,Yes,Yes,Yes,1
STU01335,19,Female,Humanities,19.9,74.9,70.5,71.2,55.4,Bachelor,Yes,No,No,0
STU01336,22,Female,STEM,10.5,82.7,74.9,72.1,63.9,Bachelor,Yes,No,No,0
STU01337,20,Male,Commerce,11.3,87.5,76.0,66.5,75.0,Bachelor,Yes,No,No,0
STU01338,17,Female,Commerce,19.6,88.7,87.7,64.7,62.6,High School,Yes,No,Yes,0
STU01339,21,Male,STEM,18.8,82.4,72.4,78.0,71.9,Bachelor,Yes,No,Yes,0
STU01340,18,Female,Commerce,16.0,82.4,67.6,79.0,65.4,Bachelor,Yes,Yes,No,0
STU01341,19,Male,STEM,5.3,72.7,79.2,64.2,57.3,High School,Yes,No,No,0
STU01342,16,Male,STEM,7.3,76.2,68.0,53.5,65.0,Bachelor,Yes,No,No,1
STU01343,15,Male,STEM,18.0,100.0,87.2,90.0,90.7,Bachelor,Yes,No,Yes,0
STU01344,19,Male,Humanities,14.4,89.1,73.4,62.9,63.8,Bachelor,Yes,No,Yes,0
STU01345,16,Male,Commerce,8.3,87.9,78.1,66.7,58.1,Bachelor,Yes,Yes,Yes,0
STU01346,22,Male,Humanities,11.4,87.0,50.8,60.2,65.3,High School,Yes,No,No,0
STU01347,21,Male,Commerce,16.8,82.4,90.8,93.0,85.9,Bachelor,Yes,Yes,No,0
STU01348,20,Male,Humanities,16.7,92.5,76.3,82.3,74.3,High School,No,Yes,No,0
STU01349,20,Female,Commerce,11.0,66.6,58.4,65.3,60.5,Master,No,No,No,1
STU01350,19,Female,Arts,8.7,82.7,62.1,70.0,65.1,High School,Yes,Yes,No,0
STU01351,15,Female,Humanities,10.6,86.8,72.4,60.0,56.3,High School,Yes,Yes,Yes,0
STU01352,18,Female,STEM,19.0,93.3,81.7,95.3,77.1,High School,Yes,No,No,0
STU01353,18,Female,STEM,17.8,77.4,79.8,56.0,65.2,High School,Yes,Yes,Yes,0
STU01354,22,Female,Humanities,13.9,74.2,62.8,80.0,51.1,High School,Yes,No,No,0
STU01355,16,Male,Humanities,9.4,72.7,79.8,64.5,60.1,High School,Yes,Yes,No,0
STU01356,18,Female,STEM,16.7,88.3,74.7,80.0,66.9,Bachelor,Yes,Yes,No,0
STU01357,17,Male,Arts,20.3,90.0,77.3,93.7,80.6,Master,Yes,No,No,0
STU01358,16,Female,Arts,4.5,71.0,64.7,63.6,47.1,High School,No,No,No,1
STU01359,15,Male,STEM,12.0,97.3,85.0,79.4,77.8,Bachelor,Yes,No,No,0
STU01360,17,Female,STEM,18.2,87.1,80.5,88.2,78.7,Master,Yes,No,No,0
STU01361,15,Female,STEM,12.1,85.0,70.4,58.2,60.9,High School,Yes,Yes,Yes,0
STU01362,15,Female,Humanities,9.6,79.3,69.4,56.2,61.6,Bachelor,Yes,Yes,No,0
STU01363,17,Male,Arts,11.8,89.4,88.7,80.1,78.6,High School,No,No,No,0
STU01364,16,Female,Humanities,14.7,86.3,88.6,79.5,73.4,High School,Yes,No,No,0
STU01365,19,Male,STEM,7.9,95.3,78.5,66.5,66.8,High School,Yes,No,No,0
STU01366,15,Female,Humanities,13.4,72.9,75.6,83.7,64.3,High School,Yes,No,No,0
STU01367,17,Male,STEM,14.7,70.9,97.8,94.4,74.4,Bachelor,Yes,No,No,0
STU01368,18,Female,Humanities,9.6,75.0,76.3,62.5,72.5,Bachelor,Yes,Yes,No,0
STU01369,22,Male,Humanities,8.3,86.8,75.1,72.1,64.1,High School,Yes,Yes,Yes,0
STU01370,20,Female,Commerce,10.6,79.9,71.5,56.3,59.5,Master,Yes,No,Yes,0
STU01371,22,Female,Humanities,8.6,90.6,78.0,56.9,62.3,High School,Yes,No,No,0
STU01372,17,Female,Arts,16.8,81.0,48.0,57.9,59.0,High School,Yes,No,No,1
STU01373,18,Female,STEM,8.6,89.1,84.3,72.0,65.2,Master,Yes,No,No,0
STU01374,18,Female,Commerce,12.7,75.7,61.5,61.4,55.2,Master,Yes,Yes,No,0
STU01375,22,Non-binary,STEM,11.3,93.1,69.8,72.4,73.5,Bachelor,Yes,No,Yes,0
STU01376,22,Female,STEM,9.8,92.0,61.6,63.4,50.4,High School,Yes,No,No,0
STU01377,22,Female,Arts,19.2,80.7,72.8,87.8,75.2,High School,Yes,No,No,0
STU01378,21,Male,Commerce,12.4,86.1,72.8,75.8,62.3,High School,Yes,No,No,0
STU01379,19,Female,STEM,10.0,83.2,82.7,64.9,51.9,Bachelor,Yes,No,No,0
STU01380,19,Female,Humanities,9.6,85.1,86.8,81.8,71.8,High School,Yes,No,No,0
STU01381,22,Male,Commerce,13.3,92.9,97.8,76.7,69.5,Bachelor,Yes,Yes,No,0
STU01382,17,Male,Arts,15.5,91.4,80.8,81.7,65.4,High School,Yes,Yes,No,0
STU01383,17,Male,Commerce,17.5,88.6,75.25,75.6,90.8,High School,Yes,Yes,No,0
STU01384,22,Female,STEM,12.2,87.4,84.2,86.9,78.7,High School,Yes,No,No,0
STU01385,18,Non-binary,Humanities,12.0,71.8,64.3,73.0,65.5,Bachelor,Yes,No,No,0
STU01386,16,Female,STEM,13.6,82.4,66.7,64.4,62.2,Bachelor,Yes,No,No,0
STU01387,19,Non-binary,STEM,13.8,74.0,71.0,69.0,55.3,Master,Yes,No,No,0
STU01388,17,Male,Humanities,8.3,82.2,72.0,92.7,68.8,Master,Yes,Yes,Yes,0
STU01389,22,Male,Commerce,19.6,94.4,62.8,64.7,64.4,Bachelor,Yes,No,No,0
STU01390,22,Female,STEM,11.9,81.9,85.6,70.9,55.8,High School,Yes,Yes,No,0
STU01391,17,Female,Commerce,15.4,63.5,75.9,70.7,76.9,Master,Yes,No,No,0
STU01392,19,Male,Commerce,13.7,74.4,82.6,68.0,66.3,Master,Yes,Yes,No,0
STU01393,22,Male,Commerce,14.8,89.9,63.2,61.3,56.9,Master,Yes,No,Yes,0
STU01394,20,Male,STEM,8.5,78.1,64.9,62.7,59.0,High School,Yes,No,Yes,0
STU01395,16,Male,Humanities,11.0,87.8,68.4,71.7,55.4,High School,No,No,No,0
STU01396,19,Male,STEM,23.3,77.4,80.5,74.1,66.9,Bachelor,Yes,No,No,0
STU01397,19,Female,STEM,12.3,88.7,82.3,80.1,87.3,High School,Yes,No,No,0
STU01398,20,Female,STEM,11.7,87.3,84.7,69.6,66.0,High School,No,No,Yes,0
STU01399,15,Female,STEM,8.1,86.6,74.1,57.9,60.8,High School,No,Yes,No,1
STU01400,17,Female,STEM,1.8,72.2,57.8,72.1,51.7,Bachelor,Yes,Yes,No,0
STU01401,21,Female,STEM,9.6,87.2,96.3,72.8,71.8,High School,Yes,Yes,No,0
STU01402,16,Male,Arts,11.4,93.8,74.5,60.1,61.1,Bachelor,Yes,Yes,No,0
STU01403,17,Male,Commerce,10.4,63.1,60.6,70.8,73.1,Bachelor,Yes,Yes,No,0
STU01404,17,Male,STEM,11.9,82.4,56.2,73.4,56.1,Bachelor,Yes,No,No,0
STU01405,16,Female,Arts,15.8,69.3,76.0,78.5,61.9,High School,Yes,No,No,0
STU01406,16,Male,STEM,7.3,73.0,76.4,59.9,62.6,Master,Yes,Yes,No,1
STU01407,17,Male,Humanities,14.2,78.8,64.6,67.5,53.5,High School,Yes,No,Yes,0
STU01408,21,Male,Commerce,12.5,81.7,81.6,70.2,75.3,High School,Yes,No,No,0
STU01409,15,Male,Humanities,7.8,85.1,73.4,66.2,61.4,High School,Yes,Yes,Yes,0
STU01410,17,Male,STEM,20.5,95.1,66.6,83.2,75.1,High School,Yes,No,Yes,0
STU01411,15,Male,Humanities,16.4,88.1,85.9,72.1,78.1,Bachelor,Yes,No,Yes,0
STU01412,19,Female,Humanities,9.5,88.3,71.9,67.8,61.9,High School,Yes,No,Yes,0
STU01413,17,Male,Commerce,13.3,74.0,63.0,63.9,65.9,Master,No,No,No,0
STU01414,21,Female,Humanities,5.5,89.5,81.4,73.0,71.5,High School,Yes,Yes,Yes,0
STU01415,19,Female,Humanities,8.8,56.2,76.3,72.0,63.7,Master,Yes,Yes,Yes,0
STU01416,21,Female,STEM,19.0,99.4,72.6,63.9,59.7,Bachelor,Yes,No,Yes,0
STU01417,20,Male,Humanities,13.4,95.4,82.0,62.4,66.7,High School,Yes,Yes,Yes,0
STU01418,18,Male,STEM,14.2,89.0,80.3,74.1,70.4,Bachelor,Yes,No,No,0
STU01419,21,Male,Arts,16.2,100.0,81.5,87.3,90.9,High School,Yes,Yes,No,0
STU01420,18,Female,Commerce,15.8,69.3,69.9,83.2,57.8,Master,Yes,No,No,0
STU01421,22,Female,Humanities,8.6,88.7,72.5,73.2,61.3,Bachelor,No,Yes,Yes,0
STU01422,22,Male,Commerce,17.2,85.4,89.1,82.8,84.8,Bachelor,Yes,No,No,0
STU01423,19,Female,STEM,3.4,80.1,72.3,73.0,54.7,High School,No,No,No,1
STU01424,20,Male,STEM,8.8,73.3,51.4,52.0,45.5,Master,Yes,Yes,Yes,1
STU01425,17,Female,Humanities,11.4,84.9,53.8,59.0,68.2,Bachelor,Yes,Yes,No,1
STU01426,21,Male,Humanities,15.5,86.4,60.1,57.7,62.9,Bachelor,Yes,No,No,0
STU01427,20,Male,Commerce,9.5,75.4,58.1,58.8,60.9,High School,No,No,No,1
STU01428,22,Male,Arts,5.0,78.3,61.4,51.2,57.0,High School,Yes,No,No,1
STU01429,17,Female,Humanities,4.3,68.0,61.7,69.8,56.0,Bachelor,Yes,No,No,1
STU01430,21,Male,Humanities,12.7,81.2,74.7,83.3,70.6,Bachelor,Yes,No,Yes,0
STU01431,18,Male,Commerce,10.9,91.2,75.9,71.7,74.2,Bachelor,Yes,No,Yes,0
STU01432,16,Male,STEM,8.9,88.5,73.7,71.7,59.8,Bachelor,Yes,No,No,0
STU01433,16,Male,STEM,8.2,86.4,84.6,67.3,79.1,Bachelor,Yes,No,No,0
STU01434,19,Female,Arts,13.6,90.4,61.3,47.3,53.7,High School,Yes,No,No,0
STU01435,17,Male,Commerce,17.7,92.4,84.9,76.6,82.9,Bachelor,Yes,Yes,No,0
STU01436,15,Female,Arts,13.6,77.6,78.6,81.3,73.8,High School,Yes,No,No,0
STU01437,18,Female,STEM,18.9,89.8,69.3,80.5,68.5,Master,Yes,No,Yes,0
STU01438,20,Male,STEM,10.1,89.8,80.7,69.3,71.4,High School,Yes,Yes,No,0
STU01439,17,Male,Humanities,15.0,74.3,79.3,83.1,72.0,Bachelor,Yes,No,Yes,0
STU01440,22,Female,Arts,15.9,72.7,75.5,72.7,54.6,Master,No,Yes,No,0
STU01441,21,Female,STEM,12.3,70.6,48.6,51.3,49.6,Bachelor,Yes,No,No,1
STU01442,19,Female,STEM,13.1,70.2,82.9,82.6,61.5,High School,Yes,No,Yes,0
STU01443,22,Female,STEM,10.1,74.7,74.3,64.7,65.2,Bachelor,Yes,Yes,Yes,0
STU01444,18,Male,Commerce,14.5,78.9,80.3,85.3,71.7,High School,Yes,Yes,No,0
STU01445,16,Female,Commerce,17.1,96.4,48.1,49.5,63.3,High School,Yes,No,No,1
STU01446,15,Male,Commerce,13.4,81.1,70.6,67.0,59.3,Bachelor,Yes,Yes,Yes,0
STU01447,22,Female,STEM,10.8,71.3,57.4,67.5,48.1,Bachelor,Yes,Yes,Yes,0
STU01448,22,Female,Commerce,6.3,80.8,83.4,73.4,58.8,High School,Yes,No,No,0
STU01449,20,Male,Humanities,11.6,80.3,63.3,64.5,74.3,Master,Yes,Yes,No,0
STU01450,15,Female,STEM,12.1,75.8,88.5,80.4,93.1,High School,Yes,No,No,0
STU01451,17,Female,STEM,10.9,76.8,82.6,75.3,82.2,Master,No,Yes,No,0
STU01452,15,Male,Humanities,12.3,90.7,79.4,62.3,56.0,Bachelor,Yes,Yes,No,0
STU01453,15,Male,STEM,12.3,72.9,88.1,80.3,63.9,Master,No,Yes,No,0
STU01454,16,Male,Arts,9.9,69.7,61.3,65.3,49.4,Bachelor,Yes,No,Yes,0
STU01455,19,Female,Humanities,5.9,85.0,63.5,64.1,63.6,Master,Yes,No,Yes,0
STU01456,15,Male,Humanities,6.7,76.7,79.1,67.4,77.4,Bachelor,Yes,Yes,Yes,0
STU01457,22,Non-binary,Commerce,8.9,93.0,65.7,59.9,67.1,High School,Yes,Yes,No,0
STU01458,18,Male,Commerce,17.9,83.4,66.5,63.9,66.1,High School,Yes,No,No,0
STU01459,17,Female,STEM,7.2,81.0,68.0,69.5,54.6,Bachelor,Yes,No,Yes,0
STU01460,19,Female,Commerce,6.6,85.9,63.0,65.8,57.1,High School,Yes,Yes,No,0
STU01461,21,Female,STEM,13.7,71.4,92.6,89.6,76.4,Master,Yes,Yes,Yes,0
STU01462,17,Female,Humanities,16.8,86.9,87.5,74.2,80.5,High School,Yes,No,No,0
STU01463,15,Male,Commerce,6.0,76.4,63.5,61.2,52.2,Master,Yes,No,No,0
STU01464,15,Female,Humanities,5.0,87.1,60.9,52.4,56.7,High School,Yes,No,No,1
STU01465,21,Female,Humanities,9.5,75.7,75.2,69.7,65.3,Bachelor,Yes,No,No,0
STU01466,15,Female,STEM,14.0,84.3,88.9,100.0,81.2,Master,No,No,No,0
STU01467,20,Male,Humanities,13.6,81.8,79.1,82.8,69.0,High School,Yes,No,Yes,0
STU01468,18,Female,STEM,9.6,84.2,64.2,58.4,59.3,Bachelor,Yes,No,No,0
STU01469,21,Female,Arts,16.3,81.9,63.9,69.7,63.9,High School,Yes,No,No,0
STU01470,15,Female,Humanities,12.4,84.3,72.1,68.2,59.7,Bachelor,Yes,Yes,No,0
STU01471,22,Male,Arts,12.5,96.3,81.7,76.5,79.2,Bachelor,Yes,No,No,0
STU01472,20,Female,Humanities,4.5,76.3,63.5,46.3,61.5,High School,Yes,Yes,No,1
STU01473,18,Male,Commerce,9.5,84.1,83.7,75.7,70.6,High School,Yes,No,No,0
STU01474,16,Female,STEM,21.8,100.0,91.6,73.3,80.0,High School,Yes,No,Yes,0
STU01475,22,Female,STEM,11.5,86.9,78.1,59.4,69.7,High School,Yes,No,Yes,0
STU01476,17,Female,STEM,7.5,60.5,72.0,81.7,63.3,Bachelor,Yes,Yes,No,1
STU01477,18,Female,STEM,11.3,76.4,59.4,61.3,65.1,High School,Yes,No,No,0
STU01478,18,Female,Arts,12.3,74.5,68.6,80.8,66.6,Master,Yes,Yes,Yes,0
STU01479,16,Male,Commerce,15.8,91.1,69.5,67.2,71.2,Master,Yes,Yes,No,0
STU01480,18,Male,Commerce,15.8,85.0,82.4,62.6,80.5,Master,Yes,No,Yes,0
STU01481,16,Female,Humanities,8.8,89.1,64.0,55.1,66.8,Bachelor,Yes,Yes,No,0
STU01482,15,Female,Humanities,18.7,89.9,82.6,100.0,81.0,High School,Yes,No,No,0
STU01483,17,Male,Commerce,16.7,89.0,78.5,67.4,77.5,Bachelor,Yes,No,No,0
STU01484,15,Female,Commerce,11.0,71.8,78.0,86.4,61.7,Bachelor,Yes,No,No,0
STU01485,18,Female,Humanities,12.4,86.2,64.3,70.3,62.4,Master,Yes,No,No,0
STU01486,21,Female,Commerce,14.5,94.1,84.1,79.8,81.1,High School,Yes,Yes,No,0
STU01487,16,Female,STEM,17.8,73.0,66.7,68.6,74.8,High School,Yes,No,No,0
STU01488,15,Female,Arts,5.0,78.3,59.3,50.0,45.7,Master,Yes,Yes,Yes,1
STU01489,15,Non-binary,STEM,13.3,87.4,75.8,78.3,70.2,Bachelor,Yes,No,Yes,0
STU01490,19,Non-binary,Humanities,12.9,83.2,87.9,89.3,76.3,High School,Yes,No,No,0
STU01491,17,Non-binary,Arts,10.4,92.8,67.8,68.5,64.0,Bachelor,Yes,No,No,0
STU01492,18,Female,STEM,10.4,87.1,57.2,68.1,51.7,High School,Yes,No,No,0
STU01493,15,Female,STEM,17.7,87.8,71.1,73.1,73.2,Bachelor,Yes,No,No,0
STU01494,17,Female,Humanities,15.4,90.1,75.5,93.3,67.4,High School,Yes,No,No,0
STU01495,18,Female,Humanities,22.5,94.8,100.0,96.7,97.2,High School,Yes,No,Yes,0
STU01496,18,Female,Arts,7.2,80.2,74.9,82.9,76.4,High School,No,Yes,No,1
STU01497,19,Female,Commerce,12.4,81.3,67.7,61.4,56.7,High School,Yes,Yes,Yes,0
STU01498,21,Female,Humanities,14.4,91.0,77.4,75.3,62.3,High School,Yes,No,No,0
STU01499,18,Female,Arts,15.8,77.8,92.7,92.7,78.9,High School,Yes,Yes,No,0
STU01500,21,Female,Commerce,19.1,84.6,78.5,82.5,71.1,High School,Yes,No,No,0
STU01501,19,Male,Arts,13.4,73.4,71.9,76.2,64.3,Bachelor,Yes,No,No,0
STU01502,17,Female,STEM,6.1,85.2,67.3,54.2,57.2,Bachelor,No,No,No,1
STU01503,16,Male,Humanities,6.6,89.4,79.6,64.8,58.0,Bachelor,No,Yes,No,1
STU01504,17,Female,STEM,12.4,76.7,68.9,62.6,72.6,High School,Yes,Yes,Yes,0
STU01505,19,Male,STEM,12.3,83.0,87.7,82.4,71.6,High School,Yes,Yes,No,0
STU01506,16,Female,Commerce,5.3,75.1,75.25,64.9,67.4,Bachelor,Yes,Yes,No,0
STU01507,22,Male,STEM,4.5,87.2,76.7,60.2,54.5,High School,No,Yes,No,1
STU01508,18,Female,Humanities,16.4,95.3,79.0,83.6,76.5,Master,Yes,No,No,0
STU01509,21,Female,Commerce,6.0,75.5,55.1,47.9,52.2,Master,Yes,Yes,No,1
STU01510,20,Male,STEM,7.9,55.4,63.9,45.3,48.7,Bachelor,Yes,No,No,1
STU01511,17,Female,Humanities,18.1,94.0,75.6,74.4,71.1,Master,Yes,No,No,0
STU01512,16,Female,Commerce,10.8,83.8,66.7,84.1,63.9,High School,Yes,Yes,Yes,0
STU01513,20,Male,Arts,11.7,82.3,72.5,74.6,63.6,High School,Yes,No,No,0
STU01514,17,Female,STEM,18.0,92.4,86.6,77.0,71.8,Master,Yes,Yes,No,0
STU01515,16,Male,Arts,8.2,77.4,64.9,66.8,61.4,Bachelor,Yes,No,No,0
STU01516,22,Male,Commerce,7.3,74.8,56.2,57.2,65.4,High School,Yes,No,No,1
STU01517,18,Female,Commerce,20.3,82.9,71.9,82.8,75.7,High School,Yes,No,No,0
STU01518,15,Female,Humanities,12.3,86.3,93.5,88.2,82.3,High School,Yes,Yes,No,0
STU01519,18,Female,Commerce,14.9,92.3,85.0,81.2,83.3,High School,Yes,Yes,Yes,0
STU01520,18,Male,Commerce,10.4,94.3,67.0,67.6,61.3,Bachelor,Yes,Yes,No,0
STU01521,21,Female,STEM,12.5,85.5,89.1,90.7,64.7,Bachelor,Yes,No,No,0
STU01522,20,Female,Arts,8.6,79.3,69.5,70.1,62.1,High School,Yes,Yes,No,0
STU01523,16,Female,Arts,14.4,90.2,100.0,87.4,87.4,Bachelor,Yes,No,No,0
STU01524,16,Male,Humanities,15.5,75.8,78.9,77.9,84.0,High School,Yes,Yes,No,0
STU01525,19,Male,Commerce,12.7,95.7,84.2,72.3,65.6,Bachelor,Yes,Yes,Yes,0
STU01526,15,Male,Humanities,16.6,85.8,87.7,72.8,81.3,High School,Yes,Yes,No,0
STU01527,17,Male,Commerce,14.8,81.4,91.9,88.0,79.5,Bachelor,Yes,Yes,No,0
STU01528,16,Male,Commerce,8.3,72.6,65.8,74.0,57.9,Bachelor,Yes,No,No,0
STU01529,15,Male,STEM,12.3,87.2,90.4,82.6,68.2,Bachelor,Yes,No,No,0
STU01530,22,Male,STEM,11.0,79.3,67.5,72.0,59.1,Bachelor,Yes,No,No,0
STU01531,15,Male,STEM,16.4,83.2,75.0,69.7,72.3,High School,Yes,No,No,0
STU01532,15,Female,Arts,13.9,69.5,73.8,68.7,72.2,Bachelor,Yes,Yes,No,0
STU01533,22,Male,Humanities,13.6,79.2,84.8,67.9,49.4,High School,Yes,No,No,0
STU01534,16,Male,Arts,17.6,80.0,75.5,76.3,73.9,High School,Yes,No,No,0
STU01535,21,Female,Humanities,2.6,81.1,84.3,73.7,60.9,Bachelor,No,No,No,1
STU01536,15,Female,STEM,9.1,78.6,85.4,67.9,62.9,Bachelor,Yes,Yes,No,0
STU01537,16,Female,Arts,9.5,59.7,68.7,65.8,60.0,Master,Yes,Yes,No,0
STU01538,15,Male,Humanities,14.1,81.6,75.25,76.2,79.7,High School,Yes,No,Yes,0
STU01539,20,Female,Humanities,15.5,73.9,85.9,90.4,70.4,Bachelor,Yes,No,Yes,0
STU01540,19,Male,STEM,11.8,73.6,52.1,48.2,50.0,High School,Yes,Yes,No,1
STU01541,18,Female,STEM,5.9,87.3,79.0,63.2,52.0,Bachelor,Yes,Yes,No,0
STU01542,16,Male,STEM,13.6,69.2,65.2,63.4,62.3,Bachelor,Yes,Yes,No,0
STU01543,15,Female,Humanities,13.6,85.1,89.5,73.2,67.8,Bachelor,Yes,No,No,0
STU01544,19,Male,Commerce,5.2,74.9,54.5,52.2,60.6,Master,Yes,Yes,No,1
STU01545,16,Male,STEM,11.7,76.3,66.9,52.4,59.4,Bachelor,Yes,No,No,0
STU01546,19,Female,STEM,13.5,74.8,79.0,72.5,65.2,High School,Yes,Yes,No,0
STU01547,20,Female,STEM,20.4,88.3,88.7,87.6,78.8,Master,Yes,No,No,0
STU01548,21,Female,Humanities,6.9,83.2,65.2,53.6,58.3,Master,Yes,Yes,No,1
STU01549,18,Female,Arts,15.4,69.7,71.6,70.3,69.0,High School,Yes,Yes,No,0
STU01550,15,Male,Humanities,7.0,89.0,82.4,69.9,58.8,High School,Yes,Yes,No,0
STU01551,17,Male,STEM,6.1,71.9,78.5,68.0,60.3,High School,Yes,Yes,Yes,0
STU01552,21,Male,Humanities,7.5,83.1,68.4,51.0,56.2,Bachelor,Yes,No,No,1
STU01553,19,Male,Arts,15.7,76.2,70.5,79.6,69.6,Master,Yes,No,Yes,0
STU01554,19,Female,Commerce,12.4,78.5,60.9,71.8,70.9,Bachelor,Yes,Yes,No,0
STU01555,18,Male,Commerce,11.6,71.6,75.0,65.6,52.3,High School,Yes,No,No,0
STU01556,16,Male,Arts,13.9,78.6,83.8,91.4,81.9,High School,Yes,Yes,No,0
STU01557,22,Female,Commerce,12.0,80.4,76.2,76.1,70.3,Bachelor,Yes,Yes,No,0
STU01558,21,Male,Arts,12.3,74.9,64.5,70.0,58.0,High School,Yes,Yes,Yes,0
STU01559,22,Female,STEM,11.6,86.3,93.6,85.3,82.4,High School,Yes,No,Yes,0
STU01560,21,Male,Commerce,8.4,85.9,52.2,49.5,49.2,High School,Yes,No,Yes,1
STU01561,17,Non-binary,Arts,19.4,100.0,93.3,85.5,70.7,High School,Yes,Yes,No,0
STU01562,17,Male,Arts,19.3,94.7,85.5,89.6,57.1,High School,Yes,No,Yes,0
STU01563,16,Female,Humanities,19.0,96.6,88.2,79.2,70.5,Bachelor,Yes,Yes,Yes,0
STU01564,22,Male,Commerce,7.4,67.8,60.6,57.6,48.9,High School,No,Yes,Yes,1
STU01565,19,Female,STEM,9.9,65.4,68.3,71.4,61.1,High School,Yes,No,No,0
STU01566,18,Male,Commerce,11.1,79.2,76.7,74.2,70.8,Bachelor,Yes,No,No,0
STU01567,22,Female,Humanities,17.8,100.0,82.5,81.9,76.4,Master,Yes,No,Yes,0
STU01568,19,Male,Humanities,11.8,100.0,60.9,65.9,54.1,Bachelor,Yes,Yes,No,0
STU01569,22,Male,Commerce,7.4,74.4,87.0,70.9,63.3,Bachelor,No,Yes,No,1
STU01570,22,Female,STEM,14.6,78.5,82.7,85.1,71.8,Bachelor,Yes,No,No,0
STU01571,15,Female,STEM,9.7,85.3,74.4,85.9,82.2,Bachelor,Yes,No,No,0
STU01572,17,Male,STEM,4.9,77.2,69.6,64.1,61.9,Bachelor,No,No,No,1
STU01573,20,Female,Commerce,10.4,79.9,90.2,87.3,62.8,High School,No,Yes,No,0
STU01574,21,Female,Commerce,8.7,87.6,66.4,61.0,57.9,Bachelor,No,No,Yes,0
STU01575,16,Female,Commerce,11.7,100.0,69.1,63.5,70.5,High School,Yes,Yes,No,0
STU01576,17,Female,STEM,0.9,87.4,76.4,54.1,57.2,High School,Yes,No,No,1
STU01577,19,Male,Commerce,9.0,97.6,80.8,63.9,56.1,High School,Yes,No,Yes,0
STU01578,21,Male,Commerce,11.6,67.1,61.4,63.0,62.3,High School,Yes,Yes,No,0
STU01579,15,Female,STEM,6.2,90.0,83.3,76.4,71.6,High School,Yes,No,Yes,0
STU01580,19,Female,STEM,6.3,71.8,71.5,72.1,59.5,Bachelor,Yes,No,No,0
STU01581,17,Female,Humanities,13.2,96.0,70.0,66.9,61.2,High School,Yes,No,No,0
STU01582,16,Female,Humanities,16.2,94.7,85.9,78.9,83.6,High School,Yes,No,No,0
STU01583,19,Male,STEM,9.0,87.5,77.4,69.7,53.4,High School,Yes,No,Yes,0
STU01584,18,Female,STEM,10.6,75.4,71.7,70.8,52.3,High School,Yes,Yes,No,0
STU01585,20,Male,STEM,10.7,79.5,77.4,76.3,62.2,Bachelor,Yes,Yes,Yes,0
STU01586,17,Male,STEM,6.0,76.1,75.5,62.4,61.7,High School,Yes,No,No,0
STU01587,21,Male,STEM,17.1,90.4,89.9,82.7,68.9,High School,Yes,Yes,No,0
STU01588,15,Male,Commerce,12.2,87.3,77.4,84.1,68.2,High School,Yes,No,Yes,0
STU01589,21,Female,Humanities,11.0,92.9,74.0,68.2,64.4,High School,Yes,Yes,No,0
STU01590,15,Female,Humanities,13.5,95.6,81.5,71.9,74.3,High School,Yes,Yes,No,0
STU01591,20,Female,Commerce,4.8,72.0,79.3,65.3,58.2,High School,Yes,Yes,No,0
STU01592,17,Male,Humanities,17.1,90.1,86.9,83.5,75.8,Bachelor,Yes,No,Yes,0
STU01593,18,Male,STEM,17.7,90.3,77.9,67.2,65.5,Master,Yes,No,Yes,0
STU01594,15,Female,STEM,13.6,84.0,77.2,71.2,75.7,Bachelor,Yes,No,Yes,0
STU01595,20,Female,STEM,13.9,90.4,95.0,86.4,84.1,High School,Yes,Yes,No,0
STU01596,16,Female,Humanities,11.5,87.7,83.4,91.2,80.0,High School,Yes,No,Yes,0
STU01597,20,Male,Humanities,16.9,81.6,80.1,75.4,66.0,Bachelor,Yes,No,Yes,0
STU01598,20,Male,Humanities,8.1,79.1,82.9,77.3,64.3,High School,Yes,Yes,No,0
STU01599,21,Male,Humanities,12.9,79.6,69.8,72.0,68.2,Master,Yes,No,No,0
STU01600,20,Male,Arts,13.1,76.7,78.0,83.8,66.3,Bachelor,Yes,No,No,0
STU01601,17,Female,STEM,11.6,81.1,93.3,74.8,66.0,High School,Yes,Yes,No,0
STU01602,20,Male,Humanities,16.6,75.7,83.6,89.7,77.5,High School,Yes,Yes,Yes,0
STU01603,21,Male,Humanities,12.3,90.7,100.0,100.0,80.4,Master,Yes,No,No,0
STU01604,17,Female,Commerce,11.3,92.9,76.1,83.2,70.6,Master,Yes,Yes,No,0
STU01605,15,Male,Commerce,15.1,83.8,73.0,85.9,78.2,Master,Yes,No,No,0
STU01606,22,Female,Commerce,9.4,88.4,86.1,75.6,71.9,High School,Yes,No,No,0
STU01607,16,Male,STEM,16.4,87.2,61.2,75.3,59.3,Bachelor,Yes,Yes,Yes,0
STU01608,19,Male,Humanities,9.5,72.7,72.9,64.9,63.9,High School,Yes,Yes,No,0
STU01609,16,Male,Commerce,27.2,100.0,100.0,82.1,84.0,High School,Yes,No,Yes,0
STU01610,16,Male,Humanities,4.3,61.2,70.3,63.4,60.4,Bachelor,Yes,Yes,Yes,1
STU01611,21,Female,Arts,21.5,86.4,62.1,75.3,72.8,Master,Yes,Yes,No,0
STU01612,16,Male,Humanities,16.3,77.8,63.9,72.1,64.3,High School,Yes,Yes,No,0
STU01613,20,Male,Humanities,7.9,92.8,73.2,73.5,61.3,High School,Yes,No,No,0
STU01614,20,Male,Humanities,22.2,90.3,89.3,81.1,74.3,High School,Yes,Yes,Yes,0
STU01615,15,Male,Humanities,7.6,100.0,80.8,88.4,92.7,High School,Yes,Yes,No,0
STU01616,16,Female,Commerce,11.6,82.1,74.7,74.5,50.9,High School,Yes,No,No,0
STU01617,21,Male,STEM,6.0,73.2,75.9,55.5,44.7,Master,Yes,Yes,No,1
STU01618,19,Male,Humanities,12.3,70.5,77.1,64.1,70.3,High School,Yes,No,Yes,0
STU01619,15,Female,Commerce,11.6,90.7,75.4,54.3,69.1,Bachelor,Yes,Yes,No,0
STU01620,22,Male,Arts,16.7,77.4,82.9,86.8,77.3,High School,Yes,No,No,0
STU01621,17,Male,Commerce,22.8,85.5,77.4,80.7,62.0,High School,Yes,Yes,Yes,0
STU01622,15,Male,Arts,9.5,90.7,81.4,65.4,70.7,High School,Yes,Yes,No,0
STU01623,22,Male,Arts,0.0,85.0,58.2,46.0,41.4,High School,No,Yes,No,1
STU01624,15,Female,STEM,15.9,80.9,82.6,77.3,71.4,Bachelor,Yes,No,Yes,0
STU01625,19,Non-binary,Arts,10.5,77.7,77.6,76.1,69.7,Bachelor,Yes,No,No,0
STU01626,22,Female,Arts,20.0,71.6,75.8,68.0,71.0,Master,Yes,Yes,No,0
STU01627,19,Male,STEM,11.6,65.4,77.4,64.0,56.7,High School,Yes,Yes,No,0
STU01628,19,Female,Commerce,8.4,86.5,88.8,77.9,80.5,Bachelor,Yes,Yes,No,0
STU01629,18,Male,STEM,7.2,86.8,62.3,56.2,62.2,Master,Yes,Yes,No,1
STU01630,16,Male,Commerce,14.6,88.0,87.9,85.3,70.1,High School,Yes,Yes,Yes,0
STU01631,19,Male,STEM,11.8,83.4,86.1,72.7,66.9,Master,Yes,No,No,0
STU01632,22,Male,Commerce,18.4,79.2,77.2,92.6,70.7,Master,Yes,Yes,No,0
STU01633,15,Female,Humanities,12.1,93.8,85.7,78.5,73.6,Bachelor,Yes,No,No,0
STU01634,22,Male,Humanities,18.2,70.5,74.6,88.4,76.5,Bachelor,Yes,Yes,No,0
STU01635,18,Male,STEM,6.8,75.9,82.4,73.7,52.5,Bachelor,Yes,No,No,0
STU01636,19,Female,Commerce,5.2,82.2,42.6,54.5,34.3,High School,Yes,No,Yes,1
STU01637,16,Male,Humanities,15.5,83.6,92.5,77.7,69.7,Bachelor,Yes,Yes,No,0
STU01638,19,Male,Commerce,10.9,81.5,63.0,74.7,72.5,Master,Yes,No,No,0
STU01639,16,Male,STEM,10.6,77.2,73.8,71.6,66.0,High School,Yes,Yes,No,0
STU01640,17,Male,STEM,8.4,84.7,64.8,55.8,68.4,Bachelor,Yes,No,No,0
STU01641,20,Female,Humanities,8.1,70.5,84.6,55.1,59.0,Bachelor,Yes,No,No,0
STU01642,15,Male,Arts,13.9,81.7,74.1,74.8,62.1,High School,No,No,No,0
STU01643,18,Female,STEM,12.9,85.9,71.2,83.3,58.2,Bachelor,Yes,No,No,0
STU01644,19,Female,Commerce,7.0,77.1,81.4,62.1,56.2,Bachelor,Yes,Yes,No,0
STU01645,16,Female,STEM,15.4,83.6,85.3,72.8,67.5,Bachelor,Yes,Yes,No,0
STU01646,17,Female,Commerce,18.3,86.6,77.4,77.4,55.9,Bachelor,Yes,No,No,0
STU01647,17,Female,STEM,11.3,67.6,61.4,73.9,53.9,High School,Yes,Yes,No,0
STU01648,20,Male,Humanities,12.3,73.1,65.9,59.2,55.0,Master,Yes,No,Yes,0
STU01649,22,Female,Humanities,7.3,82.4,84.0,65.6,64.9,Bachelor,Yes,Yes,No,0
STU01650,21,Female,STEM,15.6,78.8,81.2,70.7,68.8,Bachelor,Yes,No,No,0
STU01651,16,Female,STEM,12.5,77.8,76.2,77.5,70.2,High School,Yes,Yes,No,0
STU01652,15,Male,Humanities,8.2,84.8,77.7,67.8,53.4,High School,Yes,Yes,No,0
STU01653,15,Female,Humanities,22.2,80.7,62.9,75.0,60.7,Master,Yes,No,Yes,0
STU01654,19,Female,Arts,14.0,63.6,69.2,70.1,68.0,High School,Yes,No,No,0
STU01655,16,Male,Humanities,7.1,93.1,70.8,70.9,62.9,High School,No,Yes,No,1
STU01656,16,Female,Arts,9.9,90.7,85.2,83.2,79.5,Bachelor,No,Yes,No,0
STU01657,21,Male,Humanities,9.1,92.3,60.4,70.4,61.3,High School,Yes,No,Yes,0
STU01658,21,Female,STEM,6.6,70.6,79.0,72.4,64.2,Master,Yes,Yes,No,0
STU01659,21,Female,STEM,11.0,80.9,92.0,89.6,79.9,Bachelor,Yes,No,No,0
STU01660,17,Female,Humanities,11.3,71.5,55.0,54.7,49.0,Master,Yes,No,No,0
STU01661,19,Male,STEM,8.2,79.8,71.9,69.5,57.8,High School,Yes,Yes,No,0
STU01662,19,Female,Arts,17.4,81.6,84.0,100.0,75.5,Bachelor,Yes,Yes,No,0
STU01663,16,Male,Commerce,8.4,71.8,78.8,55.0,58.2,Bachelor,Yes,Yes,No,0
STU01664,19,Female,Humanities,7.6,84.0,50.5,51.8,55.3,Bachelor,Yes,Yes,No,1
STU01665,19,Male,Humanities,7.7,80.0,74.8,58.8,57.1,High School,Yes,No,Yes,1
STU01666,18,Female,Humanities,6.0,95.1,71.2,65.9,71.2,High School,Yes,Yes,Yes,0
STU01667,21,Female,Commerce,17.6,87.2,77.6,90.8,89.0,Bachelor,Yes,No,Yes,0
STU01668,20,Female,STEM,14.2,62.6,93.1,86.8,67.4,Bachelor,Yes,No,No,0
STU01669,19,Male,STEM,14.9,68.8,72.2,72.1,72.8,Bachelor,Yes,Yes,No,0
STU01670,20,Female,STEM,17.6,100.0,87.7,72.1,81.4,Bachelor,Yes,No,No,0
STU01671,21,Non-binary,STEM,10.3,78.4,71.8,66.3,64.9,Bachelor,Yes,Yes,No,0
STU01672,19,Male,Commerce,18.4,88.8,83.7,84.5,76.5,High School,Yes,Yes,Yes,0
STU01673,17,Non-binary,STEM,10.2,81.3,79.1,76.8,76.7,Bachelor,Yes,No,No,0
STU01674,21,Female,STEM,6.9,93.0,82.6,83.8,74.4,Bachelor,Yes,Yes,Yes,0
STU01675,20,Male,Arts,11.5,66.5,63.5,69.8,56.6,High School,No,Yes,No,1
STU01676,22,Male,Arts,12.5,94.9,79.8,76.4,69.2,High School,Yes,Yes,Yes,0
STU01677,16,Male,Humanities,12.4,94.3,79.9,90.9,67.9,Bachelor,Yes,Yes,Yes,0
STU01678,18,Non-binary,Humanities,17.6,84.6,63.3,57.2,57.9,Bachelor,Yes,No,No,0
STU01679,22,Male,Commerce,13.5,86.0,67.5,69.5,73.6,High School,Yes,No,No,0
STU01680,19,Male,STEM,14.4,80.1,85.3,73.3,78.4,High School,Yes,No,No,0
STU01681,22,Male,Humanities,19.1,82.4,73.9,77.4,65.2,High School,Yes,No,Yes,0
STU01682,15,Female,STEM,14.2,87.6,100.0,90.5,74.1,Bachelor,Yes,No,No,0
STU01683,15,Male,Humanities,14.0,86.9,87.2,87.5,83.5,Bachelor,Yes,Yes,Yes,0
STU01684,21,Male,Arts,6.6,81.7,75.4,62.0,63.9,High School,Yes,No,No,0
STU01685,17,Male,Commerce,28.5,93.3,100.0,100.0,79.1,Master,Yes,Yes,No,0
STU01686,19,Male,Arts,4.6,75.8,75.9,57.0,77.5,High School,Yes,Yes,Yes,1
STU01687,18,Female,Commerce,8.6,92.4,75.25,72.1,63.5,High School,No,No,No,1
STU01688,18,Female,Commerce,10.4,83.3,60.0,64.0,71.0,High School,Yes,No,Yes,0
STU01689,22,Female,Commerce,22.5,91.1,91.6,89.2,84.9,Bachelor,Yes,No,No,0
STU01690,15,Male,Commerce,9.1,78.5,86.1,85.7,64.5,Bachelor,Yes,Yes,No,0
STU01691,21,Female,Humanities,13.0,90.9,71.8,88.6,74.2,High School,No,No,No,0
STU01692,22,Male,STEM,9.3,83.6,55.1,55.2,44.2,Bachelor,Yes,Yes,Yes,0
STU01693,20,Male,Humanities,7.1,79.1,60.0,45.3,50.1,Bachelor,Yes,Yes,No,1
STU01694,18,Male,STEM,15.6,93.3,97.8,75.2,70.7,Master,Yes,No,No,0
STU01695,16,Female,Humanities,6.6,65.8,68.2,56.3,52.4,Master,No,Yes,No,1
STU01696,20,Male,STEM,13.9,80.6,90.8,82.8,76.9,Bachelor,Yes,No,No,0
STU01697,18,Female,Humanities,15.8,78.8,77.4,75.1,71.5,High School,Yes,No,No,0
STU01698,16,Male,STEM,21.6,89.3,78.9,74.2,64.4,High School,Yes,No,No,0
STU01699,17,Female,STEM,6.1,81.9,91.9,87.4,68.7,Master,Yes,Yes,No,0
STU01700,22,Female,Humanities,11.1,81.5,70.5,74.2,51.4,Bachelor,Yes,Yes,No,0
STU01701,17,Female,STEM,12.5,76.5,71.7,85.1,72.9,Bachelor,Yes,No,No,0
STU01702,16,Male,Arts,13.0,82.3,80.5,61.1,66.9,Master,Yes,No,No,0
STU01703,20,Female,Humanities,24.6,90.3,83.4,99.8,77.1,Master,Yes,No,No,0
STU01704,16,Male,Humanities,11.0,80.1,81.7,72.7,77.7,Bachelor,Yes,Yes,No,0
STU01705,22,Male,STEM,0.5,85.7,71.7,54.7,58.6,Master,Yes,Yes,No,1
STU01706,21,Male,Commerce,12.1,88.9,81.5,75.2,70.1,High School,Yes,No,Yes,0
STU01707,22,Female,Commerce,12.5,82.4,69.3,64.3,59.5,Bachelor,Yes,No,No,0
STU01708,22,Female,Humanities,11.9,63.2,54.2,61.3,48.8,Master,Yes,No,No,1
STU01709,16,Female,STEM,8.6,78.7,63.4,70.6,54.7,High School,Yes,Yes,No,0
STU01710,16,Female,Commerce,3.9,83.4,61.8,41.4,57.8,High School,No,Yes,No,1
STU01711,17,Male,Arts,22.7,86.6,87.0,100.0,86.7,Bachelor,Yes,No,Yes,0
STU01712,18,Female,Humanities,14.4,85.5,69.5,75.3,60.4,Bachelor,Yes,No,No,0
STU01713,22,Female,STEM,8.9,78.8,57.4,59.7,64.4,High School,No,Yes,No,1
STU01714,20,Female,STEM,21.4,88.1,72.0,88.4,75.8,High School,Yes,Yes,No,0
STU01715,20,Male,STEM,9.1,93.9,79.4,73.7,62.8,High School,Yes,No,Yes,0
STU01716,22,Female,Commerce,12.5,88.5,83.7,72.6,84.7,High School,No,Yes,No,0
STU01717,20,Male,Arts,4.2,68.1,61.1,50.9,41.7,Master,No,Yes,No,1
STU01718,18,Female,Arts,16.4,72.7,72.3,87.6,64.9,Bachelor,Yes,No,Yes,0
STU01719,18,Non-binary,Commerce,4.7,82.3,75.8,52.4,57.3,Bachelor,No,Yes,No,1
STU01720,19,Male,STEM,15.1,92.7,81.4,76.7,75.8,High School,Yes,No,No,0
STU01721,15,Female,Arts,20.6,74.6,91.7,77.6,70.7,High School,Yes,Yes,Yes,0
STU01722,20,Female,STEM,13.4,81.0,74.3,77.1,52.8,High School,Yes,No,No,0
STU01723,20,Female,STEM,3.1,99.0,63.8,56.3,57.6,Master,Yes,No,Yes,1
STU01724,20,Female,Commerce,13.2,80.4,86.5,68.4,61.8,Master,Yes,No,No,0
STU01725,19,Female,STEM,15.2,100.0,78.3,70.0,69.6,High School,Yes,No,No,0
STU01726,21,Male,Commerce,17.1,77.7,70.0,75.7,62.1,Master,Yes,No,No,0
STU01727,22,Male,Arts,18.4,79.7,88.3,87.3,70.2,High School,Yes,Yes,No,0
STU01728,19,Female,Commerce,19.9,79.9,95.0,74.1,74.8,High School,Yes,No,No,0
STU01729,18,Male,Commerce,11.2,71.4,73.9,64.9,57.1,Bachelor,Yes,Yes,No,0
STU01730,15,Female,Humanities,10.0,67.6,60.3,64.4,50.0,High School,Yes,No,No,0
STU01731,21,Non-binary,STEM,6.8,77.9,75.25,80.7,75.6,Master,Yes,Yes,No,0
STU01732,22,Female,Commerce,9.4,82.0,76.9,76.7,60.2,High School,Yes,Yes,No,0
STU01733,20,Male,Humanities,15.1,77.7,78.6,73.3,66.9,Bachelor,Yes,No,No,0
STU01734,21,Male,Arts,4.9,77.0,64.6,67.5,57.2,High School,No,No,Yes,1
STU01735,21,Female,STEM,5.6,92.7,83.9,66.4,54.6,High School,No,Yes,Yes,1
STU01736,21,Female,STEM,15.5,93.3,75.25,48.2,53.8,High School,Yes,No,Yes,0
STU01737,19,Female,Humanities,10.1,81.1,61.4,75.3,62.0,Master,Yes,No,Yes,0
STU01738,15,Male,Commerce,14.7,86.7,97.0,88.5,79.8,Bachelor,Yes,No,No,0
STU01739,15,Male,Commerce,9.3,67.7,61.2,64.3,50.3,Bachelor,Yes,No,No,0
STU01740,16,Male,Arts,13.1,84.7,86.1,78.2,72.6,High School,Yes,Yes,No,0
STU01741,18,Male,STEM,9.5,82.4,87.0,77.0,72.3,High School,Yes,No,Yes,0
STU01742,20,Male,Humanities,3.2,75.0,69.0,59.6,59.3,High School,Yes,Yes,No,1
STU01743,18,Female,STEM,16.1,86.1,70.2,72.0,72.6,Bachelor,Yes,Yes,Yes,0
STU01744,15,Male,STEM,8.7,81.5,78.8,64.8,72.2,High School,Yes,Yes,Yes,0
STU01745,16,Male,Humanities,11.9,71.4,86.6,77.7,70.3,High School,Yes,No,No,0
STU01746,22,Female,Humanities,9.9,96.5,80.1,64.9,58.0,Bachelor,Yes,No,Yes,0
STU01747,22,Male,Humanities,15.5,91.2,72.2,65.4,65.2,Bachelor,Yes,No,No,0
STU01748,18,Female,Humanities,14.5,80.0,79.5,78.9,61.9,High School,Yes,No,No,0
STU01749,21,Female,Commerce,15.4,69.4,61.0,77.2,69.0,High School,Yes,No,No,0
STU01750,20,Male,Commerce,9.3,63.1,59.1,55.5,61.3,High School,Yes,Yes,Yes,1
STU01751,22,Female,STEM,12.8,98.4,76.7,68.6,69.6,Bachelor,Yes,No,No,0
STU01752,22,Female,STEM,14.9,81.9,77.8,62.8,74.1,High School,Yes,No,No,0
STU01753,20,Female,Commerce,20.0,91.7,71.2,68.5,77.9,Bachelor,Yes,No,No,0
STU01754,18,Male,Commerce,14.4,75.5,77.9,65.7,67.5,High School,Yes,No,No,0
STU01755,20,Male,Commerce,8.5,80.0,77.2,76.9,70.2,Master,Yes,No,Yes,0
STU01756,17,Female,STEM,14.2,80.9,74.3,60.2,70.3,Master,Yes,No,No,0
STU01757,17,Female,Humanities,11.1,85.5,53.6,65.0,48.5,High School,Yes,Yes,Yes,0
STU01758,19,Female,Arts,4.0,79.1,69.4,58.5,57.9,High School,Yes,No,No,1
STU01759,19,Male,Humanities,1.5,69.9,82.7,68.7,64.0,High School,No,Yes,No,1
STU01760,19,Female,Humanities,11.5,76.3,78.0,82.1,59.0,Bachelor,Yes,Yes,Yes,0
STU01761,18,Male,Arts,13.1,83.8,76.4,73.6,81.7,Bachelor,Yes,No,Yes,0
STU01762,18,Male,STEM,11.7,67.8,68.0,77.5,70.7,Bachelor,Yes,No,No,0
STU01763,15,Female,Commerce,17.0,77.7,83.6,93.7,84.9,High School,Yes,No,No,0
STU01764,19,Male,Arts,8.8,79.3,74.1,78.8,69.0,High School,Yes,No,No,0
STU01765,19,Male,STEM,6.8,82.8,78.4,62.4,55.6,Bachelor,Yes,No,No,0
STU01766,22,Male,Commerce,6.1,91.4,61.7,43.7,44.1,Bachelor,No,Yes,No,1
STU01767,19,Female,Humanities,7.1,76.0,71.3,63.9,58.6,Bachelor,No,Yes,No,1
STU01768,18,Male,Arts,12.7,82.6,71.1,72.4,70.8,Bachelor,Yes,No,No,0
STU01769,15,Male,Arts,9.4,65.9,73.3,52.7,59.5,Bachelor,Yes,No,No,1
STU01770,16,Male,Arts,3.4,80.8,48.9,51.2,59.9,Bachelor,Yes,No,No,1
STU01771,17,Non-binary,STEM,1.4,70.0,60.5,33.2,40.6,Master,Yes,No,No,1
STU01772,18,Female,Commerce,12.4,79.7,80.3,87.1,69.8,Bachelor,Yes,Yes,No,0
STU01773,17,Male,Arts,6.7,85.4,78.9,71.7,65.7,Master,Yes,Yes,Yes,0
STU01774,18,Male,Commerce,4.0,82.5,68.8,53.8,47.2,Master,Yes,No,No,1
STU01775,21,Female,Commerce,15.8,74.1,54.5,67.9,70.0,High School,Yes,No,Yes,0
STU01776,16,Female,STEM,20.0,92.0,89.7,89.4,80.4,Bachelor,Yes,No,No,0
STU01777,17,Female,Arts,12.6,82.0,91.3,83.8,77.0,Bachelor,Yes,No,No,0
STU01778,16,Male,STEM,14.2,95.1,71.2,73.2,75.1,High School,Yes,No,Yes,0
STU01779,17,Female,STEM,14.2,94.7,75.2,72.1,67.9,Bachelor,Yes,No,No,0
STU01780,20,Male,Arts,1.4,90.1,76.9,51.0,59.0,High School,Yes,Yes,No,1
STU01781,15,Female,Arts,15.8,74.3,84.5,79.4,71.9,High School,Yes,Yes,Yes,0
STU01782,17,Female,Arts,17.4,87.6,91.3,99.5,90.3,High School,Yes,Yes,No,0
STU01783,15,Male,Humanities,21.3,73.6,90.3,86.3,78.4,Bachelor,Yes,No,No,0
STU01784,22,Female,STEM,9.8,91.4,60.1,64.8,40.7,Bachelor,Yes,Yes,No,0
STU01785,20,Male,Humanities,6.7,91.2,68.3,55.1,52.1,Bachelor,Yes,Yes,No,1
STU01786,16,Female,STEM,17.9,92.5,88.0,100.0,73.4,High School,Yes,Yes,No,0
STU01787,16,Male,Arts,14.0,79.5,75.1,76.5,81.9,Bachelor,Yes,Yes,No,0
STU01788,15,Female,Humanities,16.9,88.6,83.8,71.2,82.6,High School,Yes,No,No,0
STU01789,18,Non-binary,Humanities,10.1,78.7,71.6,77.1,50.3,High School,Yes,No,Yes,0
STU01790,21,Male,STEM,13.0,82.6,71.6,62.9,56.3,High School,Yes,Yes,No,0
STU01791,19,Female,Humanities,8.3,79.6,69.3,70.8,52.4,Master,Yes,No,No,0
STU01792,22,Female,Arts,11.8,67.9,60.6,73.5,61.2,High School,Yes,Yes,Yes,0
STU01793,17,Female,Commerce,10.2,74.7,64.8,81.6,57.3,Bachelor,Yes,Yes,No,0
STU01794,17,Male,STEM,22.3,100.0,86.1,90.1,82.2,Master,Yes,Yes,Yes,0
STU01795,18,Male,STEM,15.5,82.9,77.4,77.3,61.1,High School,Yes,No,No,0
STU01796,16,Female,Humanities,3.3,81.4,74.1,45.8,56.9,Master,Yes,No,Yes,1
STU01797,22,Female,STEM,13.0,82.4,73.0,68.5,53.7,High School,Yes,No,No,0
STU01798,16,Male,Arts,14.7,79.9,93.4,77.5,92.1,High School,Yes,No,No,0
STU01799,18,Male,Commerce,9.7,81.3,85.5,72.7,79.1,High School,Yes,Yes,No,0
STU01800,19,Male,STEM,6.0,76.0,64.2,56.3,71.7,Bachelor,No,No,No,1
STU01801,15,Female,Commerce,16.0,67.5,76.8,83.4,73.8,Master,Yes,No,Yes,0
STU01802,18,Male,Humanities,5.5,87.4,83.5,64.1,75.4,Bachelor,No,Yes,Yes,1
STU01803,18,Non-binary,STEM,14.4,96.0,73.5,77.7,78.0,Bachelor,Yes,Yes,No,0
STU01804,17,Female,Humanities,5.1,71.6,60.1,56.7,44.9,High School,No,Yes,Yes,1
STU01805,16,Female,STEM,7.4,78.6,83.8,65.9,61.7,Master,No,Yes,Yes,1
STU01806,15,Female,Humanities,16.1,95.8,88.1,76.6,79.6,High School,Yes,Yes,No,0
STU01807,15,Male,Commerce,14.0,76.7,86.1,81.0,80.5,High School,Yes,Yes,No,0
STU01808,18,Female,Arts,13.1,87.6,80.3,86.5,74.1,Master,Yes,No,Yes,0
STU01809,15,Male,STEM,12.9,100.0,77.1,68.0,73.9,High School,Yes,No,No,0
STU01810,22,Male,Commerce,13.4,89.7,64.4,69.1,62.4,High School,Yes,No,Yes,0
STU01811,16,Male,STEM,9.4,81.4,74.3,72.6,62.2,High School,Yes,No,No,0
STU01812,20,Male,Humanities,6.2,88.4,84.4,69.6,56.7,High School,Yes,No,Yes,0
STU01813,20,Female,STEM,14.4,89.3,90.9,67.7,75.7,Bachelor,Yes,Yes,No,0
STU01814,18,Male,Humanities,19.9,82.3,91.7,92.0,78.1,High School,Yes,No,Yes,0
STU01815,22,Female,STEM,15.7,69.8,83.0,67.6,58.0,Master,Yes,No,No,0
STU01816,15,Male,Arts,14.1,89.7,100.0,73.6,72.9,High School,Yes,No,Yes,0
STU01817,16,Male,Arts,7.6,86.0,57.1,48.6,54.7,Bachelor,Yes,No,No,1
STU01818,17,Male,STEM,15.7,81.3,80.0,77.0,75.9,Bachelor,Yes,Yes,No,0
STU01819,16,Male,Commerce,15.2,96.6,71.3,66.1,66.8,Bachelor,Yes,No,No,0
STU01820,17,Female,STEM,15.2,97.0,96.3,73.6,85.4,Bachelor,Yes,Yes,Yes,0
STU01821,17,Male,Commerce,16.5,90.2,74.7,79.8,83.1,Bachelor,Yes,Yes,No,0
STU01822,21,Male,STEM,20.1,83.4,91.5,88.1,78.6,Bachelor,Yes,No,No,0
STU01823,17,Male,STEM,8.0,65.5,63.9,68.6,63.7,Master,Yes,No,Yes,0
STU01824,22,Female,Commerce,6.0,79.9,74.3,59.2,54.4,High School,Yes,Yes,Yes,1
STU01825,21,Female,Humanities,10.5,66.6,69.4,67.3,50.5,High School,Yes,Yes,No,1
STU01826,22,Male,Humanities,8.8,61.7,68.0,71.7,52.0,Bachelor,Yes,No,No,0
STU01827,15,Female,Humanities,4.9,84.0,73.5,53.0,51.1,High School,No,Yes,No,1
STU01828,22,Male,STEM,18.5,94.3,91.8,81.4,77.0,High School,Yes,No,No,0
STU01829,19,Male,STEM,8.5,64.8,67.5,72.7,73.1,Master,Yes,No,No,0
STU01830,22,Male,Commerce,11.0,81.5,83.1,74.7,65.5,High School,No,No,Yes,0
STU01831,17,Female,Commerce,4.5,78.5,79.0,64.3,58.3,High School,Yes,Yes,No,0
STU01832,22,Male,STEM,13.3,80.2,71.4,71.5,66.6,Bachelor,Yes,No,No,0
STU01833,19,Female,Humanities,18.3,73.8,96.8,98.5,73.3,High School,Yes,No,No,0
STU01834,15,Female,Commerce,17.3,95.0,89.3,84.0,80.7,High School,Yes,Yes,No,0
STU01835,18,Male,Commerce,17.7,73.8,73.2,77.8,73.5,High School,Yes,No,No,0
STU01836,16,Female,Commerce,12.6,66.7,78.3,74.0,75.7,High School,Yes,No,No,0
STU01837,22,Female,Humanities,16.8,75.2,87.5,69.9,79.9,High School,Yes,Yes,Yes,0
STU01838,17,Female,Humanities,12.9,86.3,82.6,80.4,75.2,Bachelor,No,No,No,0
STU01839,16,Male,Humanities,11.0,81.4,76.2,64.8,62.5,High School,Yes,No,Yes,0
STU01840,19,Male,STEM,14.7,79.1,41.9,49.9,49.6,High School,Yes,No,Yes,1
STU01841,18,Female,STEM,17.0,88.5,70.5,61.5,68.7,Bachelor,Yes,No,No,0
STU01842,15,Female,STEM,5.8,81.9,77.2,53.8,58.3,High School,Yes,Yes,No,1
STU01843,21,Male,Commerce,8.2,61.8,57.9,41.9,45.8,High School,Yes,No,No,1
STU01844,21,Female,STEM,12.3,88.3,81.9,67.3,62.1,High School,Yes,No,Yes,0
STU01845,20,Male,Commerce,6.3,88.9,81.1,64.9,69.4,High School,Yes,Yes,No,0
STU01846,19,Male,Humanities,7.4,78.9,69.8,73.0,64.4,High School,Yes,No,No,0
STU01847,18,Male,Humanities,11.1,79.7,56.2,63.0,52.0,High School,Yes,No,No,0
STU01848,19,Male,Commerce,17.5,99.6,75.7,80.3,85.9,Master,Yes,No,No,0
STU01849,19,Male,Commerce,16.2,78.2,84.2,90.9,77.7,Master,Yes,Yes,No,0
STU01850,16,Male,STEM,13.2,83.2,88.8,56.7,56.9,Master,Yes,Yes,Yes,0
STU01851,15,Female,Commerce,13.8,85.5,56.3,68.6,68.1,High School,Yes,No,No,0
STU01852,17,Female,Humanities,21.2,88.5,84.2,88.7,75.5,Bachelor,Yes,Yes,Yes,0
STU01853,18,Male,STEM,10.6,79.2,58.7,69.7,56.8,Bachelor,Yes,No,No,0
STU01854,16,Female,Commerce,14.1,83.7,77.9,61.2,64.2,High School,Yes,No,No,0
STU01855,15,Male,Commerce,8.3,94.9,73.5,62.6,70.0,Master,No,No,Yes,0
STU01856,21,Male,STEM,6.0,87.8,95.4,67.1,68.9,Bachelor,Yes,Yes,Yes,0
STU01857,17,Male,Arts,18.3,84.2,74.9,68.5,73.3,High School,Yes,No,No,0
STU01858,19,Female,Commerce,11.6,74.9,83.7,93.9,63.0,Master,Yes,No,No,0
STU01859,19,Male,Commerce,16.1,78.0,87.3,77.5,65.4,High School,Yes,No,No,0
STU01860,20,Male,STEM,10.7,89.0,73.7,77.4,68.7,High School,Yes,Yes,No,0
STU01861,20,Female,STEM,18.6,72.2,79.0,86.7,68.4,High School,Yes,No,No,0
STU01862,17,Male,Humanities,6.5,98.8,74.6,54.2,60.2,High School,No,No,No,1
STU01863,21,Male,Commerce,18.2,84.5,72.8,73.6,75.1,Master,Yes,No,No,0
STU01864,17,Non-binary,Humanities,15.8,72.7,67.5,73.2,59.0,Bachelor,Yes,Yes,No,0
STU01865,21,Male,Commerce,4.9,80.3,65.2,62.9,51.8,High School,Yes,No,No,0
STU01866,18,Female,STEM,9.5,76.5,60.6,65.4,58.6,Bachelor,Yes,Yes,Yes,0
STU01867,15,Female,Commerce,16.4,80.6,73.0,89.9,58.3,Master,Yes,Yes,No,0
STU01868,21,Male,Commerce,18.4,74.8,76.3,86.9,80.2,Master,No,No,Yes,0
STU01869,15,Female,Commerce,16.2,82.0,79.8,84.0,74.6,Master,Yes,No,No,0
STU01870,21,Female,Commerce,11.2,66.7,75.5,79.0,65.9,Master,Yes,No,Yes,0
STU01871,15,Female,Arts,7.4,75.1,68.1,74.6,57.8,Bachelor,Yes,Yes,No,0
STU01872,16,Female,STEM,12.3,75.5,66.1,63.3,64.9,High School,No,Yes,No,0
STU01873,19,Male,Commerce,9.9,77.0,76.6,57.7,59.5,Master,Yes,Yes,No,0
STU01874,22,Female,Arts,12.3,75.0,80.0,67.3,72.8,High School,Yes,Yes,No,0
STU01875,18,Male,Humanities,12.0,82.4,70.7,59.0,49.8,High School,Yes,No,Yes,0
STU01876,15,Female,STEM,15.8,90.8,70.0,66.0,67.3,High School,Yes,Yes,No,0
STU01877,16,Male,Arts,19.9,88.4,77.9,82.7,76.1,High School,Yes,Yes,No,0
STU01878,22,Female,STEM,15.6,94.0,78.6,73.1,74.3,Bachelor,No,No,No,0
STU01879,20,Male,STEM,11.8,77.9,85.4,81.6,81.4,Master,Yes,Yes,No,0
STU01880,15,Female,STEM,7.8,82.7,79.0,71.6,56.1,High School,Yes,Yes,No,0
STU01881,18,Male,Humanities,16.0,86.7,79.0,81.1,63.6,Bachelor,Yes,No,No,0
STU01882,17,Female,Humanities,19.3,94.5,100.0,81.1,80.4,High School,Yes,Yes,No,0
STU01883,16,Female,Humanities,17.5,78.6,78.1,72.4,56.4,Bachelor,Yes,No,No,0
STU01884,21,Female,Arts,13.9,89.2,92.2,66.5,88.5,High School,Yes,No,No,0
STU01885,19,Male,Humanities,10.8,74.6,84.7,79.5,76.1,High School,Yes,No,No,0
STU01886,16,Male,Humanities,11.4,77.2,85.0,91.2,77.6,Bachelor,No,Yes,No,0
STU01887,20,Female,Arts,17.0,81.4,81.9,82.0,79.4,Bachelor,Yes,Yes,No,0
STU01888,18,Female,Commerce,14.0,88.5,79.1,78.1,80.8,High School,Yes,No,Yes,0
STU01889,15,Male,STEM,11.3,73.0,72.6,65.8,57.5,High School,Yes,Yes,No,0
STU01890,18,Male,STEM,8.7,74.9,79.5,68.6,61.2,High School,Yes,Yes,Yes,0
STU01891,16,Female,Commerce,23.5,82.4,75.8,95.2,81.8,Bachelor,Yes,Yes,No,0
STU01892,16,Male,Commerce,7.8,80.5,68.9,65.3,56.7,High School,Yes,Yes,No,0
STU01893,22,Male,Humanities,7.4,72.4,86.1,77.0,60.6,High School,Yes,Yes,No,0
STU01894,20,Male,STEM,13.7,84.9,83.2,87.9,71.5,Master,Yes,No,No,0
STU01895,16,Female,Commerce,12.1,79.2,84.0,84.9,75.2,Bachelor,Yes,No,No,0
STU01896,21,Female,Commerce,17.6,89.8,68.7,75.5,76.4,High School,Yes,No,No,0
STU01897,19,Female,Humanities,16.6,84.6,74.7,77.7,62.0,Bachelor,Yes,Yes,No,0
STU01898,21,Male,Arts,6.3,93.5,76.6,63.3,62.5,High School,Yes,Yes,No,0
STU01899,20,Female,Commerce,9.6,81.9,72.8,72.3,64.3,High School,Yes,No,No,0
STU01900,17,Male,Commerce,9.1,72.9,58.6,58.1,44.4,Bachelor,Yes,No,Yes,0
STU01901,19,Male,Commerce,16.5,84.3,86.5,84.9,79.7,High School,Yes,No,Yes,0
STU01902,19,Male,Commerce,11.7,82.4,86.0,84.9,73.2,High School,No,Yes,Yes,0
STU01903,20,Female,Humanities,10.1,73.9,69.0,53.7,50.1,Master,Yes,Yes,No,0
STU01904,16,Female,Humanities,14.0,95.0,87.4,64.9,68.3,Bachelor,Yes,No,No,0
STU01905,17,Female,Commerce,6.7,77.1,90.3,72.6,71.4,Master,Yes,Yes,No,0
STU01906,16,Male,Commerce,8.5,75.3,86.2,78.5,75.6,Master,Yes,Yes,No,0
STU01907,17,Male,Humanities,5.9,80.7,67.8,64.3,61.1,High School,Yes,Yes,No,0
STU01908,16,Female,STEM,12.5,75.0,62.8,57.3,70.6,Bachelor,Yes,Yes,No,0
STU01909,15,Male,Commerce,13.6,90.5,80.4,83.3,81.8,High School,Yes,No,No,0
STU01910,22,Female,Commerce,8.6,86.6,97.0,93.4,82.6,Bachelor,Yes,No,No,0
STU01911,15,Female,STEM,14.9,86.3,91.5,75.6,69.9,High School,Yes,No,Yes,0
STU01912,22,Female,Humanities,16.6,88.8,79.9,73.4,80.0,High School,Yes,Yes,No,0
STU01913,15,Male,STEM,8.4,76.4,86.7,73.5,62.2,High School,Yes,No,No,0
STU01914,21,Female,Arts,11.5,71.8,84.1,74.5,72.9,Bachelor,Yes,No,Yes,0
STU01915,17,Female,Arts,15.3,80.9,58.3,77.7,47.5,High School,Yes,No,No,0
STU01916,19,Male,Humanities,13.0,78.4,75.25,80.1,68.4,Bachelor,Yes,No,No,0
STU01917,17,Male,Humanities,6.8,63.4,68.2,60.8,45.0,Master,Yes,No,No,1
STU01918,18,Female,Commerce,9.8,72.5,62.6,59.2,53.9,Bachelor,Yes,Yes,No,0
STU01919,18,Female,Humanities,10.9,73.7,73.3,57.8,48.7,High School,Yes,No,Yes,0
STU01920,19,Male,Arts,12.2,73.7,77.5,84.3,69.6,High School,Yes,No,No,0
STU01921,18,Female,STEM,12.4,94.8,70.2,75.3,72.1,Master,Yes,No,Yes,0
STU01922,19,Female,STEM,20.0,89.7,81.5,83.0,72.7,Bachelor,Yes,No,No,0
STU01923,21,Male,Humanities,8.9,88.3,70.8,67.5,61.4,High School,No,Yes,No,0
STU01924,18,Female,STEM,3.3,82.2,76.5,62.2,61.2,Master,No,No,No,1
STU01925,17,Male,Commerce,12.2,90.8,74.1,57.6,63.4,High School,Yes,Yes,No,0
STU01926,16,Female,Commerce,20.9,88.2,66.1,66.4,77.3,High School,Yes,No,Yes,0
STU01927,17,Female,STEM,11.0,93.7,72.4,68.0,61.6,High School,Yes,Yes,No,0
STU01928,16,Female,Humanities,11.0,71.7,62.6,63.5,61.4,High School,Yes,No,No,0
STU01929,16,Female,Commerce,11.6,81.3,61.6,65.4,62.0,High School,Yes,No,No,0
STU01930,22,Female,Commerce,13.6,76.5,86.8,92.6,64.8,Bachelor,No,No,Yes,0
STU01931,15,Female,Humanities,11.6,93.8,85.4,73.9,73.0,High School,Yes,No,Yes,0
STU01932,18,Male,STEM,3.0,81.3,58.5,48.5,49.3,Bachelor,No,Yes,No,1
STU01933,21,Male,Humanities,8.8,90.1,75.25,62.9,56.4,Bachelor,Yes,Yes,No,0
STU01934,22,Female,Humanities,11.5,70.5,71.1,58.5,71.2,Master,Yes,Yes,No,0
STU01935,16,Male,Commerce,14.2,78.2,62.6,70.0,71.5,High School,Yes,Yes,No,0
STU01936,16,Male,Humanities,10.4,67.0,68.1,61.3,52.1,Bachelor,Yes,No,No,0
STU01937,17,Male,STEM,11.7,84.8,76.1,73.9,72.3,High School,Yes,No,No,0
STU01938,19,Female,Commerce,12.0,78.6,77.3,71.5,71.6,Bachelor,Yes,Yes,No,0
STU01939,22,Female,Humanities,9.5,86.9,77.6,69.2,67.2,High School,Yes,No,No,0
STU01940,16,Female,STEM,11.4,82.0,66.8,72.6,56.2,Bachelor,Yes,Yes,No,0
STU01941,16,Female,Humanities,13.9,67.8,74.0,79.5,59.9,High School,Yes,Yes,Yes,0
STU01942,17,Female,Arts,6.5,66.2,80.2,84.5,69.6,Bachelor,Yes,Yes,No,1
STU01943,21,Male,Commerce,13.2,83.2,55.2,69.9,64.3,High School,Yes,Yes,No,0
STU01944,15,Male,STEM,8.1,86.0,76.3,66.3,62.0,High School,Yes,No,Yes,0
STU01945,18,Female,Commerce,8.2,64.6,56.6,54.4,59.5,Bachelor,Yes,No,Yes,1
STU01946,15,Female,STEM,10.0,82.4,87.7,78.2,81.7,High School,Yes,No,Yes,0
STU01947,16,Female,Humanities,19.1,77.1,87.5,97.1,90.7,Bachelor,Yes,No,No,0
STU01948,22,Male,Humanities,5.3,70.1,75.2,71.5,71.1,Bachelor,Yes,No,No,0
STU01949,15,Male,STEM,8.9,75.4,62.7,57.3,55.4,Bachelor,No,No,No,1
STU01950,17,Female,STEM,10.9,82.5,77.0,75.3,58.3,Bachelor,No,No,No,0
STU01951,22,Male,Arts,18.3,82.4,82.9,84.2,72.9,Bachelor,Yes,No,No,0
STU01952,19,Non-binary,STEM,21.8,70.5,56.1,82.6,65.8,Master,Yes,No,No,0
STU01953,15,Male,Commerce,9.9,82.0,74.9,72.0,61.0,High School,Yes,Yes,No,0
STU01954,18,Male,Commerce,14.2,82.2,82.9,80.0,69.7,Bachelor,Yes,Yes,Yes,0
STU01955,22,Male,Humanities,12.6,74.8,59.8,56.3,48.0,Bachelor,Yes,No,No,0
STU01956,18,Female,STEM,10.5,80.9,79.7,78.8,74.0,High School,No,No,Yes,0
STU01957,19,Female,STEM,14.2,80.2,77.3,64.3,77.0,High School,Yes,No,No,0
STU01958,19,Male,STEM,3.9,78.7,82.1,67.0,79.1,High School,No,No,No,1
STU01959,20,Female,Humanities,12.8,80.4,71.2,66.7,65.6,Bachelor,Yes,No,No,0
STU01960,16,Male,Arts,15.0,86.7,80.1,72.7,69.5,High School,Yes,No,Yes,0
STU01961,21,Female,Arts,9.1,80.3,75.9,73.8,65.3,Bachelor,Yes,No,No,0
STU01962,22,Female,STEM,13.9,89.4,50.0,62.8,68.2,Bachelor,Yes,Yes,No,0
STU01963,16,Female,STEM,5.2,91.6,68.5,42.4,63.6,Bachelor,Yes,No,No,1
STU01964,21,Non-binary,STEM,12.3,84.0,76.5,71.3,65.6,High School,Yes,Yes,Yes,0
STU01965,21,Female,Arts,17.8,79.6,55.3,66.4,69.8,Bachelor,Yes,Yes,No,0
STU01966,20,Female,STEM,10.0,69.6,77.6,81.0,67.6,Bachelor,No,No,No,1
STU01967,17,Female,STEM,7.4,85.1,73.1,56.1,54.3,High School,Yes,Yes,No,1
STU01968,18,Male,Commerce,4.6,71.5,68.0,76.0,58.7,High School,No,No,No,1
STU01969,21,Non-binary,Humanities,14.8,100.0,88.3,87.9,92.2,High School,Yes,No,No,0
STU01970,16,Female,STEM,17.2,100.0,78.8,77.2,80.5,Master,Yes,No,Yes,0
STU01971,21,Male,Commerce,11.5,80.1,74.7,67.9,61.0,High School,Yes,Yes,No,0
STU01972,22,Female,STEM,10.9,70.2,80.3,68.0,70.5,High School,Yes,No,Yes,0
STU01973,20,Male,STEM,4.3,85.8,70.7,64.1,64.7,High School,Yes,No,Yes,0
STU01974,17,Female,STEM,13.6,99.5,61.7,61.4,61.5,High School,Yes,No,No,0
STU01975,19,Male,Humanities,9.9,70.6,71.5,67.1,55.4,High School,Yes,No,No,0
STU01976,15,Male,Arts,10.2,96.4,77.5,62.4,58.6,Bachelor,Yes,No,No,0
STU01977,22,Male,Humanities,20.3,70.9,87.8,92.5,66.9,High School,Yes,No,No,0
STU01978,17,Female,Commerce,4.9,69.2,63.5,60.3,48.9,Bachelor,Yes,No,Yes,1
STU01979,15,Male,STEM,5.5,83.5,60.7,54.6,52.8,High School,Yes,No,Yes,1
STU01980,21,Non-binary,Commerce,12.8,90.5,67.8,67.7,74.0,High School,Yes,Yes,No,0
STU01981,20,Female,Arts,11.3,83.2,89.2,72.0,76.4,Bachelor,Yes,No,Yes,0
STU01982,19,Male,Humanities,9.5,84.5,76.6,72.4,67.7,Bachelor,Yes,Yes,No,0
STU01983,15,Male,Arts,11.0,90.4,90.1,67.6,57.8,Master,No,Yes,No,0
STU01984,21,Female,Commerce,13.0,92.2,93.4,88.5,81.6,High School,Yes,Yes,No,0
STU01985,20,Male,Commerce,7.4,75.0,62.6,62.7,44.8,Bachelor,Yes,Yes,No,0
STU01986,21,Female,STEM,9.1,73.8,62.9,59.7,62.2,Bachelor,Yes,Yes,No,0
STU01987,21,Male,Commerce,13.2,91.0,76.6,78.7,77.7,High School,Yes,No,No,0
STU01988,16,Female,Humanities,13.8,86.4,83.5,80.9,73.9,Bachelor,Yes,No,No,0
STU01989,16,Female,Arts,15.2,88.1,64.8,62.5,69.1,High School,Yes,No,No,0
STU01990,22,Male,Arts,7.2,76.6,74.8,77.0,71.6,High School,No,Yes,Yes,1
STU01991,19,Male,Humanities,14.6,88.3,82.4,58.2,67.9,Bachelor,Yes,No,No,0
STU01992,18,Male,Arts,16.1,77.1,65.8,81.0,66.5,Bachelor,Yes,Yes,Yes,0
STU01993,17,Non-binary,Arts,13.2,84.5,65.6,67.7,54.2,Master,Yes,No,No,0
STU01994,20,Female,Humanities,11.3,82.6,79.1,80.9,67.7,Master,Yes,Yes,No,0
STU01995,21,Female,STEM,9.9,82.0,94.2,89.8,69.6,High School,No,No,No,0
STU01996,15,Female,STEM,10.2,89.4,72.4,65.4,57.3,Bachelor,Yes,No,Yes,0
STU01997,19,Female,STEM,7.6,73.9,73.3,63.3,54.4,Master,Yes,Yes,Yes,0
STU01998,22,Male,STEM,12.3,86.7,68.9,70.1,50.6,High School,Yes,Yes,No,0
STU01999,17,Male,Arts,13.8,85.0,79.4,66.8,74.6,High School,Yes,Yes,Yes,0
STU02000,17,Male,STEM,7.8,73.8,63.8,59.6,57.2,Master,Yes,Yes,No,1
STU02001,22,Female,Commerce,10.7,70.8,69.0,64.5,67.7,High School,No,No,No,0
STU02002,15,Female,Commerce,12.1,82.4,100.0,73.8,83.2,Master,Yes,No,No,0
STU02003,18,Male,Commerce,21.0,85.5,83.6,82.0,80.8,High School,Yes,No,No,0
STU02004,18,Female,STEM,14.3,80.2,60.7,74.1,69.2,Master,No,No,No,0
STU02005,21,Female,Humanities,13.0,75.3,80.7,81.1,71.2,Bachelor,No,Yes,Yes,0
STU02006,16,Female,Commerce,17.1,93.0,92.6,84.1,89.3,Bachelor,Yes,No,No,0
STU02007,18,Female,Humanities,12.3,89.4,82.3,74.1,66.5,Bachelor,Yes,No,No,0
STU02008,16,Female,STEM,18.0,91.2,79.8,78.3,74.5,High School,Yes,Yes,No,0
STU02009,21,Male,Commerce,13.7,82.3,67.2,56.2,58.4,Bachelor,Yes,No,No,0
STU02010,20,Female,STEM,12.8,88.4,68.1,61.6,77.1,Master,Yes,No,No,0
STU02011,18,Male,Humanities,7.5,75.4,68.3,71.7,56.4,Master,Yes,No,Yes,0
STU02012,18,Male,Humanities,11.2,83.4,75.25,78.9,76.3,Master,Yes,No,No,0
STU02013,16,Male,STEM,5.1,78.5,63.5,52.3,43.4,Bachelor,Yes,No,No,1
STU02014,22,Female,Commerce,11.9,84.1,87.6,86.5,75.7,Bachelor,Yes,No,No,0
STU02015,20,Female,STEM,10.4,68.8,80.1,62.9,60.6,Bachelor,Yes,No,Yes,0
STU02016,17,Female,Arts,10.0,96.1,89.3,72.0,65.5,Bachelor,Yes,Yes,No,0
STU02017,18,Female,Arts,6.8,92.6,65.6,61.0,55.2,Bachelor,Yes,No,No,0
STU02018,20,Female,Humanities,16.2,76.7,67.8,71.1,68.6,High School,Yes,No,Yes,0
STU02019,20,Male,STEM,13.7,89.4,78.7,69.9,67.0,High School,No,No,Yes,0
STU02020,18,Female,STEM,20.6,74.0,83.9,86.4,69.4,Bachelor,Yes,No,No,0
STU02021,17,Female,Arts,19.3,86.0,82.1,89.4,84.6,High School,Yes,Yes,No,0
STU02022,20,Female,Commerce,10.5,63.8,73.4,57.9,57.3,High School,No,Yes,No,1
STU02023,20,Male,STEM,17.6,82.2,95.1,88.2,82.5,High School,Yes,No,No,0
STU02024,19,Male,Humanities,14.2,79.1,73.9,81.6,77.2,Bachelor,Yes,No,No,0
STU02025,15,Male,STEM,11.1,90.8,84.4,71.9,81.4,Master,Yes,No,No,0
STU02026,18,Male,Humanities,11.7,95.2,82.9,70.8,55.0,Bachelor,Yes,No,No,0
STU02027,19,Male,Humanities,12.3,96.7,81.3,70.9,71.6,Master,Yes,Yes,No,0
STU02028,22,Male,STEM,31.4,100.0,100.0,100.0,84.0,Master,Yes,No,No,0
STU02029,19,Female,Commerce,17.1,85.0,71.8,88.1,92.6,High School,Yes,Yes,No,0
STU02030,17,Male,STEM,14.1,86.1,67.8,68.7,66.3,High School,Yes,No,No,0
STU02031,19,Male,Humanities,15.2,86.5,82.8,88.4,83.1,High School,Yes,No,No,0
STU02032,16,Female,Commerce,13.9,75.4,58.6,62.5,54.0,High School,Yes,Yes,Yes,0
STU02033,15,Male,Arts,12.6,91.4,82.7,74.8,69.3,Bachelor,Yes,No,No,0
STU02034,20,Male,Humanities,16.4,91.5,69.1,65.7,74.6,High School,Yes,No,Yes,0
STU02035,22,Male,Arts,10.3,87.1,90.1,62.1,71.8,Master,No,No,No,0
STU02036,21,Female,Humanities,7.2,63.6,63.4,56.8,64.1,Bachelor,Yes,Yes,Yes,1
STU02037,19,Male,Arts,15.2,87.1,93.1,80.2,71.2,High School,Yes,No,No,0
STU02038,15,Male,STEM,15.8,93.8,78.4,81.1,73.0,Master,Yes,No,Yes,0
STU02039,22,Female,Commerce,11.1,83.5,72.2,74.9,70.0,Master,Yes,Yes,Yes,0
STU02040,18,Female,STEM,14.4,79.1,84.9,78.1,76.6,Bachelor,Yes,No,No,0
STU02041,17,Female,Arts,16.1,72.9,79.0,70.3,70.4,Bachelor,Yes,Yes,No,0
STU02042,22,Female,Arts,12.8,72.9,73.0,66.7,53.6,Master,Yes,No,Yes,0
STU02043,20,Non-binary,Humanities,11.0,82.8,75.25,72.1,61.0,Bachelor,Yes,No,No,0
STU02044,20,Male,Humanities,9.8,79.1,68.8,71.8,65.3,Master,Yes,No,No,0
STU02045,17,Female,Humanities,11.9,80.0,98.1,93.6,68.7,High School,Yes,No,No,0
STU02046,22,Female,STEM,19.9,97.8,67.7,91.6,71.1,Bachelor,Yes,No,No,0
STU02047,18,Non-binary,Commerce,10.9,71.5,59.9,58.7,55.6,Bachelor,Yes,Yes,No,0
STU02048,19,Female,Commerce,13.4,79.9,87.4,85.6,69.1,High School,Yes,Yes,No,0
STU02049,21,Male,Humanities,11.5,97.3,89.0,70.5,74.7,High School,Yes,No,Yes,0
STU02050,20,Female,STEM,11.2,79.1,64.6,74.7,62.6,High School,Yes,No,No,0
STU02051,16,Female,Arts,7.8,80.6,54.1,64.5,50.1,High School,Yes,Yes,No,1
STU02052,17,Male,STEM,12.3,82.7,88.1,61.3,62.2,High School,Yes,Yes,Yes,0
STU02053,17,Female,Commerce,10.7,89.1,65.2,69.3,72.5,High School,Yes,No,Yes,0
STU02054,22,Male,STEM,17.5,68.0,71.2,69.4,67.2,Bachelor,Yes,Yes,No,0
STU02055,20,Female,STEM,12.3,80.6,76.1,70.3,68.0,Bachelor,Yes,No,No,0
STU02056,17,Male,STEM,12.8,82.8,65.1,63.1,61.8,Bachelor,Yes,No,No,0
STU02057,20,Male,Humanities,11.0,73.6,81.7,81.1,62.7,High School,Yes,Yes,No,0
STU02058,20,Male,Commerce,11.5,84.5,75.4,66.1,61.1,Bachelor,No,Yes,No,0
STU02059,18,Female,Humanities,19.7,91.8,74.2,69.8,54.6,High School,Yes,No,No,0
STU02060,18,Male,Commerce,7.1,83.4,63.7,55.0,51.4,High School,Yes,Yes,No,1
STU02061,22,Non-binary,Commerce,14.3,97.3,93.1,80.9,74.5,Bachelor,Yes,No,No,0
STU02062,19,Female,STEM,4.7,75.2,65.3,62.8,59.7,Master,Yes,Yes,No,0
STU02063,16,Female,STEM,18.5,88.9,87.6,94.3,77.4,Master,Yes,No,No,0
STU02064,20,Male,Commerce,12.5,88.0,76.6,77.3,75.5,Bachelor,Yes,No,Yes,0
STU02065,19,Female,Commerce,6.3,79.6,75.25,60.3,51.2,Bachelor,Yes,No,Yes,1
STU02066,19,Male,Humanities,6.1,88.4,79.5,73.4,67.6,Bachelor,Yes,Yes,No,0
STU02067,20,Male,STEM,14.7,85.5,88.6,87.6,77.1,Bachelor,No,No,No,0
STU02068,22,Female,Commerce,5.5,69.5,85.8,77.9,70.7,High School,Yes,No,No,1
STU02069,17,Male,STEM,11.1,87.6,56.6,82.7,73.3,High School,No,Yes,No,0
STU02070,18,Male,Commerce,11.1,77.6,41.8,62.4,45.4,Master,Yes,No,No,0
STU02071,16,Female,STEM,10.1,78.6,79.3,74.1,79.1,Master,No,No,No,0
STU02072,20,Male,Commerce,8.8,78.6,65.9,60.6,52.1,High School,Yes,Yes,No,0
STU02073,18,Female,Humanities,8.7,88.4,59.7,63.9,57.8,High School,Yes,No,Yes,0
STU02074,17,Female,Commerce,10.8,90.1,77.0,80.8,67.1,High School,Yes,No,No,0
STU02075,20,Male,STEM,14.4,81.8,72.3,63.6,74.9,High School,Yes,Yes,No,0
STU02076,18,Female,Humanities,10.5,79.6,60.6,73.9,54.1,High School,Yes,Yes,No,0
STU02077,18,Male,STEM,13.7,66.4,72.1,69.1,67.5,Bachelor,Yes,Yes,No,0
STU02078,18,Female,Commerce,10.7,75.7,78.3,70.1,49.6,High School,Yes,Yes,No,0
STU02079,17,Male,STEM,14.6,77.6,77.8,80.2,75.9,High School,Yes,Yes,Yes,0
STU02080,16,Female,STEM,14.9,85.8,79.9,73.1,69.2,High School,Yes,No,No,0
STU02081,21,Male,Commerce,10.6,82.5,78.5,75.7,65.4,Bachelor,Yes,No,Yes,0
STU02082,15,Male,STEM,7.5,72.7,52.7,47.7,43.6,High School,Yes,Yes,No,1
STU02083,17,Male,STEM,17.3,85.6,79.3,86.7,75.1,High School,Yes,No,No,0
STU02084,20,Non-binary,Commerce,9.3,80.2,75.0,70.5,61.9,Bachelor,Yes,No,No,0
STU02085,16,Male,Commerce,15.3,63.2,69.6,73.1,52.7,Bachelor,Yes,No,No,0
STU02086,20,Male,Arts,13.1,91.4,69.6,72.9,62.1,High School,Yes,No,No,0
STU02087,20,Male,STEM,9.7,89.1,67.4,65.8,68.2,Bachelor,Yes,Yes,No,0
STU02088,20,Male,Humanities,13.7,80.9,73.1,76.5,65.1,High School,Yes,Yes,No,0
STU02089,17,Male,Commerce,18.0,82.4,89.9,83.6,73.0,Bachelor,Yes,Yes,No,0
STU02090,15,Male,STEM,14.6,80.6,92.0,80.1,75.4,High School,Yes,Yes,No,0
STU02091,22,Female,Commerce,13.6,69.9,86.8,64.9,69.7,Master,Yes,No,No,0
STU02092,17,Male,STEM,17.1,100.0,67.2,85.0,78.8,Master,No,Yes,No,0
STU02093,21,Male,Arts,5.5,85.1,61.5,49.4,55.4,Bachelor,Yes,No,No,1
STU02094,16,Female,Commerce,8.0,87.7,79.9,82.7,78.8,Master,Yes,No,No,0
STU02095,16,Female,Humanities,10.9,79.2,86.6,74.0,69.8,High School,Yes,No,No,0
STU02096,21,Non-binary,Humanities,19.4,94.3,73.6,89.2,75.7,Bachelor,Yes,No,No,0
STU02097,22,Female,STEM,17.2,73.4,75.25,87.8,79.4,High School,Yes,No,No,0
STU02098,21,Female,STEM,5.3,77.0,57.6,64.4,49.7,High School,Yes,No,No,0
STU02099,21,Female,Commerce,11.0,89.5,78.7,72.9,66.1,Bachelor,Yes,No,Yes,0
STU02100,16,Female,Humanities,5.8,74.2,62.2,49.8,40.2,Bachelor,Yes,Yes,No,1
STU02101,22,Male,Humanities,11.6,89.1,78.1,71.4,81.2,Bachelor,Yes,Yes,No,0
STU02102,20,Male,STEM,13.9,85.3,65.1,72.1,78.3,Master,No,Yes,No,0
STU02103,16,Non-binary,Commerce,15.4,87.2,62.4,69.2,63.4,Bachelor,No,No,Yes,0
STU02104,16,Male,Humanities,14.2,77.2,100.0,75.8,80.6,Master,Yes,No,No,0
STU02105,21,Male,STEM,9.9,84.3,74.7,67.2,69.3,Master,Yes,Yes,No,0
STU02106,17,Female,Arts,11.4,97.2,99.3,58.8,73.9,Bachelor,Yes,Yes,No,0
STU02107,21,Male,Humanities,14.1,84.3,92.2,79.6,84.0,High School,No,No,No,0
STU02108,16,Female,Humanities,20.4,92.2,67.2,78.7,63.6,Bachelor,No,Yes,Yes,0
STU02109,17,Female,Arts,12.3,85.7,76.2,61.5,61.0,Bachelor,Yes,No,No,0
STU02110,17,Non-binary,Humanities,18.9,77.9,66.4,73.5,52.4,Master,Yes,Yes,Yes,0
STU02111,17,Male,Arts,12.9,83.3,73.0,73.3,59.9,High School,Yes,Yes,Yes,0
STU02112,20,Female,Commerce,16.7,84.8,60.3,78.6,55.6,High School,Yes,No,Yes,0
STU02113,22,Male,Commerce,12.6,65.3,56.1,72.5,45.1,High School,Yes,Yes,No,0
STU02114,22,Female,STEM,18.1,91.1,73.1,80.2,69.8,High School,Yes,Yes,No,0
STU02115,20,Female,STEM,14.5,75.7,70.1,72.3,67.7,Bachelor,Yes,No,No,0
STU02116,16,Female,Humanities,10.1,86.6,75.0,72.7,62.0,High School,Yes,No,No,0
STU02117,22,Female,STEM,13.0,78.4,64.6,82.8,62.6,High School,No,No,Yes,0
STU02118,19,Male,STEM,18.1,100.0,85.1,87.2,75.6,Bachelor,Yes,No,Yes,0
STU02119,19,Female,Humanities,11.8,79.7,85.7,78.6,72.1,High School,Yes,Yes,No,0
STU02120,20,Male,Commerce,2.5,95.1,73.5,69.4,58.9,High School,Yes,Yes,Yes,0
STU02121,21,Female,STEM,11.3,82.4,73.9,71.1,58.6,Bachelor,Yes,Yes,Yes,0
STU02122,22,Male,Commerce,12.2,83.7,79.0,67.1,73.2,Bachelor,Yes,Yes,Yes,0
STU02123,19,Male,Arts,11.6,94.4,63.1,69.8,58.4,Master,Yes,Yes,No,0
STU02124,19,Male,Commerce,10.8,74.1,81.9,75.1,58.4,Bachelor,Yes,No,No,0
STU02125,20,Female,Commerce,17.8,85.0,68.1,73.5,73.6,Master,Yes,Yes,No,0
STU02126,17,Male,Commerce,1.1,83.4,82.7,67.8,50.6,High School,Yes,Yes,Yes,0
STU02127,17,Male,STEM,13.4,85.9,84.7,63.4,76.9,Bachelor,Yes,No,No,0
STU02128,20,Female,Humanities,11.5,84.1,80.7,69.6,60.5,Bachelor,No,No,Yes,0
STU02129,15,Female,Arts,22.4,85.9,89.7,83.0,80.8,Bachelor,Yes,No,No,0
STU02130,17,Female,Commerce,11.7,88.6,76.2,66.0,59.3,High School,Yes,Yes,No,0
STU02131,20,Female,Commerce,15.0,86.8,70.5,72.0,67.7,High School,Yes,No,Yes,0
STU02132,22,Female,Arts,11.6,89.6,67.0,60.6,58.4,High School,No,No,No,0
STU02133,19,Female,STEM,13.4,85.8,94.4,95.6,74.0,Bachelor,Yes,No,No,0
STU02134,18,Female,STEM,20.9,82.4,84.8,89.8,69.8,Bachelor,Yes,No,No,0
STU02135,18,Male,Commerce,6.8,88.7,61.5,53.8,51.9,High School,Yes,Yes,No,1
STU02136,20,Female,STEM,8.8,78.1,76.9,55.4,63.0,Bachelor,Yes,Yes,No,0
STU02137,19,Female,Humanities,15.2,92.3,83.1,74.4,78.0,Bachelor,Yes,Yes,No,0
STU02138,15,Male,Commerce,14.2,81.7,73.3,71.0,61.7,Bachelor,Yes,No,No,0
STU02139,19,Female,Commerce,11.7,82.4,63.3,61.3,52.4,High School,Yes,No,No,0
STU02140,18,Female,STEM,11.5,81.1,81.8,94.8,73.7,Master,Yes,Yes,Yes,0
STU02141,20,Female,Commerce,15.9,78.0,86.5,68.2,70.0,Bachelor,Yes,Yes,No,0
STU02142,22,Female,STEM,15.2,86.4,81.6,78.8,73.0,Bachelor,Yes,No,No,0
STU02143,22,Female,Arts,8.6,78.2,72.4,66.0,58.4,Bachelor,Yes,Yes,No,0
STU02144,19,Female,STEM,14.1,84.0,69.2,69.7,63.0,Bachelor,Yes,No,No,0
STU02145,17,Female,Arts,11.6,89.9,81.3,58.8,63.8,High School,Yes,Yes,No,0
STU02146,18,Non-binary,Humanities,15.1,95.3,73.9,74.5,54.2,Master,Yes,No,No,0
STU02147,16,Male,Humanities,10.4,83.6,61.5,65.6,57.2,High School,Yes,Yes,No,0
STU02148,22,Female,Humanities,7.6,88.7,84.5,77.1,75.5,Bachelor,Yes,No,No,0
STU02149,21,Female,STEM,16.0,84.4,68.3,77.2,78.3,Master,Yes,No,Yes,0
STU02150,21,Female,Humanities,15.5,71.1,56.3,77.1,70.2,Bachelor,Yes,No,No,0
STU02151,17,Male,Commerce,19.4,75.9,92.3,71.5,74.7,Bachelor,Yes,No,No,0
STU02152,17,Male,Commerce,7.1,78.2,53.1,54.8,43.2,High School,Yes,No,No,1
STU02153,21,Female,STEM,11.5,88.1,72.1,90.1,68.2,High School,Yes,Yes,No,0
STU02154,19,Female,Commerce,10.0,81.6,62.5,72.6,56.5,Bachelor,No,No,Yes,0
STU02155,20,Female,Arts,11.2,91.1,69.2,56.8,51.8,High School,Yes,No,No,0
STU02156,18,Male,Commerce,6.1,94.0,95.5,75.4,66.5,High School,Yes,No,No,0
STU02157,18,Male,Humanities,8.2,73.2,69.2,56.8,51.4,Master,Yes,No,No,0
STU02158,20,Female,STEM,14.2,100.0,84.2,75.1,65.1,High School,Yes,No,No,0
STU02159,21,Male,Arts,9.6,67.8,78.0,86.7,74.3,High School,Yes,Yes,No,0
STU02160,17,Female,Humanities,8.1,95.0,68.5,72.4,69.6,High School,Yes,Yes,No,0
STU02161,21,Male,Humanities,18.2,86.5,91.4,74.0,75.7,Bachelor,Yes,Yes,Yes,0
STU02162,16,Male,Commerce,21.7,84.5,86.6,81.7,80.9,High School,No,No,No,0
STU02163,18,Female,STEM,12.7,84.3,83.6,76.6,73.4,Bachelor,Yes,No,Yes,0
STU02164,22,Female,Commerce,5.0,74.5,60.9,55.8,47.3,Bachelor,Yes,Yes,Yes,1
STU02165,22,Male,STEM,14.8,95.3,84.5,81.8,88.9,High School,Yes,No,No,0
STU02166,22,Female,Commerce,2.4,72.1,65.6,51.0,45.2,High School,Yes,Yes,No,1
STU02167,17,Male,Arts,3.7,73.7,78.3,61.4,46.8,High School,No,Yes,No,1
STU02168,21,Female,Arts,14.9,72.3,69.7,66.5,63.9,Bachelor,Yes,No,No,0
STU02169,22,Male,Arts,6.8,73.8,89.7,69.9,70.0,High School,Yes,No,No,0
STU02170,22,Female,Arts,10.5,75.7,75.9,76.3,63.9,High School,Yes,Yes,No,0
STU02171,15,Female,STEM,6.3,73.3,67.6,64.7,66.2,High School,Yes,No,No,0
STU02172,20,Female,Arts,13.3,81.2,73.4,67.0,66.3,High School,Yes,No,No,0
STU02173,22,Female,Arts,16.1,74.9,76.5,86.2,66.1,Bachelor,No,No,No,0
STU02174,21,Female,Humanities,10.2,93.9,70.0,76.2,63.6,High School,Yes,No,No,0
STU02175,16,Male,Humanities,11.7,80.6,81.2,74.4,69.7,Master,Yes,Yes,No,0
STU02176,21,Female,STEM,8.1,83.2,72.3,64.4,62.3,High School,Yes,Yes,No,0
STU02177,15,Female,Humanities,8.4,87.3,92.9,90.1,85.1,Bachelor,Yes,Yes,No,0
STU02178,18,Female,Commerce,9.3,97.0,72.0,80.5,75.6,Bachelor,Yes,No,No,0
STU02179,20,Female,Humanities,15.3,90.8,78.2,64.9,57.8,High School,Yes,Yes,No,0
STU02180,18,Male,Humanities,6.6,77.6,65.7,71.4,58.8,Bachelor,Yes,No,No,0
STU02181,20,Male,Humanities,11.5,75.2,91.9,92.8,67.5,Master,Yes,No,Yes,0
STU02182,16,Female,STEM,12.8,87.1,62.3,72.4,74.4,Bachelor,No,No,Yes,0
STU02183,19,Male,Arts,17.1,92.8,82.2,77.1,68.1,Master,Yes,No,No,0
STU02184,20,Male,STEM,15.0,86.5,81.4,75.4,73.3,Bachelor,Yes,No,Yes,0
STU02185,20,Non-binary,STEM,12.7,82.8,75.25,81.7,61.9,High School,Yes,No,No,0
STU02186,17,Female,STEM,10.4,85.0,100.0,88.1,64.8,Master,Yes,No,Yes,0
STU02187,17,Female,Arts,17.2,71.4,67.3,78.6,57.9,High School,Yes,No,Yes,0
STU02188,17,Female,Arts,7.9,81.3,72.1,84.8,65.5,Bachelor,Yes,Yes,No,0
STU02189,18,Male,STEM,9.2,86.6,90.8,67.9,73.5,Bachelor,Yes,No,No,0
STU02190,19,Male,STEM,19.1,84.8,77.2,80.0,77.4,Master,Yes,No,No,0
STU02191,17,Female,Humanities,14.6,94.2,81.1,79.1,64.9,Master,Yes,No,Yes,0
STU02192,18,Female,STEM,11.6,91.1,73.3,69.1,68.9,High School,No,Yes,No,0
STU02193,17,Male,Commerce,14.5,81.1,76.2,60.5,71.1,Bachelor,Yes,Yes,Yes,0
STU02194,16,Male,STEM,11.4,87.3,86.6,84.5,78.1,High School,Yes,Yes,Yes,0
STU02195,20,Female,Humanities,12.3,81.9,66.7,56.2,54.0,Bachelor,Yes,No,Yes,1
STU02196,21,Male,Humanities,12.9,66.2,45.7,53.6,49.8,Bachelor,Yes,Yes,No,1
STU02197,17,Female,Humanities,12.9,82.9,75.6,70.3,67.9,High School,Yes,No,Yes,0
STU02198,21,Female,Humanities,9.1,72.4,71.4,65.3,69.8,Bachelor,Yes,No,No,0
STU02199,19,Male,STEM,6.9,80.8,72.9,64.4,72.7,High School,Yes,Yes,No,0
STU02200,16,Male,STEM,12.8,89.8,75.5,80.8,75.8,Bachelor,Yes,No,Yes,0
STU02201,17,Non-binary,STEM,5.7,77.4,60.7,67.9,57.3,Master,Yes,Yes,No,0
STU02202,15,Female,STEM,11.2,74.4,70.3,66.9,61.4,Bachelor,Yes,Yes,No,0
STU02203,15,Female,Arts,10.6,83.2,91.9,73.2,72.0,Bachelor,Yes,Yes,No,0
STU02204,17,Female,STEM,12.5,100.0,75.25,73.3,73.4,High School,Yes,No,No,0
STU02205,18,Female,STEM,14.8,65.9,80.1,70.2,62.1,High School,Yes,No,No,0
STU02206,21,Female,STEM,12.3,85.0,67.3,71.1,79.6,High School,Yes,Yes,No,0
STU02207,16,Female,Commerce,12.3,76.1,68.3,57.6,51.7,High School,Yes,Yes,No,0
STU02208,21,Female,Arts,16.9,80.8,68.4,91.4,81.6,High School,Yes,No,No,0
STU02209,16,Female,Commerce,12.0,81.2,87.8,78.7,56.8,Bachelor,Yes,No,No,0
STU02210,16,Female,Commerce,19.7,82.7,65.4,71.8,65.6,Bachelor,Yes,Yes,No,0
STU02211,20,Male,Commerce,10.4,86.1,78.5,77.4,66.8,High School,Yes,No,No,0
STU02212,21,Female,Humanities,5.7,77.2,72.7,54.1,57.9,Bachelor,Yes,No,No,1
STU02213,19,Male,Arts,15.6,66.3,77.0,71.1,62.9,Master,Yes,Yes,No,0
STU02214,15,Male,Commerce,14.9,93.5,56.3,70.1,73.8,High School,Yes,No,No,0
STU02215,15,Male,STEM,18.4,93.9,62.2,74.3,67.2,Bachelor,Yes,No,No,0
STU02216,18,Female,Humanities,14.4,78.2,77.2,84.0,64.0,High School,Yes,No,No,0
STU02217,18,Female,STEM,23.5,89.6,76.1,63.3,64.7,Bachelor,Yes,No,Yes,0
STU02218,22,Male,STEM,10.2,90.9,69.2,73.9,62.9,Bachelor,No,No,No,0
STU02219,17,Male,Commerce,15.7,91.9,75.7,72.0,75.6,High School,No,No,No,0
STU02220,16,Female,STEM,12.3,91.7,64.7,55.1,65.3,High School,Yes,Yes,No,0
STU02221,22,Female,Commerce,15.2,86.4,66.2,57.7,53.6,Master,Yes,No,No,0
STU02222,16,Male,Arts,14.9,89.5,78.9,72.4,65.1,High School,Yes,Yes,No,0
STU02223,15,Female,Humanities,15.5,96.8,75.25,82.6,63.0,Bachelor,Yes,Yes,Yes,0
STU02224,18,Male,Humanities,16.5,81.3,73.2,83.8,69.6,Bachelor,Yes,No,No,0
STU02225,18,Female,Commerce,0.0,80.1,58.9,64.6,59.8,High School,Yes,Yes,No,0
STU02226,19,Female,Commerce,11.5,64.6,70.6,68.5,61.6,Bachelor,Yes,Yes,No,0
STU02227,22,Male,STEM,9.2,70.1,94.2,78.4,74.3,Bachelor,Yes,Yes,Yes,0
STU02228,22,Female,STEM,11.3,85.7,65.5,54.3,64.0,High School,Yes,No,No,0
STU02229,17,Male,Commerce,11.7,87.1,80.0,61.2,61.5,Master,Yes,No,No,0
STU02230,22,Female,Arts,16.2,80.8,80.1,77.7,62.6,High School,Yes,Yes,No,0
STU02231,20,Female,STEM,13.9,78.0,81.2,65.8,62.5,Bachelor,Yes,No,No,0
STU02232,15,Male,Humanities,10.7,80.6,71.6,62.1,67.3,High School,Yes,No,Yes,0
STU02233,22,Female,Arts,5.2,80.5,84.0,68.9,68.8,High School,Yes,Yes,No,0
STU02234,16,Female,STEM,17.9,66.1,82.8,92.1,75.2,Bachelor,No,No,No,1
STU02235,19,Male,STEM,8.9,86.3,80.7,71.2,73.9,Bachelor,Yes,Yes,Yes,0
STU02236,21,Male,Humanities,12.4,84.4,61.7,55.5,59.3,High School,Yes,No,Yes,0
STU02237,16,Male,STEM,22.6,88.7,85.4,73.7,74.4,Bachelor,Yes,No,No,0
STU02238,17,Female,STEM,7.0,80.8,65.9,63.3,47.4,Bachelor,No,Yes,Yes,1
STU02239,18,Female,Commerce,11.8,70.8,63.8,61.7,66.6,High School,Yes,No,No,0
STU02240,22,Male,Commerce,12.8,73.6,67.5,70.4,61.8,Bachelor,Yes,Yes,No,0
STU02241,16,Female,Humanities,5.8,91.4,71.9,62.1,58.2,Bachelor,Yes,No,No,0
STU02242,20,Female,Humanities,4.1,73.3,71.8,61.3,55.9,Bachelor,Yes,Yes,No,0
STU02243,18,Male,Humanities,10.8,87.9,85.3,84.9,84.5,Bachelor,Yes,No,No,0
STU02244,15,Female,Commerce,12.3,72.9,81.6,82.2,76.2,Bachelor,Yes,No,No,0
STU02245,20,Female,Commerce,12.4,82.1,78.3,76.8,66.6,Master,Yes,Yes,No,0
STU02246,21,Female,Commerce,8.6,76.9,71.9,59.7,62.4,Bachelor,Yes,No,No,0
STU02247,19,Female,Commerce,13.8,80.5,72.8,68.5,74.0,High School,Yes,Yes,No,0
STU02248,16,Male,Arts,3.3,77.4,65.0,64.0,58.3,High School,Yes,No,Yes,0
STU02249,16,Male,Commerce,12.7,93.9,70.4,81.1,71.4,Master,Yes,No,No,0
STU02250,18,Female,STEM,13.4,98.0,75.3,63.4,53.3,Master,Yes,Yes,No,0
STU02251,19,Female,Arts,13.3,84.5,80.1,87.9,82.7,High School,Yes,Yes,No,0
STU02252,19,Male,Arts,11.1,80.3,89.4,71.2,62.6,High School,Yes,Yes,Yes,0
STU02253,16,Female,STEM,10.0,70.5,69.5,72.6,48.6,High School,Yes,No,No,0
STU02254,19,Male,STEM,10.1,70.0,62.9,86.8,51.3,Master,No,No,No,0
STU02255,17,Male,Commerce,17.4,96.0,91.9,72.8,71.3,Master,Yes,Yes,No,0
STU02256,20,Male,Humanities,9.1,68.9,50.0,61.6,55.2,Bachelor,Yes,Yes,No,1
STU02257,21,Female,Commerce,17.4,82.9,89.7,82.0,84.9,High School,Yes,No,Yes,0
STU02258,20,Non-binary,Humanities,16.9,87.4,65.6,76.7,71.0,Master,Yes,Yes,Yes,0
STU02259,15,Female,STEM,4.0,57.6,70.2,56.0,63.5,High School,Yes,Yes,No,1
STU02260,22,Male,STEM,12.4,72.2,68.4,49.6,53.2,High School,Yes,No,No,0
STU02261,15,Male,Arts,7.4,71.2,72.4,59.7,55.9,High School,Yes,Yes,Yes,1
STU02262,22,Male,STEM,6.2,76.1,90.2,75.2,54.9,Bachelor,Yes,No,Yes,0
STU02263,15,Male,Commerce,15.4,85.6,70.0,84.2,67.0,Bachelor,Yes,Yes,No,0
STU02264,19,Male,STEM,15.1,93.6,69.9,76.3,55.8,High School,Yes,No,Yes,0
STU02265,15,Female,Humanities,13.0,77.1,75.5,85.1,60.7,High School,Yes,Yes,No,0
STU02266,15,Female,Humanities,4.9,75.1,83.5,64.0,66.1,Bachelor,No,Yes,No,1
STU02267,20,Male,STEM,12.7,81.4,77.2,69.1,54.7,High School,Yes,Yes,No,0
STU02268,20,Male,Commerce,7.1,73.4,69.9,67.0,48.2,High School,Yes,No,No,0
STU02269,15,Female,Commerce,13.3,87.9,79.0,72.2,57.3,High School,Yes,No,Yes,0
STU02270,22,Male,STEM,8.8,84.1,63.1,72.1,67.2,High School,Yes,Yes,No,0
STU02271,17,Male,Humanities,17.7,62.8,76.9,67.8,76.3,High School,Yes,No,No,0
STU02272,17,Female,Commerce,10.2,88.3,71.1,75.1,66.1,Bachelor,Yes,Yes,Yes,0
STU02273,17,Female,Commerce,12.8,83.4,89.2,88.9,83.1,High School,Yes,Yes,No,0
STU02274,18,Female,Humanities,12.9,84.5,84.2,80.0,64.5,High School,Yes,Yes,No,0
STU02275,16,Female,Commerce,12.7,93.8,64.9,75.5,75.8,Bachelor,Yes,No,Yes,0
STU02276,18,Female,STEM,12.3,67.8,69.3,64.5,54.8,High School,Yes,Yes,No,0
STU02277,16,Female,STEM,13.2,72.5,79.1,68.5,70.1,Bachelor,Yes,Yes,No,0
STU02278,15,Female,Commerce,9.0,82.1,63.0,66.1,59.5,High School,Yes,No,Yes,0
STU02279,17,Female,Commerce,14.8,64.7,62.5,63.6,44.7,Master,Yes,No,No,0
STU02280,20,Male,Commerce,15.7,84.0,73.6,77.8,63.9,High School,Yes,Yes,Yes,0
STU02281,21,Female,STEM,14.8,90.0,75.25,80.7,75.5,Bachelor,Yes,No,No,0
STU02282,17,Non-binary,Humanities,10.2,84.4,84.6,73.8,56.6,Bachelor,Yes,Yes,No,0
STU02283,17,Male,Commerce,13.8,83.4,79.0,78.0,72.8,Bachelor,Yes,No,No,0
STU02284,21,Male,STEM,10.2,81.3,98.2,85.5,66.6,Bachelor,Yes,Yes,Yes,0
STU02285,20,Non-binary,Humanities,12.5,78.8,67.9,68.5,66.7,High School,Yes,No,No,0
STU02286,21,Male,Commerce,7.7,76.2,77.9,64.7,52.3,High School,Yes,No,No,0
STU02287,22,Female,STEM,18.0,86.5,69.4,82.6,75.0,Master,Yes,Yes,No,0
STU02288,21,Male,Humanities,18.5,72.5,93.9,89.8,84.6,Master,No,Yes,No,0
STU02289,22,Female,STEM,8.6,94.2,88.8,72.1,72.0,High School,Yes,Yes,Yes,0
STU02290,18,Male,Arts,16.5,78.1,84.7,85.9,74.5,Bachelor,Yes,No,No,0
STU02291,18,Male,STEM,19.6,89.9,65.1,77.0,80.8,Bachelor,Yes,No,No,0
STU02292,17,Female,STEM,8.7,83.2,79.9,67.8,59.8,Bachelor,Yes,No,Yes,0
STU02293,16,Female,STEM,1.3,68.0,55.7,46.6,41.2,Master,No,No,No,1
STU02294,20,Male,STEM,19.8,95.9,88.5,85.9,85.9,Bachelor,Yes,No,No,0
STU02295,20,Female,STEM,13.0,91.1,63.2,71.6,68.1,High School,Yes,No,No,0
STU02296,21,Female,Commerce,10.7,68.8,75.25,74.3,61.9,Bachelor,Yes,No,No,0
STU02297,16,Female,STEM,12.0,81.4,71.4,71.5,56.6,High School,Yes,Yes,No,0
STU02298,18,Female,STEM,11.3,83.3,67.0,70.4,70.3,High School,Yes,No,No,0
STU02299,16,Male,STEM,25.1,71.3,88.4,83.6,69.7,Bachelor,Yes,Yes,No,0
STU02300,22,Male,Humanities,9.4,63.9,68.6,62.5,72.8,Bachelor,Yes,Yes,No,0
STU02301,17,Female,STEM,13.3,75.9,72.6,77.7,58.6,High School,Yes,Yes,No,0
STU02302,16,Female,Commerce,17.6,76.0,85.3,76.1,64.7,High School,Yes,Yes,Yes,0
STU02303,19,Female,Commerce,18.8,76.7,98.0,90.9,83.8,High School,Yes,No,No,0
STU02304,22,Female,Commerce,16.7,73.6,79.5,79.6,74.6,High School,Yes,Yes,No,0
STU02305,22,Male,STEM,9.9,80.1,55.0,59.7,48.6,Bachelor,Yes,Yes,No,0
STU02306,15,Male,Arts,12.3,75.0,58.1,70.1,71.5,Bachelor,Yes,No,No,0
STU02307,17,Female,Commerce,3.2,89.0,70.7,62.2,61.6,Bachelor,Yes,No,Yes,0
STU02308,16,Male,STEM,11.5,83.2,85.2,66.4,66.1,High School,Yes,Yes,No,0
STU02309,17,Female,Humanities,11.9,90.3,78.1,77.4,73.4,Bachelor,Yes,Yes,Yes,0
STU02310,19,Male,Commerce,15.1,69.9,79.8,73.5,76.0,High School,Yes,Yes,No,0
STU02311,17,Male,STEM,21.1,81.1,81.1,73.8,84.5,Master,Yes,No,No,0
STU02312,15,Male,Humanities,13.0,83.5,85.7,83.8,75.4,High School,No,Yes,No,0
STU02313,19,Male,Commerce,17.8,88.2,86.9,74.2,66.0,Master,Yes,No,No,0
STU02314,15,Male,STEM,11.7,76.7,63.5,63.6,50.5,High School,Yes,Yes,No,0
STU02315,16,Female,Arts,18.8,83.1,84.9,86.2,67.4,High School,Yes,No,Yes,0
STU02316,15,Female,STEM,11.9,78.8,58.8,64.0,54.1,High School,Yes,Yes,No,0
STU02317,15,Female,STEM,18.1,82.4,84.2,77.8,74.4,Bachelor,Yes,No,No,0
STU02318,18,Male,STEM,15.4,100.0,78.7,69.4,73.6,Master,Yes,Yes,No,0
STU02319,21,Male,Humanities,13.6,87.2,79.0,69.4,76.6,Bachelor,Yes,Yes,Yes,0
STU02320,21,Male,Arts,4.1,78.8,71.7,53.2,40.8,High School,No,No,No,1
STU02321,15,Male,Commerce,15.9,75.7,79.4,77.2,70.0,High School,No,No,Yes,0
STU02322,15,Female,Arts,13.5,72.8,88.3,75.2,73.6,Bachelor,Yes,Yes,No,0
STU02323,17,Male,Humanities,16.2,82.2,78.6,67.2,48.6,High School,Yes,No,No,0
STU02324,20,Male,Humanities,13.2,91.6,79.9,73.2,74.0,Master,Yes,Yes,No,0
STU02325,20,Female,Humanities,15.2,81.8,90.7,77.4,93.5,High School,Yes,No,No,0
STU02326,21,Female,STEM,18.9,85.9,100.0,92.9,89.9,Bachelor,Yes,No,Yes,0
STU02327,17,Female,Arts,7.7,74.1,69.9,67.8,62.1,Bachelor,No,Yes,No,1
STU02328,16,Female,Humanities,13.9,68.9,68.5,81.9,63.9,High School,Yes,Yes,No,0
STU02329,15,Male,Humanities,8.3,83.8,68.0,69.9,63.9,High School,Yes,Yes,No,0
STU02330,16,Male,Humanities,15.6,81.6,82.2,70.4,80.7,Master,Yes,No,No,0
STU02331,15,Male,Commerce,12.9,82.4,75.0,55.6,60.8,High School,Yes,Yes,Yes,0
STU02332,21,Female,STEM,7.0,81.0,53.6,44.7,57.5,Bachelor,No,Yes,No,1
STU02333,17,Male,Commerce,13.4,76.9,86.2,74.5,73.5,Master,Yes,No,Yes,0
STU02334,21,Male,Commerce,9.2,82.5,81.2,58.8,74.5,High School,Yes,Yes,No,0
STU02335,19,Female,Commerce,10.1,70.8,82.6,68.4,72.1,Master,Yes,Yes,No,0
STU02336,19,Male,STEM,14.6,84.9,91.1,82.3,77.6,High School,Yes,No,No,0
STU02337,18,Female,STEM,11.0,81.0,76.0,66.8,65.4,Bachelor,No,Yes,No,0
STU02338,21,Female,Humanities,4.4,90.9,73.9,65.3,59.9,High School,Yes,No,No,0
STU02339,15,Female,Arts,14.7,76.3,85.9,75.0,77.7,Bachelor,Yes,No,No,0
STU02340,15,Female,Arts,10.4,72.7,59.6,57.2,50.6,High School,Yes,Yes,Yes,0
STU02341,18,Male,Humanities,11.1,80.3,70.5,82.6,68.3,High School,Yes,No,Yes,0
STU02342,18,Female,STEM,4.7,83.6,69.3,61.1,56.8,High School,No,Yes,No,1
STU02343,19,Female,STEM,10.8,59.1,78.3,73.0,53.2,High School,No,No,No,1
STU02344,20,Female,Commerce,10.6,88.4,70.0,74.9,68.0,Bachelor,Yes,No,No,0
STU02345,19,Female,STEM,16.7,82.4,71.5,82.6,60.4,High School,No,No,No,0
STU02346,17,Female,Humanities,5.1,69.8,62.9,56.0,49.0,High School,Yes,No,No,1
STU02347,17,Female,Commerce,8.7,77.6,76.3,77.3,70.6,High School,Yes,No,No,0
STU02348,21,Male,Humanities,7.2,73.9,69.0,60.4,58.4,High School,Yes,Yes,No,0
STU02349,16,Female,Humanities,14.2,75.2,60.7,76.1,64.3,High School,Yes,No,Yes,0
STU02350,19,Male,STEM,17.1,70.8,63.9,62.7,54.6,High School,Yes,Yes,Yes,0
STU02351,19,Female,STEM,15.3,91.3,80.9,75.8,80.3,Bachelor,Yes,No,Yes,0
STU02352,21,Male,Commerce,8.1,77.8,72.9,68.5,55.8,Bachelor,Yes,No,Yes,0
STU02353,20,Male,Humanities,9.9,77.9,72.8,71.5,68.8,Bachelor,Yes,Yes,No,0
STU02354,18,Female,STEM,8.2,87.0,68.6,58.1,68.6,High School,Yes,Yes,No,0
STU02355,17,Female,STEM,15.3,85.9,86.2,67.4,60.2,Master,Yes,No,Yes,0
STU02356,17,Male,STEM,11.0,69.1,75.1,74.6,61.4,Bachelor,Yes,No,No,0
STU02357,18,Female,Commerce,6.6,85.0,75.0,64.4,58.6,Bachelor,Yes,No,No,0
STU02358,16,Male,Commerce,14.4,95.0,83.4,75.2,75.7,High School,Yes,Yes,No,0
STU02359,20,Female,Humanities,16.7,88.1,95.9,99.8,78.1,High School,No,No,No,0
STU02360,16,Female,Humanities,11.0,74.6,62.4,62.8,49.8,High School,Yes,Yes,No,0
STU02361,20,Male,STEM,13.5,72.9,70.0,67.2,62.1,High School,Yes,No,Yes,0
STU02362,21,Male,Humanities,5.0,71.6,64.1,44.9,45.6,Bachelor,Yes,Yes,No,1
STU02363,22,Female,STEM,3.7,79.1,80.8,56.8,57.9,High School,Yes,No,No,1
STU02364,15,Male,Arts,2.7,89.2,65.9,64.6,64.6,High School,No,No,No,1
STU02365,21,Male,STEM,11.6,75.7,65.4,61.4,47.7,High School,Yes,Yes,No,0
STU02366,15,Female,Humanities,11.6,76.6,72.5,75.4,64.7,High School,Yes,No,No,0
STU02367,17,Female,STEM,14.3,91.2,79.8,66.3,65.1,High School,Yes,Yes,No,0
STU02368,16,Female,Commerce,10.9,80.0,85.7,68.6,67.9,High School,Yes,Yes,Yes,0
STU02369,16,Female,STEM,14.2,96.7,76.1,67.7,65.5,Bachelor,No,Yes,No,0
STU02370,16,Male,Arts,15.7,82.5,71.1,78.1,60.8,High School,Yes,Yes,No,0
STU02371,15,Female,STEM,10.3,90.6,66.6,64.6,65.4,Bachelor,Yes,Yes,No,0
STU02372,21,Female,Commerce,8.5,83.5,69.3,56.6,78.1,Master,Yes,No,No,0
STU02373,15,Male,Commerce,4.4,84.2,95.5,78.5,70.5,Master,Yes,No,No,0
STU02374,18,Male,STEM,19.5,86.0,85.4,88.8,74.1,Bachelor,Yes,No,Yes,0
STU02375,20,Male,STEM,8.8,79.7,78.1,72.5,60.4,High School,Yes,No,No,0
STU02376,22,Male,Humanities,6.3,82.8,70.9,66.2,67.4,Bachelor,Yes,No,No,0
STU02377,21,Female,Commerce,10.4,87.7,76.5,64.0,58.8,Master,No,Yes,No,0
STU02378,16,Male,Arts,6.3,83.6,79.0,77.5,75.9,High School,Yes,No,No,0
STU02379,22,Female,STEM,13.6,68.6,78.9,74.7,55.1,High School,Yes,No,No,0
STU02380,20,Female,Humanities,10.3,85.3,78.0,73.6,69.0,Bachelor,Yes,Yes,Yes,0
STU02381,16,Female,STEM,16.0,78.5,77.4,80.5,75.7,High School,Yes,Yes,No,0
STU02382,18,Male,STEM,16.8,81.8,75.1,69.7,73.5,Bachelor,Yes,No,Yes,0
STU02383,22,Male,Commerce,18.0,90.4,85.6,98.5,87.2,High School,Yes,No,Yes,0
STU02384,18,Female,STEM,13.9,98.4,80.9,76.5,75.7,High School,Yes,No,Yes,0
STU02385,16,Male,STEM,9.1,78.8,93.5,77.4,79.7,Bachelor,Yes,No,No,0
STU02386,22,Male,Arts,7.1,95.6,84.9,72.1,61.5,Bachelor,Yes,Yes,No,0
STU02387,22,Female,Commerce,10.6,74.6,65.6,75.4,58.0,Bachelor,Yes,No,Yes,0
STU02388,22,Male,Commerce,22.0,96.4,74.0,92.0,77.3,Bachelor,Yes,No,No,0
STU02389,22,Female,STEM,10.7,84.9,70.7,69.9,74.9,Master,Yes,Yes,No,0
STU02390,21,Non-binary,Arts,12.5,83.9,65.0,56.3,62.7,High School,Yes,Yes,No,0
STU02391,18,Female,Humanities,18.6,96.0,78.5,79.5,80.7,Master,Yes,Yes,No,0
STU02392,16,Female,Humanities,14.1,77.9,66.0,69.7,62.1,High School,Yes,No,No,0
STU02393,19,Female,STEM,9.6,91.1,72.0,64.3,69.6,High School,Yes,No,No,0
STU02394,16,Female,Arts,16.3,82.3,75.2,68.9,57.0,Bachelor,Yes,No,No,0
STU02395,18,Male,Humanities,9.9,75.9,73.6,56.6,56.3,High School,Yes,Yes,No,0
STU02396,20,Male,Commerce,14.3,72.4,72.6,85.2,67.4,Master,Yes,No,No,0
STU02397,22,Female,Commerce,14.1,95.6,70.6,78.2,67.5,High School,Yes,Yes,No,0
STU02398,17,Male,Commerce,10.8,90.6,88.2,76.8,70.8,High School,Yes,No,No,0
STU02399,17,Male,Commerce,13.8,79.0,79.8,70.9,71.7,High School,Yes,No,No,0
STU02400,20,Male,Arts,12.3,90.1,77.5,85.0,78.5,Bachelor,Yes,No,No,0
STU02401,15,Male,STEM,9.0,81.7,63.9,65.3,68.0,Bachelor,Yes,Yes,No,0
STU02402,19,Female,STEM,17.7,81.7,64.6,70.3,51.1,High School,Yes,Yes,No,0
STU02403,20,Female,Commerce,7.1,89.5,57.6,61.8,67.7,High School,No,Yes,Yes,1
STU02404,19,Male,Humanities,21.1,81.1,92.1,93.8,78.0,High School,Yes,No,No,0
STU02405,18,Male,Humanities,8.0,62.7,77.2,72.1,71.1,High School,Yes,Yes,No,0
STU02406,21,Male,Commerce,9.2,84.8,67.7,58.5,56.5,Bachelor,No,No,Yes,1
STU02407,17,Male,Humanities,18.6,85.5,94.4,91.4,84.7,Bachelor,Yes,Yes,No,0
STU02408,20,Female,Commerce,20.0,82.9,87.4,95.8,74.0,High School,Yes,No,Yes,0
STU02409,18,Male,STEM,13.5,77.5,77.2,77.0,60.0,High School,No,Yes,Yes,0
STU02410,15,Female,Arts,6.9,67.2,76.6,84.7,69.3,Bachelor,Yes,Yes,No,1
STU02411,19,Female,STEM,13.4,81.7,82.2,75.3,51.6,High School,Yes,No,Yes,0
STU02412,15,Female,Commerce,11.8,74.9,74.9,57.9,52.2,High School,Yes,Yes,No,0
STU02413,22,Female,Arts,9.1,90.4,72.3,60.8,67.9,Bachelor,Yes,No,Yes,0
STU02414,19,Male,STEM,16.1,90.0,78.8,72.8,68.6,High School,Yes,No,Yes,0
STU02415,17,Female,STEM,8.3,76.5,55.0,63.3,48.8,High School,Yes,Yes,No,0
STU02416,18,Male,STEM,7.2,84.0,63.9,68.3,70.7,High School,Yes,No,No,0
STU02417,19,Male,Humanities,5.7,78.3,87.5,71.7,79.4,Bachelor,Yes,No,No,0
STU02418,17,Male,Humanities,17.5,84.3,71.4,78.7,70.6,High School,No,Yes,Yes,0
STU02419,17,Male,STEM,9.5,80.4,54.3,75.2,68.6,Bachelor,Yes,Yes,No,0
STU02420,18,Female,Arts,7.6,94.2,83.5,64.3,77.6,High School,No,Yes,No,1
STU02421,17,Female,STEM,7.2,87.0,75.0,66.1,63.2,High School,Yes,Yes,Yes,0
STU02422,21,Female,Humanities,18.0,82.3,82.7,78.4,70.2,High School,Yes,Yes,No,0
STU02423,15,Female,Humanities,6.8,86.8,70.6,54.9,59.0,High School,Yes,No,No,1
STU02424,21,Male,STEM,6.4,86.3,80.9,52.2,50.2,High School,Yes,Yes,No,1
STU02425,17,Female,STEM,11.6,83.9,90.5,88.9,80.4,High School,Yes,No,No,0
STU02426,19,Female,Arts,12.9,79.8,70.0,64.6,60.5,Bachelor,Yes,No,No,0
STU02427,16,Female,Commerce,14.8,82.1,83.5,76.9,72.3,High School,Yes,Yes,Yes,0
STU02428,18,Male,STEM,10.0,72.5,82.6,72.1,67.6,Bachelor,Yes,No,No,0
STU02429,21,Male,Commerce,18.7,86.5,75.3,69.9,64.3,High School,Yes,Yes,No,0
STU02430,17,Female,Humanities,6.8,74.8,84.7,63.9,62.7,High School,No,Yes,No,1
STU02431,16,Male,STEM,6.5,76.0,80.7,68.3,53.6,High School,No,No,No,1
STU02432,19,Male,Commerce,8.0,87.2,60.8,57.7,53.6,High School,Yes,No,Yes,0
STU02433,16,Male,Humanities,8.3,93.8,90.8,64.8,61.8,Bachelor,Yes,Yes,No,0
STU02434,17,Female,STEM,7.7,83.1,60.2,65.4,52.0,High School,Yes,No,No,0
STU02435,18,Male,Arts,16.4,85.1,72.1,71.8,52.6,Master,Yes,No,Yes,0
STU02436,19,Female,STEM,6.5,79.4,77.2,68.0,59.7,High School,No,No,No,1
STU02437,20,Female,STEM,12.4,91.3,87.8,78.6,77.8,Bachelor,Yes,No,No,0
STU02438,20,Male,STEM,8.4,83.5,73.7,75.2,66.8,High School,Yes,No,No,0
STU02439,21,Male,Commerce,7.7,81.6,65.4,65.7,67.1,Bachelor,Yes,No,No,0
STU02440,15,Female,Commerce,18.0,88.8,78.4,73.2,65.6,High School,Yes,No,Yes,0
STU02441,17,Male,Arts,18.2,75.4,74.5,87.8,69.5,Bachelor,No,No,Yes,0
STU02442,15,Female,STEM,18.7,90.1,90.3,82.4,85.6,Master,Yes,No,Yes,0
STU02443,15,Male,Commerce,12.3,71.9,63.7,52.9,51.4,Bachelor,Yes,Yes,No,1
STU02444,16,Non-binary,Humanities,5.8,84.4,64.4,52.7,56.2,High School,Yes,Yes,Yes,1
STU02445,19,Male,STEM,20.7,80.0,66.4,58.9,78.7,Bachelor,Yes,Yes,No,0
STU02446,22,Male,STEM,10.7,86.1,69.0,63.0,60.4,High School,Yes,Yes,No,0
STU02447,21,Male,Commerce,5.6,77.9,68.2,65.0,55.0,High School,Yes,Yes,No,0
STU02448,20,Male,STEM,17.9,77.5,67.2,64.0,56.9,High School,Yes,No,Yes,0
STU02449,21,Male,Commerce,13.3,82.3,58.6,79.7,62.6,Bachelor,Yes,No,Yes,0
STU02450,16,Male,Humanities,12.3,99.8,89.1,60.8,78.3,High School,No,Yes,No,0
STU02451,21,Female,STEM,1.7,59.2,52.3,44.1,45.6,Bachelor,Yes,Yes,No,1
STU02452,22,Male,Arts,11.5,85.1,62.3,53.8,67.6,Bachelor,Yes,No,Yes,0
STU02453,15,Female,Commerce,16.1,77.8,92.9,91.9,81.6,High School,Yes,Yes,Yes,0
STU02454,18,Non-binary,Humanities,8.1,91.3,82.6,76.3,54.3,High School,No,No,No,0
STU02455,21,Female,Commerce,18.6,91.5,92.3,84.9,85.2,Bachelor,Yes,No,No,0
STU02456,18,Female,Humanities,5.1,80.4,74.6,52.8,57.6,High School,No,No,No,1
STU02457,21,Male,Commerce,11.3,89.0,89.2,68.0,70.6,High School,Yes,Yes,No,0
STU02458,22,Female,STEM,19.2,87.2,90.4,88.8,89.3,High School,Yes,Yes,No,0
STU02459,18,Female,Humanities,7.8,82.2,68.5,59.0,56.7,Master,Yes,No,Yes,1
STU02460,15,Male,STEM,13.0,77.7,64.2,63.7,64.5,High School,Yes,Yes,No,0
STU02461,17,Female,Humanities,12.3,82.2,64.1,69.1,56.1,High School,Yes,Yes,Yes,0
STU02462,16,Female,Humanities,12.2,80.4,73.4,68.1,54.0,High School,Yes,Yes,Yes,0
STU02463,18,Male,STEM,9.9,81.1,62.3,49.9,50.6,High School,No,No,No,1
STU02464,19,Female,Arts,7.1,66.7,60.0,49.2,47.5,Master,No,No,Yes,1
STU02465,18,Female,STEM,13.9,91.1,76.9,64.4,71.4,Bachelor,Yes,No,No,0
STU02466,16,Female,STEM,12.5,97.8,92.9,74.7,68.4,Bachelor,Yes,No,No,0
STU02467,17,Female,Humanities,5.3,75.5,53.5,55.6,61.0,Bachelor,Yes,Yes,No,1
STU02468,20,Female,Commerce,17.9,94.1,82.4,82.2,70.4,High School,Yes,No,No,0
STU02469,15,Female,STEM,8.9,81.5,60.1,71.3,59.6,Bachelor,Yes,No,Yes,0
STU02470,16,Male,Humanities,5.5,74.3,62.9,48.1,51.0,Master,Yes,Yes,No,1
STU02471,22,Male,Commerce,8.3,77.3,80.5,72.8,67.7,Bachelor,No,No,No,0
STU02472,15,Female,STEM,7.8,80.8,63.1,55.7,58.9,Bachelor,Yes,Yes,No,1
STU02473,18,Female,Arts,9.8,77.2,69.7,82.9,82.0,High School,No,No,Yes,0
STU02474,16,Male,STEM,6.2,84.2,72.6,63.6,56.6,Bachelor,Yes,Yes,No,0
STU02475,15,Male,Commerce,13.8,80.7,83.1,73.1,72.1,High School,Yes,Yes,Yes,0
STU02476,18,Female,STEM,19.2,78.7,74.2,81.7,71.5,Bachelor,Yes,No,Yes,0
STU02477,19,Female,Commerce,13.5,84.5,89.3,81.6,81.8,High School,Yes,No,Yes,0
STU02478,16,Female,Commerce,5.3,73.4,63.7,56.5,56.5,Bachelor,Yes,Yes,No,1
STU02479,15,Male,STEM,8.9,80.0,77.1,74.2,67.4,Master,Yes,No,Yes,0
STU02480,16,Male,STEM,14.0,84.5,75.2,86.3,61.9,Bachelor,Yes,No,Yes,0
STU02481,20,Male,STEM,2.9,67.2,72.4,68.1,53.9,High School,Yes,Yes,No,1
STU02482,21,Female,STEM,7.5,91.6,94.1,72.1,65.8,Bachelor,Yes,No,No,0
STU02483,16,Female,Arts,5.6,87.6,68.7,76.3,60.7,Master,Yes,No,Yes,0
STU02484,17,Female,Humanities,13.5,77.6,75.0,77.5,62.2,Bachelor,Yes,No,No,0
STU02485,17,Female,Commerce,22.7,86.7,79.8,77.1,72.1,Master,Yes,No,No,0
STU02486,17,Female,Arts,7.3,87.0,66.8,63.5,57.3,Bachelor,Yes,No,Yes,0
STU02487,16,Male,Commerce,12.3,87.8,72.8,74.4,67.3,Master,Yes,No,Yes,0
STU02488,15,Female,Commerce,10.5,96.4,76.9,66.8,65.6,High School,Yes,No,No,0
STU02489,19,Male,STEM,5.9,77.3,61.7,61.8,49.0,High School,Yes,Yes,No,0
STU02490,17,Female,STEM,18.8,94.6,75.4,64.6,70.6,Bachelor,Yes,Yes,No,0
STU02491,17,Female,STEM,22.7,76.1,50.1,85.3,60.9,Master,Yes,No,No,0
STU02492,17,Male,STEM,14.9,73.9,89.3,86.5,70.8,High School,Yes,No,No,0
STU02493,22,Male,Humanities,13.4,96.1,95.6,68.0,74.6,High School,Yes,Yes,No,0
STU02494,19,Female,STEM,12.1,78.6,80.9,79.5,51.8,High School,Yes,Yes,No,0
STU02495,18,Male,Humanities,11.1,72.3,63.5,69.3,77.3,Bachelor,Yes,Yes,No,0
STU02496,16,Female,Humanities,13.3,82.2,63.4,79.9,69.8,Master,Yes,Yes,No,0
STU02497,21,Female,STEM,14.8,93.4,64.0,83.9,72.7,Bachelor,Yes,Yes,No,0
STU02498,22,Female,STEM,20.5,79.7,87.3,100.0,78.7,High School,Yes,No,No,0
STU02499,15,Female,Humanities,9.4,80.5,85.4,71.5,68.5,High School,Yes,Yes,No,0
STU02500,22,Male,Humanities,13.6,69.9,75.2,78.1,58.3,Master,Yes,No,Yes,0
STU02501,20,Female,Commerce,12.6,78.5,75.25,72.5,72.2,High School,Yes,No,No,0
STU02502,15,Male,Commerce,15.6,91.6,84.3,87.9,66.0,High School,No,No,No,0
STU02503,21,Male,STEM,23.8,81.0,76.0,68.1,62.4,High School,Yes,No,No,0
STU02504,15,Female,STEM,17.8,76.4,88.3,74.1,67.9,Bachelor,Yes,No,Yes,0
STU02505,15,Female,STEM,16.6,79.9,87.5,79.2,84.9,High School,Yes,No,Yes,0
STU02506,15,Female,STEM,17.1,79.4,68.4,74.1,59.5,High School,Yes,No,No,0
STU02507,18,Male,Humanities,17.5,92.6,89.6,85.9,82.3,High School,Yes,Yes,Yes,0
STU02508,19,Male,Arts,23.9,90.4,84.3,99.4,70.7,Master,Yes,No,No,0
STU02509,18,Male,STEM,5.4,83.6,67.8,56.2,56.8,High School,Yes,No,No,1
STU02510,15,Female,STEM,15.7,83.9,82.1,68.9,82.1,High School,Yes,No,No,0
STU02511,16,Female,Commerce,0.2,71.7,67.5,52.5,53.9,High School,Yes,Yes,No,1
STU02512,21,Male,Humanities,16.1,77.6,86.0,76.6,57.8,High School,Yes,Yes,No,0
STU02513,22,Female,STEM,15.5,87.0,70.3,78.1,70.0,Bachelor,Yes,No,No,0
STU02514,21,Male,STEM,9.3,95.5,81.6,84.2,70.2,Bachelor,Yes,Yes,Yes,0
STU02515,15,Female,Arts,0.0,69.1,51.6,59.7,55.8,High School,Yes,Yes,No,1
STU02516,21,Female,STEM,12.9,74.3,72.2,80.4,66.4,Master,Yes,No,No,0
STU02517,20,Male,Commerce,14.0,75.8,74.1,69.2,55.1,High School,Yes,No,Yes,0
STU02518,19,Male,Commerce,11.5,90.4,86.2,75.1,71.3,High School,Yes,Yes,Yes,0
STU02519,16,Male,STEM,9.0,80.3,72.5,70.9,58.7,High School,Yes,Yes,No,0
STU02520,22,Female,Commerce,9.0,85.1,70.9,60.6,45.8,High School,Yes,No,No,0
STU02521,18,Male,STEM,10.8,77.4,87.4,70.8,67.1,Master,No,No,No,0
STU02522,15,Male,STEM,9.4,87.8,70.1,69.9,64.3,Master,Yes,No,Yes,0
STU02523,16,Male,STEM,16.6,83.8,74.2,65.7,69.7,Bachelor,Yes,No,Yes,0
STU02524,18,Male,Arts,11.4,69.4,53.1,70.2,63.7,Bachelor,Yes,Yes,No,1
STU02525,15,Male,STEM,5.2,88.3,69.2,58.6,56.6,Bachelor,Yes,No,Yes,1
STU02526,17,Male,STEM,13.8,82.5,67.1,74.7,55.4,Bachelor,Yes,No,No,0
STU02527,18,Female,Arts,14.9,80.8,74.4,76.5,63.0,High School,Yes,No,No,0
STU02528,22,Female,STEM,20.3,88.0,85.0,95.6,81.8,High School,Yes,No,No,0
STU02529,15,Male,Arts,16.0,72.2,65.0,54.8,66.9,Bachelor,Yes,Yes,No,0
STU02530,19,Female,Commerce,7.8,83.6,64.0,72.1,61.6,Bachelor,Yes,Yes,No,0
STU02531,22,Female,Humanities,19.4,80.6,64.3,85.2,69.7,Master,Yes,No,No,0
STU02532,21,Male,Commerce,5.6,77.9,64.2,62.3,54.7,High School,Yes,Yes,No,0
STU02533,22,Female,Commerce,13.1,91.6,68.5,74.4,67.7,High School,Yes,No,No,0
STU02534,16,Male,STEM,16.4,89.1,100.0,92.8,97.2,High School,Yes,No,No,0
STU02535,21,Male,Arts,18.4,85.5,95.7,81.1,78.7,Bachelor,Yes,Yes,Yes,0
STU02536,22,Female,Arts,21.5,85.5,96.4,92.5,82.7,High School,Yes,No,No,0
STU02537,17,Male,Arts,18.7,66.5,63.7,81.4,66.4,Master,Yes,No,Yes,0
STU02538,18,Female,Commerce,12.4,75.6,72.2,56.8,55.3,High School,Yes,No,No,0
STU02539,19,Male,Humanities,14.4,84.4,65.3,74.0,54.9,High School,Yes,Yes,No,0
STU02540,18,Male,Humanities,12.8,76.2,92.8,81.5,61.7,Bachelor,Yes,Yes,No,0
STU02541,17,Female,STEM,8.6,69.9,78.1,74.6,59.0,High School,Yes,Yes,No,0
STU02542,22,Female,Humanities,11.3,85.5,64.8,56.4,67.4,Bachelor,Yes,Yes,No,0
STU02543,22,Female,Commerce,19.1,97.6,87.5,79.4,87.3,High School,No,No,Yes,0
STU02544,18,Female,Commerce,14.7,79.4,61.7,57.8,51.3,Bachelor,Yes,Yes,Yes,0
STU02545,21,Female,STEM,21.1,95.1,83.4,74.5,75.8,Bachelor,Yes,Yes,Yes,0
STU02546,18,Non-binary,Humanities,8.1,86.0,71.2,72.6,65.3,Master,Yes,No,No,0
STU02547,21,Female,Commerce,10.1,75.3,79.5,67.2,59.0,High School,Yes,Yes,Yes,0
STU02548,19,Male,Humanities,13.7,76.9,85.1,73.1,78.9,High School,Yes,Yes,No,0
STU02549,18,Female,Arts,16.3,100.0,82.4,88.7,84.8,Bachelor,Yes,No,Yes,0
STU02550,16,Non-binary,Commerce,12.5,73.3,71.3,68.1,65.3,Master,Yes,No,No,0
STU02551,20,Female,STEM,15.4,78.7,44.5,69.7,58.2,Bachelor,Yes,Yes,No,0
STU02552,17,Female,STEM,16.6,99.8,98.0,79.0,70.4,Bachelor,Yes,No,No,0
STU02553,16,Male,Commerce,6.8,75.1,63.0,72.1,64.2,Bachelor,Yes,No,No,1
STU02554,16,Female,Humanities,15.2,94.3,81.2,71.0,76.2,Bachelor,Yes,Yes,No,0
STU02555,22,Male,Commerce,16.6,75.9,99.7,92.5,84.0,Master,Yes,Yes,No,0
STU02556,15,Female,STEM,14.3,86.1,65.7,68.6,59.5,Master,Yes,No,Yes,0
STU02557,21,Male,STEM,1.5,86.0,68.3,63.2,52.8,Bachelor,No,Yes,No,1
STU02558,21,Male,Humanities,9.8,77.3,77.3,72.1,68.6,Bachelor,No,No,No,0
STU02559,15,Male,Commerce,13.8,85.6,88.1,64.3,77.5,Master,Yes,Yes,Yes,0
STU02560,19,Female,Arts,5.9,85.2,71.2,72.1,71.8,High School,Yes,Yes,No,1
STU02561,19,Female,Arts,17.1,77.1,89.5,71.8,67.2,High School,Yes,No,No,0
STU02562,17,Female,Humanities,16.3,100.0,78.1,80.8,74.7,Master,Yes,No,No,0
STU02563,20,Female,Commerce,12.4,90.5,82.6,80.3,58.5,Bachelor,Yes,Yes,No,0
STU02564,18,Female,STEM,11.9,79.1,78.5,78.7,51.7,High School,Yes,Yes,No,0
STU02565,18,Male,Humanities,13.9,81.0,75.3,73.2,71.4,Bachelor,Yes,No,No,0
STU02566,18,Male,Arts,13.0,99.7,82.9,63.5,64.4,Bachelor,Yes,No,Yes,0
STU02567,21,Male,Humanities,6.0,76.5,60.6,60.5,40.8,Bachelor,Yes,Yes,No,0
STU02568,20,Female,Arts,9.9,77.3,69.4,70.4,54.2,Bachelor,Yes,Yes,No,0
STU02569,18,Female,STEM,13.3,93.8,65.7,67.7,67.8,High School,Yes,No,Yes,0
STU02570,22,Male,STEM,18.2,73.6,73.4,78.7,72.1,High School,Yes,Yes,No,0
STU02571,21,Female,Humanities,14.9,84.7,89.2,66.4,59.6,High School,Yes,Yes,Yes,0
STU02572,22,Female,Arts,16.4,86.7,83.6,81.2,83.6,Master,No,Yes,Yes,0
STU02573,20,Female,STEM,5.5,75.4,71.8,62.5,53.3,High School,Yes,Yes,Yes,0
STU02574,18,Male,Commerce,11.4,71.2,56.2,53.1,54.7,Bachelor,Yes,No,Yes,0
STU02575,21,Non-binary,STEM,21.1,86.6,86.1,91.2,81.3,Bachelor,Yes,Yes,No,0
STU02576,17,Female,Commerce,7.7,85.6,72.0,61.9,61.1,Bachelor,No,No,No,1
STU02577,17,Male,Humanities,8.4,76.9,76.6,70.5,57.2,Bachelor,Yes,Yes,Yes,0
STU02578,18,Female,STEM,10.6,71.9,85.6,79.1,68.9,Bachelor,Yes,Yes,No,0
STU02579,22,Female,Commerce,22.1,96.6,81.7,88.7,83.4,Bachelor,Yes,No,No,0
STU02580,19,Male,Commerce,10.0,87.3,71.5,57.4,59.7,High School,Yes,No,Yes,0
STU02581,18,Female,Humanities,14.3,80.1,85.5,76.1,72.4,High School,Yes,Yes,No,0
STU02582,18,Male,STEM,13.6,92.1,72.4,89.6,81.5,Bachelor,Yes,Yes,Yes,0
STU02583,17,Female,STEM,4.3,80.5,69.8,72.3,57.6,High School,Yes,No,No,0
STU02584,20,Female,Arts,12.9,96.7,59.0,72.4,69.8,Bachelor,Yes,No,No,0
STU02585,17,Male,Commerce,8.5,85.7,70.1,68.1,61.4,High School,No,No,No,0
STU02586,19,Female,Commerce,16.1,74.7,89.6,75.1,82.4,Bachelor,Yes,No,Yes,0
STU02587,17,Male,Commerce,17.6,81.3,82.4,80.1,64.0,High School,No,Yes,Yes,0
STU02588,17,Female,Commerce,11.4,76.8,82.4,71.2,76.3,Bachelor,Yes,No,No,0
STU02589,22,Male,STEM,10.2,85.7,84.1,73.4,65.8,High School,Yes,Yes,Yes,0
STU02590,17,Female,Humanities,23.1,84.6,97.4,82.7,97.3,Bachelor,Yes,Yes,No,0
STU02591,15,Female,Commerce,9.8,72.0,67.7,73.9,64.8,High School,Yes,No,No,0
STU02592,18,Male,STEM,5.8,83.9,80.2,46.0,63.5,Bachelor,Yes,Yes,No,1
STU02593,19,Female,STEM,19.2,95.2,100.0,98.0,86.9,High School,Yes,No,Yes,0
STU02594,15,Female,Commerce,11.6,81.0,74.3,78.2,72.5,Bachelor,Yes,Yes,No,0
STU02595,17,Non-binary,Arts,14.3,84.7,64.2,88.2,74.6,Bachelor,Yes,No,No,0
STU02596,16,Male,Commerce,23.0,79.2,76.7,82.8,74.2,Master,Yes,No,No,0
STU02597,19,Male,STEM,6.7,75.4,74.3,61.6,64.6,Bachelor,Yes,No,No,0
STU02598,20,Male,Arts,12.1,78.2,57.7,65.2,35.0,Bachelor,Yes,No,No,0
STU02599,22,Male,STEM,6.2,85.9,63.9,65.1,54.5,Bachelor,Yes,Yes,Yes,0
STU02600,18,Male,STEM,14.5,85.2,75.25,73.7,68.8,High School,Yes,No,No,0
STU02601,21,Male,Arts,10.5,78.7,74.3,60.5,64.9,Bachelor,Yes,No,No,0
STU02602,16,Female,Commerce,5.7,76.2,87.0,74.9,73.5,High School,No,No,No,1
STU02603,21,Female,Arts,15.1,67.7,81.1,78.1,67.1,Bachelor,Yes,Yes,No,0
STU02604,19,Male,Commerce,9.8,93.9,64.9,56.9,57.5,High School,No,Yes,No,1
STU02605,21,Male,Commerce,6.2,62.7,100.0,63.8,70.9,High School,Yes,Yes,No,1
STU02606,21,Female,STEM,7.6,83.4,71.9,85.5,75.8,Bachelor,Yes,No,No,0
STU02607,19,Female,STEM,13.9,85.2,60.4,74.1,69.5,High School,Yes,No,Yes,0
STU02608,17,Female,Arts,5.5,76.9,58.7,61.9,53.2,High School,Yes,No,No,0
STU02609,19,Male,Arts,14.0,82.8,66.4,69.4,82.1,High School,Yes,No,No,0
STU02610,21,Male,Humanities,19.0,79.8,66.3,81.3,70.3,Bachelor,Yes,No,No,0
STU02611,22,Female,Humanities,14.0,88.1,83.0,69.3,71.8,High School,No,No,No,0
STU02612,22,Male,STEM,9.0,70.1,43.5,56.1,59.8,High School,Yes,Yes,No,1
STU02613,16,Male,STEM,14.2,87.6,87.7,82.0,86.2,Master,Yes,No,Yes,0
STU02614,19,Male,Arts,7.4,74.5,78.1,60.1,65.0,Master,Yes,No,No,0
STU02615,15,Female,STEM,12.4,78.8,70.1,69.3,57.5,High School,Yes,Yes,No,0
STU02616,20,Male,Humanities,10.3,80.0,82.5,70.2,67.7,Bachelor,Yes,Yes,Yes,0
STU02617,22,Male,Arts,7.1,80.5,60.1,53.7,57.4,High School,Yes,Yes,Yes,1
STU02618,15,Male,Humanities,15.8,89.7,71.2,70.1,81.9,Master,Yes,No,Yes,0
STU02619,20,Female,Humanities,2.9,79.6,73.2,47.5,74.2,High School,Yes,Yes,Yes,1
STU02620,22,Male,STEM,6.5,87.0,69.9,72.1,59.1,High School,Yes,Yes,No,0
STU02621,21,Male,STEM,7.0,88.1,66.4,75.1,69.5,High School,Yes,Yes,No,0
STU02622,18,Female,STEM,10.7,83.9,73.3,62.3,57.1,Bachelor,Yes,No,No,0
STU02623,15,Female,STEM,16.8,89.6,93.5,94.4,81.8,High School,No,No,No,0
STU02624,22,Male,STEM,16.4,100.0,95.1,85.6,76.3,Bachelor,Yes,No,No,0
STU02625,22,Male,STEM,13.5,71.4,78.1,74.9,78.6,High School,Yes,No,No,0
STU02626,19,Female,STEM,10.1,91.8,72.2,58.2,64.2,Bachelor,No,Yes,Yes,1
STU02627,22,Female,STEM,11.7,96.2,83.2,70.8,73.3,Bachelor,Yes,Yes,Yes,0
STU02628,15,Female,Arts,19.2,88.7,73.3,83.4,74.7,High School,Yes,No,No,0
STU02629,19,Male,STEM,4.8,94.0,84.0,60.3,67.1,High School,Yes,No,No,0
STU02630,15,Non-binary,Humanities,16.5,98.2,91.5,78.4,81.7,High School,Yes,No,No,0
STU02631,22,Female,Arts,9.5,78.2,91.6,72.6,64.9,Bachelor,Yes,Yes,No,0
STU02632,20,Female,STEM,15.3,81.4,69.4,45.8,46.7,High School,Yes,No,No,0
STU02633,22,Female,Humanities,14.1,87.2,75.25,74.0,57.9,Bachelor,Yes,Yes,No,0
STU02634,19,Female,Commerce,16.3,78.9,83.1,85.4,63.2,Bachelor,Yes,No,No,0
STU02635,15,Male,Humanities,20.1,100.0,82.3,87.1,82.2,Bachelor,Yes,No,No,0
STU02636,15,Male,STEM,6.8,86.0,82.0,76.9,62.6,Bachelor,Yes,No,No,0
STU02637,17,Female,Commerce,17.5,84.8,93.0,82.5,85.2,High School,Yes,No,No,0
STU02638,20,Female,Commerce,12.7,71.0,90.2,94.0,77.5,High School,Yes,No,No,0
STU02639,16,Female,Humanities,10.9,83.5,75.1,64.0,51.0,Bachelor,Yes,No,No,0
STU02640,21,Male,STEM,22.2,77.1,90.4,88.3,77.3,High School,Yes,No,No,0
STU02641,16,Male,STEM,15.0,89.4,73.7,72.1,54.3,Bachelor,Yes,Yes,No,0
STU02642,18,Male,Commerce,9.9,61.0,71.0,69.3,51.2,Master,Yes,Yes,No,0
STU02643,16,Female,STEM,17.3,95.5,81.5,78.8,72.4,High School,Yes,No,No,0
STU02644,18,Male,STEM,12.8,79.0,73.9,71.5,59.2,High School,Yes,No,No,0
STU02645,18,Female,Humanities,11.1,68.1,89.5,72.1,80.8,High School,Yes,No,No,0
STU02646,15,Male,Arts,9.1,80.6,59.1,58.1,61.1,High School,Yes,Yes,No,0
STU02647,19,Male,STEM,13.2,82.7,76.0,55.8,60.4,Master,Yes,Yes,No,0
STU02648,21,Male,STEM,10.2,80.7,73.9,75.9,76.2,Master,Yes,No,No,0
STU02649,22,Male,Humanities,13.7,93.8,85.3,70.3,65.5,High School,Yes,No,No,0
STU02650,17,Female,Commerce,13.8,85.9,66.3,66.1,61.5,Master,No,Yes,No,0
STU02651,22,Male,Humanities,12.3,90.5,74.1,63.4,71.5,High School,Yes,Yes,Yes,0
STU02652,22,Female,Arts,20.7,85.9,76.5,86.8,68.7,Master,Yes,Yes,Yes,0
STU02653,22,Female,STEM,13.1,87.9,54.6,59.6,63.2,Bachelor,Yes,No,Yes,1
STU02654,17,Female,STEM,17.9,74.2,89.4,65.4,72.3,High School,Yes,Yes,No,0
STU02655,21,Female,Humanities,17.4,88.5,65.8,76.0,73.1,Bachelor,Yes,No,Yes,0
STU02656,19,Female,STEM,18.7,78.9,63.4,68.1,77.2,Bachelor,Yes,Yes,No,0
STU02657,15,Female,Humanities,20.7,98.5,94.7,90.2,88.7,High School,Yes,Yes,Yes,0
STU02658,17,Male,Commerce,3.9,81.0,65.4,65.4,58.3,High School,Yes,Yes,Yes,0
STU02659,20,Female,STEM,13.0,87.8,74.1,64.7,55.2,Bachelor,Yes,Yes,No,0
STU02660,16,Female,Commerce,12.5,84.3,73.1,71.2,67.9,High School,Yes,No,No,0
STU02661,18,Non-binary,STEM,13.5,97.1,90.2,74.3,72.2,High School,Yes,No,No,0
STU02662,21,Male,Humanities,11.2,69.2,66.1,75.0,60.9,High School,Yes,No,No,0
STU02663,16,Female,Humanities,10.6,82.5,80.1,73.3,64.5,Bachelor,Yes,No,Yes,0
STU02664,18,Female,Humanities,6.9,72.0,57.6,58.3,56.1,High School,Yes,Yes,No,1
STU02665,16,Male,STEM,13.4,68.2,76.4,64.2,55.6,Bachelor,Yes,No,Yes,0
STU02666,19,Male,Arts,17.2,76.1,86.7,88.9,78.0,High School,Yes,No,No,0
STU02667,16,Female,Arts,10.8,92.8,90.6,84.7,69.3,High School,Yes,No,Yes,0
STU02668,22,Male,Commerce,11.5,83.5,59.5,58.3,45.2,Bachelor,Yes,No,Yes,0
STU02669,15,Female,Arts,8.7,78.8,68.9,66.8,58.4,High School,Yes,Yes,No,0
STU02670,22,Female,STEM,7.3,86.1,88.4,77.5,73.9,Bachelor,Yes,Yes,No,0
STU02671,21,Male,Humanities,10.7,84.3,83.8,92.2,69.6,High School,Yes,Yes,Yes,0
STU02672,21,Male,STEM,11.3,86.6,73.5,73.6,68.1,Bachelor,No,Yes,No,0
STU02673,21,Male,Arts,18.7,87.6,81.3,82.2,73.4,High School,Yes,No,No,0
STU02674,16,Female,STEM,7.6,84.4,75.2,66.0,55.8,Bachelor,Yes,No,No,0
STU02675,22,Female,STEM,11.7,78.3,70.3,68.7,67.1,High School,Yes,Yes,No,0
STU02676,19,Female,Commerce,16.3,92.3,86.0,87.8,74.2,Master,No,No,No,0
STU02677,22,Female,STEM,7.7,70.4,74.2,59.8,60.8,High School,Yes,No,No,1
STU02678,22,Female,Commerce,17.5,83.8,68.4,82.5,60.6,High School,Yes,Yes,No,0
STU02679,19,Male,STEM,9.8,91.8,70.6,55.2,62.0,Bachelor,Yes,Yes,Yes,0
STU02680,17,Male,Commerce,16.2,84.7,74.2,81.5,76.1,High School,Yes,No,Yes,0
STU02681,15,Male,Arts,12.0,78.6,71.7,78.0,69.1,High School,Yes,No,No,0
STU02682,15,Female,Commerce,13.9,100.0,83.1,84.1,83.4,Bachelor,Yes,Yes,No,0
STU02683,18,Female,STEM,17.0,95.6,83.6,83.5,82.3,Bachelor,No,Yes,No,0
STU02684,21,Male,STEM,9.3,81.9,65.8,68.0,63.3,Bachelor,No,Yes,No,0
STU02685,19,Female,STEM,17.5,78.7,91.8,82.4,82.7,Master,Yes,No,Yes,0
STU02686,18,Male,STEM,14.2,66.7,73.4,64.7,59.3,High School,Yes,No,No,0
STU02687,16,Female,Humanities,8.3,88.0,88.2,75.8,74.6,High School,Yes,Yes,Yes,0
STU02688,19,Male,STEM,12.3,92.3,91.9,80.4,76.5,Bachelor,Yes,No,No,0
STU02689,20,Male,STEM,12.1,82.4,65.2,75.0,78.1,High School,Yes,No,No,0
STU02690,22,Male,STEM,12.3,65.3,61.5,57.5,53.4,High School,Yes,Yes,No,1
STU02691,20,Male,Arts,13.9,84.1,72.8,74.3,58.9,High School,Yes,Yes,No,0
STU02692,19,Male,STEM,14.8,81.4,80.1,79.6,73.4,High School,Yes,Yes,Yes,0
STU02693,22,Female,STEM,15.5,84.9,85.6,85.1,69.3,High School,Yes,Yes,No,0
STU02694,18,Male,Humanities,19.4,100.0,86.0,92.6,88.4,High School,Yes,No,No,0
STU02695,22,Male,STEM,17.3,92.7,75.9,70.6,76.4,Bachelor,Yes,No,Yes,0
STU02696,17,Non-binary,Arts,10.3,85.8,91.1,82.9,70.2,Bachelor,Yes,No,No,0
STU02697,16,Female,STEM,10.0,80.7,68.9,65.6,54.2,Master,Yes,Yes,No,0
STU02698,18,Female,Commerce,16.8,87.5,87.3,87.9,79.4,High School,Yes,No,No,0
STU02699,16,Male,Commerce,13.6,76.9,74.7,85.4,63.9,High School,Yes,Yes,No,0
STU02700,15,Male,Commerce,11.7,88.3,75.5,55.0,56.8,Bachelor,Yes,Yes,Yes,0
STU02701,22,Female,Commerce,7.9,78.6,78.0,78.5,63.1,High School,Yes,Yes,No,0
STU02702,21,Female,Commerce,10.6,74.8,87.8,75.2,73.5,High School,Yes,No,No,0
STU02703,16,Female,Humanities,13.6,89.2,80.9,69.5,59.4,Bachelor,No,No,No,0
STU02704,21,Female,Humanities,4.2,62.6,60.0,53.1,43.3,Bachelor,Yes,No,Yes,1
STU02705,15,Female,Commerce,2.5,73.4,80.8,55.9,73.7,High School,Yes,No,No,1
STU02706,17,Female,Humanities,14.9,88.2,83.5,83.0,88.7,Bachelor,Yes,Yes,No,0
STU02707,20,Female,Humanities,7.4,89.7,75.0,58.6,70.2,Bachelor,No,Yes,No,1
STU02708,17,Male,STEM,15.1,87.2,88.8,91.2,79.3,Master,Yes,No,No,0
STU02709,20,Female,STEM,20.1,80.3,84.0,90.4,83.7,High School,Yes,No,No,0
STU02710,21,Female,Humanities,8.4,80.0,96.5,79.5,70.3,Bachelor,Yes,No,No,0
STU02711,15,Female,STEM,2.3,80.0,67.3,41.5,30.9,Bachelor,No,Yes,No,1
STU02712,15,Female,Humanities,11.8,94.4,89.1,67.5,67.8,High School,Yes,No,No,0
STU02713,22,Non-binary,STEM,8.7,87.9,78.3,69.2,62.9,Bachelor,Yes,Yes,No,0
STU02714,19,Male,Humanities,9.7,88.4,79.1,71.1,67.8,Bachelor,No,Yes,No,0
STU02715,19,Female,Commerce,14.2,83.5,73.4,81.2,73.6,High School,Yes,Yes,No,0
STU02716,18,Female,Humanities,13.3,74.0,70.7,48.1,68.6,High School,Yes,Yes,No,0
STU02717,18,Female,Commerce,11.2,70.4,76.9,65.9,62.7,High School,No,No,No,0
STU02718,20,Female,STEM,17.8,84.2,71.2,83.3,65.1,Bachelor,Yes,No,Yes,0
STU02719,19,Female,STEM,14.8,90.9,73.3,71.6,67.7,High School,Yes,Yes,Yes,0
STU02720,16,Female,Commerce,9.0,76.6,75.25,63.5,64.9,Bachelor,No,Yes,No,0
STU02721,20,Female,Commerce,15.9,88.3,91.8,70.9,73.6,High School,Yes,No,No,0
STU02722,20,Male,Commerce,6.0,72.9,69.3,71.3,54.1,Bachelor,Yes,No,No,0
STU02723,15,Female,Commerce,16.6,78.9,78.5,74.7,73.7,Bachelor,Yes,Yes,No,0
STU02724,18,Female,Commerce,11.9,93.2,66.8,76.9,59.7,Bachelor,Yes,Yes,No,0
STU02725,21,Male,Commerce,7.6,86.2,75.25,85.4,67.4,Bachelor,Yes,No,No,0
STU02726,19,Female,Commerce,11.1,79.1,84.8,85.9,75.5,High School,Yes,No,No,0
STU02727,16,Female,Commerce,16.5,77.4,89.6,83.2,70.1,High School,Yes,Yes,No,0
STU02728,15,Female,STEM,9.5,88.5,60.1,58.6,55.6,Bachelor,Yes,No,No,0
STU02729,19,Female,STEM,14.8,90.3,82.5,74.0,72.5,High School,Yes,No,No,0
STU02730,18,Female,Humanities,15.8,88.8,70.0,89.6,73.2,Bachelor,Yes,Yes,No,0
STU02731,22,Male,Humanities,13.1,81.1,83.4,75.2,63.6,Bachelor,Yes,No,No,0
STU02732,19,Male,Commerce,9.1,71.9,73.9,76.7,66.4,Master,Yes,No,No,0
STU02733,22,Female,STEM,12.7,84.2,81.2,79.4,64.9,High School,Yes,No,Yes,0
STU02734,16,Female,STEM,6.7,90.9,65.9,58.7,70.5,Bachelor,Yes,No,No,1
STU02735,18,Male,Commerce,9.6,73.6,61.0,61.0,53.3,High School,Yes,Yes,No,0
STU02736,16,Male,STEM,8.0,82.6,65.8,72.9,66.4,Master,Yes,No,Yes,0
STU02737,19,Female,Commerce,12.8,95.4,81.7,76.1,78.0,Bachelor,Yes,No,No,0
STU02738,16,Female,STEM,4.1,76.0,65.4,55.3,51.0,Bachelor,No,Yes,No,1
STU02739,18,Female,Humanities,13.4,81.6,78.5,68.6,60.4,Bachelor,Yes,No,No,0
STU02740,17,Male,Humanities,18.1,73.9,67.6,77.9,72.6,High School,Yes,No,No,0
STU02741,16,Female,STEM,18.4,91.9,82.0,78.0,65.6,Bachelor,Yes,No,Yes,0
STU02742,15,Female,STEM,7.4,76.0,84.2,75.8,58.0,Bachelor,Yes,No,Yes,0
STU02743,19,Female,STEM,8.8,68.1,72.9,87.8,70.5,High School,Yes,Yes,No,0
STU02744,22,Female,STEM,15.6,76.0,80.4,82.5,70.5,Master,Yes,Yes,No,0
STU02745,16,Female,STEM,15.0,85.0,82.0,92.8,72.0,Master,Yes,Yes,No,0
STU02746,18,Male,Commerce,10.2,70.5,66.0,60.2,53.6,Master,Yes,No,Yes,0
STU02747,16,Male,STEM,10.8,70.4,87.9,81.9,64.9,Bachelor,Yes,No,No,0
STU02748,21,Female,Humanities,13.4,87.1,80.8,86.1,89.5,High School,Yes,No,No,0
STU02749,18,Female,STEM,3.6,77.6,69.5,71.3,66.7,Bachelor,Yes,Yes,No,0
STU02750,22,Male,Arts,15.4,76.2,83.2,89.6,69.0,High School,Yes,No,No,0
STU02751,16,Female,Commerce,17.9,82.1,88.9,84.8,75.3,Bachelor,Yes,No,No,0
STU02752,15,Female,Arts,9.2,94.6,63.3,70.7,67.9,High School,No,No,No,0
STU02753,19,Female,Arts,6.6,91.8,73.7,57.3,54.1,Master,Yes,No,Yes,1
STU02754,20,Male,STEM,19.4,84.5,100.0,100.0,82.7,High School,Yes,No,No,0
STU02755,22,Male,Commerce,12.8,90.9,94.2,73.9,72.9,High School,Yes,Yes,Yes,0
STU02756,21,Male,STEM,15.0,84.3,76.7,86.0,67.0,High School,Yes,Yes,No,0
STU02757,22,Male,Arts,5.9,65.1,74.0,73.1,67.8,Bachelor,Yes,Yes,No,1
STU02758,20,Female,Humanities,5.9,65.6,63.6,68.4,50.7,High School,Yes,Yes,Yes,1
STU02759,17,Female,Humanities,14.9,76.0,79.4,93.6,73.7,High School,Yes,No,No,0
STU02760,18,Female,Arts,14.4,70.5,69.7,80.6,67.2,High School,No,Yes,No,0
STU02761,16,Male,Commerce,6.7,81.8,66.3,51.6,66.2,High School,Yes,Yes,No,1
STU02762,18,Male,Arts,11.3,77.3,67.6,72.6,62.6,Master,Yes,Yes,No,0
STU02763,17,Female,STEM,5.9,82.7,87.4,55.7,77.4,High School,Yes,No,No,1
STU02764,15,Male,STEM,9.8,86.5,69.6,66.4,60.5,High School,Yes,No,Yes,0
STU02765,16,Female,STEM,10.6,86.9,86.5,72.2,68.7,High School,Yes,Yes,No,0
STU02766,19,Female,Humanities,13.2,77.1,70.5,76.3,72.6,High School,No,No,Yes,0
STU02767,17,Female,Humanities,3.5,82.3,63.3,50.8,65.9,High School,Yes,No,No,1
STU02768,22,Male,STEM,18.9,77.5,83.1,76.8,71.1,High School,Yes,No,No,0
STU02769,18,Male,Commerce,12.2,87.8,63.5,71.0,72.7,High School,Yes,No,No,0
STU02770,22,Male,STEM,18.8,94.8,89.6,95.4,89.8,High School,Yes,No,No,0
STU02771,20,Male,Commerce,16.1,91.6,78.9,78.2,68.2,High School,Yes,No,Yes,0
STU02772,15,Male,Arts,15.6,82.2,72.3,93.3,73.8,Bachelor,Yes,Yes,No,0
STU02773,16,Male,Commerce,22.1,91.1,77.0,81.2,76.4,High School,Yes,No,No,0
STU02774,20,Male,Humanities,8.3,68.1,88.9,79.6,61.1,Bachelor,Yes,Yes,No,0
STU02775,19,Female,STEM,12.4,70.1,72.4,74.0,65.3,Bachelor,Yes,Yes,Yes,0
STU02776,17,Male,STEM,8.5,84.2,72.1,64.1,62.5,Master,Yes,No,No,0
STU02777,19,Male,Commerce,12.5,92.7,86.5,88.2,79.8,High School,Yes,No,No,0
STU02778,22,Male,Humanities,16.2,74.0,68.0,66.3,63.7,Bachelor,Yes,No,No,0
STU02779,18,Female,STEM,18.1,84.9,91.6,69.5,69.7,Master,Yes,No,No,0
STU02780,15,Male,Arts,11.3,85.2,74.9,70.1,83.3,Master,Yes,No,No,0
STU02781,17,Male,Commerce,7.6,75.1,56.4,56.7,54.3,Bachelor,Yes,No,No,1
STU02782,22,Female,Commerce,13.3,79.9,70.2,79.7,76.7,High School,Yes,No,No,0
STU02783,21,Non-binary,Humanities,12.3,85.1,61.8,51.6,58.1,Master,Yes,Yes,No,0
STU02784,21,Female,Arts,9.2,83.6,74.1,72.7,75.9,Bachelor,Yes,Yes,Yes,0
STU02785,22,Female,STEM,16.0,86.7,71.1,77.8,64.6,High School,Yes,No,Yes,0
STU02786,15,Female,STEM,15.2,77.6,67.4,74.6,65.1,High School,Yes,No,Yes,0
STU02787,17,Male,Arts,16.8,85.9,82.4,88.9,73.8,Master,Yes,No,Yes,0
STU02788,15,Male,Arts,11.5,78.6,74.4,70.9,61.1,High School,Yes,No,No,0
STU02789,15,Female,Humanities,16.3,83.2,90.6,84.1,79.1,Bachelor,Yes,Yes,Yes,0
STU02790,21,Male,STEM,13.1,80.2,87.1,82.2,71.7,High School,Yes,No,Yes,0
STU02791,22,Female,STEM,11.7,81.6,75.3,70.9,56.0,Bachelor,Yes,No,No,0
STU02792,16,Female,Commerce,8.1,73.3,75.2,56.9,56.2,High School,Yes,No,No,0
STU02793,20,Male,Commerce,2.4,77.8,52.8,48.1,44.3,Bachelor,Yes,Yes,No,1
STU02794,19,Male,STEM,6.0,76.4,76.3,63.9,66.5,Bachelor,Yes,No,No,0
STU02795,15,Male,STEM,14.0,75.4,79.2,71.5,57.2,Master,Yes,No,No,0
STU02796,22,Male,Commerce,8.9,67.0,79.0,67.8,58.3,High School,Yes,No,Yes,0
STU02797,21,Non-binary,Commerce,4.4,86.2,67.2,61.5,52.8,High School,Yes,Yes,No,0
STU02798,19,Female,Humanities,7.9,88.1,70.3,63.1,66.8,High School,No,Yes,Yes,1
STU02799,20,Female,Humanities,11.1,75.2,70.0,75.5,60.4,High School,No,Yes,No,0
STU02800,18,Female,Arts,14.9,90.8,93.5,90.4,88.1,Master,Yes,No,Yes,0
STU02801,21,Male,STEM,10.9,73.3,75.1,51.8,57.9,High School,No,No,No,1
STU02802,18,Male,Humanities,12.7,79.9,60.1,54.5,60.1,High School,Yes,No,No,0
STU02803,22,Male,Commerce,10.6,77.1,79.4,53.2,68.2,Bachelor,Yes,No,No,0
STU02804,15,Female,Humanities,12.7,80.1,70.5,68.5,55.7,High School,No,Yes,No,0
STU02805,16,Female,Arts,11.0,86.7,86.2,73.2,68.9,High School,Yes,Yes,No,0
STU02806,22,Male,Commerce,12.7,81.1,80.8,76.5,72.7,Bachelor,Yes,No,Yes,0
STU02807,17,Non-binary,Humanities,17.7,81.8,91.7,92.5,81.9,High School,Yes,No,No,0
STU02808,17,Female,STEM,16.6,90.0,90.6,83.7,69.5,Bachelor,Yes,No,No,0
STU02809,21,Female,Commerce,10.2,83.7,83.4,68.9,72.4,Bachelor,No,No,Yes,0
STU02810,16,Female,STEM,11.5,79.0,75.25,76.0,70.3,High School,Yes,No,Yes,0
STU02811,19,Female,STEM,11.5,83.7,83.2,71.1,69.7,Bachelor,Yes,No,No,0
STU02812,17,Female,Humanities,3.9,86.3,63.0,45.8,50.3,Master,Yes,No,No,1
STU02813,16,Female,Humanities,16.7,92.6,69.5,82.3,50.1,High School,Yes,Yes,No,0
STU02814,22,Male,Arts,8.7,69.9,61.6,65.7,60.3,Bachelor,Yes,Yes,No,0
STU02815,16,Female,Commerce,14.8,75.1,82.9,90.2,78.5,High School,No,No,Yes,0
STU02816,15,Female,Commerce,13.2,90.5,55.6,54.6,54.8,Bachelor,Yes,No,No,0
STU02817,20,Female,STEM,16.1,83.5,78.3,65.0,57.3,Bachelor,No,Yes,Yes,0
STU02818,21,Male,Humanities,14.2,65.4,70.4,64.8,57.0,High School,Yes,Yes,No,0
STU02819,16,Female,Arts,17.1,78.5,90.3,87.6,84.6,High School,Yes,No,No,0
STU02820,20,Female,Humanities,9.1,77.2,70.6,73.7,60.4,High School,Yes,Yes,No,0
STU02821,19,Female,Commerce,7.2,77.3,66.7,65.2,58.8,Bachelor,Yes,No,No,0
STU02822,21,Male,Humanities,13.7,88.9,91.0,82.2,74.3,Bachelor,Yes,No,No,0
STU02823,16,Male,STEM,4.4,73.1,66.5,66.6,59.0,High School,Yes,No,Yes,0
STU02824,22,Female,Humanities,9.7,90.4,72.6,64.7,54.9,High School,Yes,Yes,Yes,0
STU02825,19,Female,STEM,5.6,83.4,65.7,69.2,58.5,Master,No,No,Yes,1
STU02826,21,Female,STEM,9.2,72.4,73.7,84.2,74.1,High School,Yes,No,Yes,0
STU02827,17,Male,STEM,14.5,80.6,73.3,65.4,58.6,High School,Yes,Yes,No,0
STU02828,22,Male,STEM,15.4,87.5,75.5,73.9,68.1,High School,Yes,No,No,0
STU02829,20,Female,Humanities,11.1,81.9,88.8,66.1,75.8,Bachelor,Yes,Yes,No,0
STU02830,16,Female,Arts,14.4,86.1,78.2,68.3,73.6,High School,Yes,No,No,0
STU02831,22,Male,Humanities,10.6,76.7,68.3,70.5,65.4,Bachelor,Yes,No,No,0
STU02832,21,Male,Commerce,23.9,93.8,76.6,72.3,78.1,Bachelor,Yes,No,Yes,0
STU02833,17,Female,Humanities,14.4,79.9,78.4,69.9,70.3,High School,Yes,No,No,0
STU02834,19,Female,STEM,10.3,100.0,72.1,77.2,68.3,Bachelor,Yes,No,No,0
STU02835,18,Female,STEM,16.9,73.6,73.2,78.3,76.3,High School,Yes,No,No,0
STU02836,19,Male,Arts,18.6,100.0,75.4,85.5,74.3,High School,Yes,No,No,0
STU02837,22,Male,Commerce,12.3,72.7,72.2,56.3,50.3,Bachelor,Yes,Yes,No,0
STU02838,22,Male,Arts,12.3,89.7,59.7,59.7,47.4,High School,Yes,No,No,1
STU02839,16,Male,STEM,7.5,86.6,76.8,72.1,64.7,Master,Yes,No,No,0
STU02840,22,Female,Commerce,8.8,73.3,65.3,58.8,51.9,Bachelor,Yes,Yes,No,0
STU02841,18,Female,Commerce,12.8,87.2,84.0,73.0,66.0,High School,Yes,No,No,0
STU02842,20,Female,Arts,4.5,74.7,72.7,67.3,51.0,Master,Yes,Yes,No,0
STU02843,21,Male,STEM,7.9,82.4,73.1,59.4,62.8,Bachelor,No,Yes,No,1
STU02844,18,Male,Arts,10.9,84.7,83.3,80.2,64.8,High School,Yes,Yes,Yes,0
STU02845,18,Female,Humanities,14.5,80.3,92.1,68.0,75.2,Bachelor,Yes,No,No,0
STU02846,18,Female,Commerce,12.6,78.8,87.5,58.8,71.0,Master,Yes,Yes,No,1
STU02847,21,Male,Humanities,13.6,85.4,63.9,71.2,82.4,High School,Yes,Yes,No,0
STU02848,18,Male,Humanities,19.1,78.0,73.4,71.2,65.3,High School,No,No,No,0
STU02849,17,Male,Humanities,17.9,77.7,73.7,73.3,67.5,High School,Yes,No,No,0
STU02850,17,Female,Commerce,14.0,90.5,84.8,85.6,71.0,High School,Yes,No,No,0
STU02851,16,Male,STEM,7.4,85.4,67.1,68.3,53.2,High School,Yes,Yes,Yes,0
STU02852,18,Male,Humanities,8.8,70.1,64.4,53.8,50.9,Bachelor,Yes,Yes,No,0
STU02853,15,Male,Humanities,6.6,71.5,61.3,64.0,49.8,Master,Yes,No,No,0
STU02854,15,Male,Commerce,12.5,65.1,74.7,70.0,54.4,Bachelor,Yes,Yes,No,0
STU02855,20,Male,Humanities,14.5,90.4,85.1,82.6,77.3,High School,Yes,No,No,0
STU02856,15,Male,Commerce,17.0,89.8,68.4,74.3,61.8,High School,Yes,No,No,0
STU02857,19,Male,Humanities,13.0,75.7,69.3,58.5,63.9,High School,Yes,Yes,Yes,0
STU02858,21,Female,Commerce,15.7,90.9,60.8,63.9,69.4,High School,No,No,Yes,0
STU02859,20,Female,Commerce,17.8,100.0,59.4,52.0,56.3,Bachelor,Yes,No,Yes,0
STU02860,18,Male,Commerce,7.2,67.5,73.1,67.3,69.0,High School,Yes,Yes,No,1
STU02861,16,Male,Commerce,10.7,78.5,76.4,74.3,69.1,Bachelor,Yes,No,Yes,0
STU02862,22,Female,Humanities,13.0,72.0,75.3,67.5,63.2,High School,Yes,No,Yes,0
STU02863,21,Female,STEM,6.6,87.2,88.0,70.9,56.0,Bachelor,No,Yes,No,1
STU02864,19,Male,Commerce,11.9,81.2,58.0,56.4,44.5,Master,Yes,No,No,0
STU02865,15,Male,STEM,14.4,79.9,55.6,75.9,73.6,Bachelor,Yes,No,No,0
STU02866,15,Male,STEM,12.4,84.0,64.5,57.4,68.8,Master,Yes,No,No,0
STU02867,17,Female,Commerce,13.0,78.0,53.7,61.0,67.7,Bachelor,Yes,No,No,0
STU02868,16,Male,Humanities,8.8,77.3,65.5,53.8,68.7,Bachelor,Yes,No,No,0
STU02869,21,Male,Humanities,12.1,84.2,81.4,76.8,80.0,High School,No,Yes,No,0
STU02870,16,Female,Arts,14.9,78.4,79.4,85.4,74.2,High School,Yes,No,No,0
STU02871,17,Female,STEM,9.6,77.2,82.5,56.1,65.7,Master,Yes,No,No,0
STU02872,22,Non-binary,STEM,6.0,80.0,73.8,70.0,57.3,High School,Yes,Yes,Yes,0
STU02873,21,Female,STEM,17.3,85.1,75.7,91.1,77.4,Master,Yes,Yes,No,0
STU02874,16,Male,STEM,19.7,90.3,77.4,82.5,81.1,High School,Yes,Yes,No,0
STU02875,18,Male,Commerce,12.9,89.1,81.7,70.6,75.3,Bachelor,Yes,Yes,Yes,0
STU02876,19,Male,Commerce,11.4,69.7,56.6,62.7,54.6,High School,Yes,No,No,0
STU02877,20,Female,Humanities,14.5,94.4,47.9,58.1,43.7,Master,No,Yes,No,1
STU02878,22,Male,STEM,15.1,83.9,81.7,94.1,66.5,High School,Yes,No,No,0
STU02879,21,Female,Humanities,12.1,81.4,77.3,79.8,72.8,High School,Yes,No,Yes,0
STU02880,22,Male,STEM,16.2,76.7,92.7,91.7,75.2,Master,Yes,Yes,No,0
STU02881,15,Female,Commerce,9.4,98.7,83.7,90.2,81.3,High School,Yes,No,Yes,0
STU02882,16,Male,Commerce,9.9,99.9,80.5,82.9,65.4,High School,Yes,No,No,0
STU02883,19,Male,STEM,13.4,97.6,76.4,73.1,80.6,Master,Yes,Yes,No,0
STU02884,15,Female,Commerce,12.3,83.1,67.4,69.1,57.2,Bachelor,Yes,Yes,No,0
STU02885,17,Female,Commerce,15.9,86.5,76.2,95.7,87.2,High School,Yes,No,No,0
STU02886,16,Male,STEM,16.4,95.9,90.9,78.0,67.2,Bachelor,No,No,No,0
STU02887,22,Female,Commerce,4.0,76.5,72.5,60.7,61.5,High School,No,No,No,1
STU02888,15,Female,Commerce,13.2,86.9,86.4,70.3,64.5,High School,Yes,No,No,0
STU02889,16,Female,STEM,21.6,88.1,84.6,72.3,75.4,Bachelor,Yes,No,No,0
STU02890,16,Male,STEM,10.3,98.6,68.4,60.1,71.0,High School,Yes,No,Yes,0
STU02891,16,Male,Commerce,9.8,94.5,87.7,68.4,76.9,High School,Yes,No,Yes,0
STU02892,19,Female,Arts,2.9,76.8,77.8,58.2,51.8,High School,Yes,No,No,1
STU02893,17,Non-binary,Humanities,12.3,96.3,80.3,79.6,69.1,Master,Yes,Yes,Yes,0
STU02894,22,Female,Humanities,15.6,83.6,83.7,79.7,62.5,Bachelor,Yes,No,No,0
STU02895,17,Female,Commerce,13.6,80.4,80.9,84.5,60.0,High School,No,No,Yes,0
STU02896,19,Female,Humanities,6.3,79.2,65.5,62.6,51.6,Master,No,No,Yes,1
STU02897,20,Female,STEM,11.8,85.1,73.0,72.3,60.5,Bachelor,Yes,Yes,Yes,0
STU02898,20,Female,Humanities,12.0,77.7,65.0,65.1,50.0,High School,No,No,Yes,0
STU02899,21,Male,Arts,12.0,79.9,75.25,86.1,67.9,Master,Yes,Yes,Yes,0
STU02900,16,Female,Commerce,8.1,82.4,79.5,66.3,61.3,High School,Yes,No,No,0
STU02901,19,Male,Arts,12.1,75.5,82.1,82.6,70.5,High School,Yes,Yes,No,0
STU02902,21,Female,STEM,9.3,82.7,78.8,61.2,57.6,High School,Yes,No,No,0
STU02903,21,Female,Humanities,3.4,86.5,79.2,62.4,57.4,High School,Yes,Yes,No,0
STU02904,19,Female,Humanities,16.1,91.2,76.5,93.2,75.0,Bachelor,Yes,No,No,0
STU02905,20,Male,STEM,13.6,86.2,65.4,74.9,71.8,Bachelor,Yes,No,No,0
STU02906,21,Male,STEM,12.5,72.0,71.6,59.8,55.3,Master,No,Yes,Yes,1
STU02907,19,Female,Commerce,10.6,76.5,72.0,60.8,48.7,High School,Yes,No,Yes,0
STU02908,22,Female,Commerce,15.8,82.1,84.7,93.3,75.5,High School,Yes,No,No,0
STU02909,16,Female,Commerce,17.6,92.2,86.6,84.0,75.4,High School,Yes,No,No,0
STU02910,17,Male,STEM,20.9,83.6,92.2,87.3,69.7,High School,Yes,No,Yes,0
STU02911,15,Female,Humanities,16.7,74.4,56.7,62.7,56.3,Master,Yes,No,No,0
STU02912,15,Male,STEM,14.7,94.8,71.9,71.0,63.0,Bachelor,Yes,No,No,0
STU02913,18,Female,STEM,6.8,75.8,68.9,74.8,61.1,Bachelor,Yes,No,Yes,0
STU02914,16,Female,Humanities,10.5,74.3,77.0,65.6,65.8,Bachelor,No,No,Yes,0
STU02915,18,Male,STEM,6.6,81.4,91.8,68.8,64.0,High School,Yes,No,No,0
STU02916,18,Female,Arts,9.3,80.4,62.9,68.3,63.7,High School,Yes,No,No,0
STU02917,19,Female,Humanities,21.8,82.4,75.4,74.6,70.2,High School,Yes,No,No,0
STU02918,22,Male,STEM,6.4,81.5,66.5,54.5,53.9,Bachelor,No,No,Yes,1
STU02919,21,Female,STEM,1.3,71.8,57.3,52.3,45.7,High School,Yes,Yes,Yes,1
STU02920,18,Female,Commerce,14.7,81.1,68.0,72.0,64.2,High School,No,No,Yes,0
STU02921,17,Female,STEM,8.8,80.3,72.7,60.9,50.9,Bachelor,Yes,Yes,No,0
STU02922,21,Male,STEM,16.5,67.7,85.1,85.2,60.1,High School,Yes,No,No,0
STU02923,15,Male,Humanities,7.7,87.7,74.3,68.7,72.1,Bachelor,Yes,No,No,0
STU02924,19,Female,STEM,9.9,72.1,62.7,48.3,54.2,High School,Yes,Yes,Yes,0
STU02925,18,Male,Commerce,17.2,78.8,76.3,84.5,68.8,Bachelor,Yes,Yes,Yes,0
STU02926,16,Male,Humanities,5.9,89.3,61.7,54.7,63.2,High School,Yes,Yes,Yes,1
STU02927,19,Male,STEM,12.2,86.6,86.0,83.6,94.4,Master,Yes,No,No,0
STU02928,17,Male,Commerce,13.1,83.2,90.8,96.9,69.0,Bachelor,Yes,Yes,No,0
STU02929,16,Male,Humanities,8.6,66.8,53.2,57.9,50.7,High School,Yes,Yes,No,1
STU02930,20,Male,Commerce,12.9,77.6,77.0,68.7,70.3,Bachelor,Yes,Yes,No,0
STU02931,16,Female,STEM,11.9,80.2,66.8,79.2,54.4,Bachelor,Yes,Yes,No,0
STU02932,20,Female,Commerce,14.2,81.8,77.3,68.7,56.6,Bachelor,Yes,Yes,No,0
STU02933,16,Male,STEM,20.1,94.8,83.1,99.6,90.5,Master,Yes,Yes,No,0
STU02934,18,Female,Humanities,23.0,100.0,73.8,79.8,77.2,Bachelor,No,No,No,0
STU02935,21,Male,STEM,15.1,90.3,91.3,77.7,71.5,High School,Yes,No,Yes,0
STU02936,16,Female,Arts,12.5,77.9,75.25,90.5,59.4,High School,Yes,No,No,0
STU02937,21,Male,STEM,13.8,92.5,74.0,76.4,72.8,High School,Yes,Yes,No,0
STU02938,20,Female,Arts,10.8,78.7,74.6,83.4,58.7,Bachelor,Yes,Yes,Yes,0
STU02939,22,Male,Arts,4.7,57.7,55.5,54.9,39.9,Master,Yes,Yes,No,1
STU02940,16,Female,Humanities,12.8,72.4,71.7,70.6,56.9,Bachelor,Yes,No,No,0
STU02941,20,Female,STEM,14.7,64.2,54.8,42.4,47.0,High School,No,Yes,No,1
STU02942,22,Male,Humanities,5.2,75.9,45.0,59.1,41.3,Master,Yes,Yes,No,1
STU02943,21,Male,Arts,8.6,81.0,62.6,65.7,52.3,Bachelor,Yes,No,Yes,0
STU02944,16,Male,Commerce,9.2,68.0,64.5,63.3,63.2,High School,Yes,Yes,No,0
STU02945,21,Non-binary,Humanities,14.7,76.4,58.3,72.1,62.9,Master,Yes,No,No,0
STU02946,15,Female,STEM,23.7,75.9,77.5,86.3,76.3,High School,Yes,No,No,0
STU02947,19,Male,Commerce,9.4,81.8,67.7,58.3,61.9,Bachelor,Yes,No,Yes,0
STU02948,18,Female,STEM,12.2,75.3,73.1,74.2,57.9,High School,Yes,Yes,No,0
STU02949,19,Male,STEM,11.8,90.0,82.8,73.7,73.4,Master,Yes,Yes,No,0
STU02950,19,Female,STEM,11.6,83.2,92.1,85.1,78.6,High School,Yes,No,No,0
STU02951,15,Female,Humanities,11.6,96.7,82.3,72.6,64.4,High School,Yes,Yes,Yes,0
STU02952,19,Male,Arts,9.7,79.3,62.9,60.2,61.8,Bachelor,Yes,Yes,Yes,0
STU02953,22,Male,Commerce,25.3,100.0,95.6,91.5,90.4,Master,Yes,No,No,0
STU02954,18,Female,STEM,15.2,83.5,91.8,76.0,76.5,High School,Yes,Yes,No,0
STU02955,17,Male,Humanities,9.7,76.7,60.9,58.9,67.8,High School,Yes,Yes,No,0
STU02956,22,Male,Commerce,18.3,100.0,73.1,81.5,76.4,Master,Yes,No,Yes,0
STU02957,15,Female,Humanities,12.2,67.5,57.8,58.4,48.0,Bachelor,No,No,No,1
STU02958,18,Male,STEM,12.1,77.6,68.5,59.7,60.9,High School,Yes,Yes,No,0
STU02959,19,Female,Humanities,12.3,70.8,76.5,79.2,67.1,High School,Yes,No,Yes,0
STU02960,18,Female,Commerce,11.9,69.2,87.0,76.1,61.0,High School,Yes,No,Yes,0
STU02961,22,Male,Arts,6.3,62.9,75.5,72.0,45.8,Bachelor,Yes,Yes,No,1
STU02962,18,Female,Commerce,5.5,84.0,74.5,62.8,60.3,Bachelor,Yes,No,No,0
STU02963,22,Female,STEM,13.5,74.0,74.9,69.0,71.3,Bachelor,Yes,Yes,Yes,0
STU02964,15,Male,Commerce,12.1,80.0,78.6,59.7,70.2,High School,Yes,No,No,0
STU02965,20,Female,STEM,15.7,90.8,84.3,71.2,74.6,Bachelor,Yes,Yes,No,0
STU02966,19,Male,Arts,7.8,83.8,85.3,65.0,76.7,High School,Yes,Yes,No,0
STU02967,16,Male,Humanities,8.1,83.6,72.3,68.7,64.3,Master,Yes,No,No,0
STU02968,16,Female,STEM,16.5,93.7,83.6,79.9,74.7,High School,Yes,No,No,0
STU02969,20,Male,Humanities,8.5,95.3,71.3,58.2,63.6,High School,No,Yes,Yes,1
STU02970,20,Female,STEM,16.9,76.2,78.6,56.7,59.1,High School,Yes,No,Yes,0
STU02971,19,Male,STEM,13.2,88.4,74.8,76.9,60.9,High School,Yes,No,Yes,0
STU02972,15,Female,Humanities,19.4,83.2,69.0,84.4,65.5,High School,No,No,No,0
STU02973,19,Male,Commerce,15.2,82.3,86.2,88.2,73.0,Bachelor,Yes,Yes,No,0
STU02974,22,Female,Commerce,11.6,71.7,87.4,69.4,73.2,Master,No,Yes,Yes,0
STU02975,15,Male,Humanities,16.6,79.8,77.6,86.4,63.3,Bachelor,Yes,No,No,0
STU02976,18,Female,STEM,10.6,78.0,76.4,75.6,59.7,Bachelor,Yes,Yes,No,0
STU02977,18,Female,Humanities,2.4,89.1,78.0,67.2,68.2,High School,No,Yes,No,1
STU02978,22,Female,Humanities,13.4,75.4,73.2,67.8,61.6,Bachelor,Yes,Yes,Yes,0
STU02979,17,Male,STEM,20.5,66.7,79.9,82.4,70.9,High School,Yes,Yes,No,0
STU02980,18,Non-binary,Arts,2.7,77.8,65.0,71.9,55.4,High School,Yes,No,No,0
STU02981,20,Female,Arts,13.9,74.8,69.4,84.9,81.7,High School,Yes,Yes,Yes,0
STU02982,15,Female,STEM,4.9,79.7,74.4,63.5,63.7,High School,Yes,Yes,Yes,0
STU02983,21,Female,Commerce,11.7,89.2,81.5,76.1,72.7,Bachelor,Yes,Yes,Yes,0
STU02984,21,Female,Commerce,12.2,81.3,84.3,58.8,66.7,High School,Yes,Yes,No,0
STU02985,20,Male,STEM,15.2,80.0,77.0,86.0,75.4,High School,Yes,Yes,No,0
STU02986,20,Male,Commerce,10.7,80.2,61.7,70.5,74.0,Bachelor,No,Yes,No,0
STU02987,20,Male,STEM,17.2,91.1,92.0,88.1,78.2,High School,No,No,No,0
STU02988,21,Female,STEM,17.0,75.0,69.9,70.3,66.7,Bachelor,Yes,Yes,No,0
STU02989,22,Female,Arts,10.9,87.3,67.9,68.1,63.9,High School,Yes,Yes,No,0
STU02990,18,Male,Commerce,17.9,76.6,73.0,89.3,79.3,Master,Yes,No,No,0
STU02991,18,Female,STEM,11.6,86.6,75.25,66.9,72.6,Bachelor,Yes,No,No,0
STU02992,20,Male,Humanities,10.8,69.1,69.1,89.0,62.5,High School,Yes,No,No,0
STU02993,16,Female,Arts,7.6,84.4,78.5,75.2,70.0,Master,Yes,No,No,0
STU02994,21,Female,Humanities,15.7,82.9,73.7,68.1,68.2,High School,No,Yes,No,0
STU02995,21,Male,Arts,10.4,82.1,87.2,72.4,59.8,High School,Yes,Yes,No,0
STU02996,20,Female,Arts,0.9,84.7,80.1,56.4,65.1,Bachelor,Yes,Yes,No,1
STU02997,17,Non-binary,STEM,12.2,75.5,82.7,82.5,81.7,Bachelor,No,Yes,No,0
STU02998,17,Female,Commerce,11.0,81.3,54.8,71.0,65.2,High School,Yes,No,No,0
STU02999,18,Female,Commerce,11.7,84.3,89.7,92.0,72.8,High School,Yes,No,No,0
STU03000,20,Female,Commerce,11.9,79.6,75.25,67.9,54.4,High School,Yes,No,No,0
STU03001,21,Female,Humanities,9.5,86.6,91.0,80.1,77.9,Bachelor,No,No,No,0
STU03002,20,Male,STEM,25.3,92.6,81.3,99.7,77.9,Master,Yes,No,Yes,0
STU03003,22,Female,STEM,19.3,80.6,78.8,94.1,70.8,High School,Yes,Yes,No,0
STU03004,22,Male,Commerce,14.1,95.0,80.4,66.8,71.7,Master,No,No,Yes,0
STU03005,20,Male,Commerce,14.1,87.4,68.5,76.3,73.1,High School,Yes,No,No,0
STU03006,17,Female,Commerce,16.9,79.5,62.0,61.9,59.2,Bachelor,Yes,Yes,Yes,0
STU03007,19,Female,Humanities,14.1,78.1,51.8,59.0,54.5,Master,Yes,No,Yes,1
STU03008,18,Female,STEM,16.7,84.4,100.0,77.9,77.8,Bachelor,Yes,No,Yes,0
STU03009,20,Male,STEM,15.5,87.2,62.1,65.0,56.9,High School,Yes,No,No,0
STU03010,21,Male,Commerce,12.4,64.5,54.9,51.7,48.4,High School,Yes,Yes,No,1
STU03011,17,Female,Humanities,17.2,77.9,83.8,72.2,59.7,High School,Yes,No,No,0
STU03012,19,Male,Commerce,11.1,77.0,59.0,56.5,60.7,Bachelor,Yes,No,No,0
STU03013,15,Female,STEM,13.3,71.1,57.5,67.9,78.0,Master,Yes,No,No,0
STU03014,20,Female,Humanities,7.4,71.8,40.6,51.7,46.2,High School,Yes,Yes,No,1
STU03015,18,Female,Arts,7.9,81.3,74.7,54.2,67.2,High School,Yes,Yes,No,1
STU03016,18,Non-binary,STEM,0.4,72.9,53.6,71.5,50.5,High School,Yes,Yes,No,1
STU03017,19,Female,STEM,15.1,80.1,83.4,75.2,61.7,Bachelor,Yes,No,No,0
STU03018,16,Female,Commerce,14.3,72.0,73.8,63.3,78.4,Bachelor,No,No,No,0
STU03019,19,Female,Humanities,14.7,83.5,78.3,81.1,66.0,High School,No,Yes,Yes,0
STU03020,20,Male,Arts,6.8,67.6,63.4,61.0,60.9,Bachelor,Yes,Yes,No,1
STU03021,17,Female,Arts,11.8,95.6,75.1,65.3,68.7,High School,No,Yes,Yes,0
STU03022,16,Female,Commerce,13.0,96.4,70.0,73.9,77.3,Bachelor,Yes,No,No,0
STU03023,18,Female,STEM,16.3,80.1,69.8,69.0,65.3,High School,Yes,No,No,0
STU03024,16,Male,Humanities,10.1,72.2,60.5,61.0,47.8,High School,Yes,No,No,0
STU03025,17,Female,Arts,10.3,90.1,90.7,88.9,72.4,Bachelor,Yes,Yes,Yes,0
STU03026,20,Male,Humanities,4.8,83.5,66.0,61.0,73.7,Bachelor,Yes,Yes,No,0
STU03027,15,Female,Arts,9.8,96.0,53.8,64.9,61.9,High School,Yes,No,No,0
STU03028,20,Female,Commerce,13.0,99.6,82.2,72.1,88.0,Bachelor,Yes,No,No,0
STU03029,16,Male,STEM,12.6,66.1,64.0,68.9,56.8,Bachelor,Yes,Yes,No,0
STU03030,22,Male,Humanities,2.2,88.9,68.8,52.2,60.2,High School,No,Yes,Yes,1
STU03031,20,Female,Commerce,9.5,79.1,69.8,60.3,50.6,Master,Yes,Yes,No,0
STU03032,17,Male,STEM,12.5,86.6,91.3,76.5,74.1,Master,Yes,Yes,No,0
STU03033,19,Male,STEM,18.1,91.0,77.8,74.4,88.5,High School,Yes,Yes,No,0
STU03034,15,Female,Commerce,9.2,86.6,75.25,80.4,65.2,Master,Yes,No,No,0
STU03035,15,Male,STEM,12.3,90.9,85.6,83.6,71.1,Bachelor,Yes,Yes,No,0
STU03036,22,Male,STEM,9.3,78.3,58.5,43.2,56.6,High School,Yes,Yes,Yes,0
STU03037,21,Female,Commerce,11.0,75.9,74.8,84.6,69.3,Bachelor,Yes,No,Yes,0
STU03038,16,Male,Commerce,7.9,91.7,66.5,68.7,76.1,High School,Yes,Yes,Yes,0
STU03039,17,Female,Humanities,8.3,73.4,58.3,69.5,55.5,Bachelor,Yes,No,No,0
STU03040,16,Female,Arts,10.9,96.4,65.3,65.0,64.3,Master,Yes,No,No,0
STU03041,18,Non-binary,Arts,16.5,77.9,85.7,69.8,72.7,High School,Yes,Yes,No,0
STU03042,17,Male,Humanities,9.6,77.9,98.8,69.4,63.3,Bachelor,Yes,No,No,0
STU03043,17,Male,STEM,5.7,77.6,61.3,72.5,49.4,High School,No,Yes,No,1
STU03044,19,Male,Commerce,12.7,70.0,75.1,59.7,51.1,Bachelor,Yes,Yes,No,0
STU03045,16,Male,STEM,11.8,69.6,75.3,60.3,37.3,Bachelor,Yes,Yes,No,0
STU03046,22,Female,Commerce,12.7,89.6,71.9,67.9,65.6,High School,Yes,No,No,0
STU03047,20,Non-binary,Humanities,12.9,68.6,86.8,67.2,57.3,Bachelor,Yes,Yes,No,0
STU03048,21,Male,Humanities,8.5,100.0,98.3,72.1,74.8,High School,Yes,No,No,0
STU03049,16,Male,Humanities,7.8,79.4,65.3,67.9,66.9,Bachelor,Yes,Yes,No,0
STU03050,20,Female,Humanities,15.4,75.3,93.5,87.3,70.4,Bachelor,No,No,No,0
STU03051,21,Female,Arts,11.1,85.0,69.6,63.6,67.3,Bachelor,Yes,Yes,No,0
STU03052,16,Female,STEM,14.5,63.4,63.1,71.7,49.3,High School,Yes,Yes,No,0
STU03053,21,Female,Arts,18.5,82.3,78.6,95.0,73.0,Bachelor,Yes,No,No,0
STU03054,17,Female,STEM,15.6,82.0,86.4,69.6,83.2,Bachelor,Yes,Yes,No,0
STU03055,21,Male,Commerce,12.3,69.0,66.3,69.9,54.5,Bachelor,Yes,Yes,No,1
STU03056,18,Male,Arts,12.5,77.2,81.7,82.0,79.8,Bachelor,Yes,No,No,0
STU03057,21,Female,Humanities,17.7,98.8,85.3,82.0,95.3,Master,Yes,No,Yes,0
STU03058,16,Female,STEM,15.4,85.0,91.8,84.6,74.7,High School,Yes,No,No,0
STU03059,18,Male,Commerce,12.6,87.5,82.0,78.6,67.3,High School,Yes,Yes,Yes,0
STU03060,17,Female,Commerce,4.4,74.3,83.0,59.4,44.7,Master,Yes,Yes,Yes,1
STU03061,16,Male,STEM,7.0,71.2,60.3,46.8,51.9,High School,No,Yes,Yes,1
STU03062,17,Female,Humanities,12.1,80.1,72.7,78.3,70.0,Master,Yes,Yes,No,0
STU03063,18,Female,Commerce,5.4,59.4,65.1,50.3,54.6,Bachelor,Yes,Yes,No,1
STU03064,16,Female,STEM,13.4,73.9,65.8,60.6,69.1,Master,No,Yes,No,0
STU03065,20,Male,Commerce,11.3,71.7,62.2,61.3,49.9,Bachelor,Yes,Yes,No,0
STU03066,19,Female,Humanities,4.1,62.1,68.6,62.7,67.0,Bachelor,Yes,No,No,1
STU03067,21,Male,STEM,9.3,86.0,80.5,67.5,64.3,Bachelor,Yes,Yes,No,0
STU03068,20,Female,Commerce,10.5,80.3,74.7,64.4,65.6,Bachelor,Yes,Yes,No,0
STU03069,16,Female,STEM,11.2,76.7,83.9,82.7,70.4,High School,Yes,Yes,No,0
STU03070,15,Male,Arts,16.2,89.3,68.8,71.1,62.5,High School,No,Yes,No,0
STU03071,18,Female,Humanities,15.6,70.5,71.3,67.9,55.3,High School,Yes,No,No,0
STU03072,18,Female,Humanities,5.7,68.4,55.5,59.4,52.5,Master,Yes,Yes,No,1
STU03073,16,Male,Humanities,5.1,89.8,73.0,63.9,54.8,High School,Yes,Yes,Yes,0
STU03074,21,Male,Humanities,11.8,100.0,83.7,75.9,72.2,Bachelor,Yes,No,No,0
STU03075,19,Female,Commerce,12.4,87.7,90.0,82.7,72.7,Bachelor,Yes,Yes,No,0
STU03076,20,Female,Commerce,16.3,87.7,67.7,72.3,65.2,High School,Yes,Yes,No,0
STU03077,15,Non-binary,Commerce,20.8,81.3,85.2,93.0,67.5,Master,Yes,No,No,0
STU03078,21,Male,Humanities,21.0,83.6,96.5,80.1,58.0,High School,Yes,No,Yes,0
STU03079,16,Male,STEM,11.0,85.4,65.0,76.3,70.8,Bachelor,Yes,No,Yes,0
STU03080,18,Male,STEM,17.2,95.3,69.5,67.9,76.8,High School,Yes,No,No,0
STU03081,18,Male,Commerce,14.9,86.7,63.5,56.9,43.0,High School,Yes,No,No,0
STU03082,21,Female,Humanities,6.9,87.4,78.6,61.7,65.9,High School,Yes,Yes,No,0
STU03083,17,Female,Humanities,4.5,73.3,60.2,54.2,52.8,Bachelor,Yes,No,Yes,1
STU03084,16,Male,Humanities,12.4,87.1,81.2,69.3,59.5,High School,Yes,Yes,No,0
STU03085,17,Male,Humanities,6.3,74.1,66.9,54.3,60.6,Bachelor,Yes,No,No,1
STU03086,17,Male,Commerce,9.2,83.9,91.4,84.3,82.1,Bachelor,Yes,No,Yes,0
STU03087,16,Male,Commerce,8.7,85.4,81.2,64.1,72.4,High School,Yes,Yes,No,0
STU03088,16,Female,Arts,14.0,78.7,67.8,52.8,71.1,High School,Yes,No,No,0
STU03089,16,Male,STEM,18.8,78.9,76.4,77.3,78.3,High School,Yes,No,Yes,0
STU03090,18,Male,Humanities,11.9,84.9,83.5,92.0,69.8,Bachelor,Yes,Yes,No,0
STU03091,17,Female,STEM,10.6,80.3,62.9,56.5,57.3,Bachelor,Yes,No,No,0
STU03092,18,Male,Commerce,3.7,79.4,80.1,57.9,61.8,High School,Yes,No,No,1
STU03093,20,Male,Commerce,15.1,88.7,76.3,72.7,80.6,Bachelor,Yes,No,No,0
STU03094,16,Female,Humanities,11.1,94.1,85.1,87.9,74.5,High School,No,No,Yes,0
STU03095,22,Male,Commerce,9.3,86.1,72.0,64.8,58.5,Bachelor,Yes,Yes,No,0
STU03096,21,Male,Humanities,17.0,90.5,75.4,69.4,58.5,High School,Yes,Yes,Yes,0
STU03097,16,Male,STEM,5.6,75.1,61.8,61.9,61.0,High School,No,No,No,1
STU03098,17,Female,Humanities,9.9,80.3,90.4,78.9,73.3,High School,Yes,No,Yes,0
STU03099,16,Male,STEM,11.9,85.6,72.8,74.7,61.3,Bachelor,Yes,No,No,0
STU03100,17,Female,Arts,10.5,78.4,100.0,73.1,78.3,Bachelor,Yes,No,No,0
STU03101,17,Male,Commerce,15.5,89.2,80.8,73.9,69.6,High School,Yes,No,Yes,0
STU03102,16,Female,Commerce,11.9,75.4,65.0,76.3,54.1,High School,No,Yes,No,0
STU03103,15,Male,Arts,17.7,100.0,67.4,78.1,81.8,Bachelor,Yes,No,No,0
STU03104,18,Male,Commerce,13.3,86.1,89.2,86.2,62.0,High School,No,No,Yes,0
STU03105,20,Male,Humanities,11.3,82.7,72.7,69.7,65.9,Bachelor,Yes,Yes,No,0
STU03106,17,Male,STEM,10.3,77.4,81.0,81.2,68.5,High School,Yes,Yes,No,0
STU03107,21,Female,Humanities,15.0,98.7,100.0,88.8,72.4,High School,Yes,No,No,0
STU03108,17,Male,Arts,12.1,72.0,79.6,69.9,67.6,Bachelor,Yes,No,No,0
STU03109,22,Female,Arts,13.2,76.9,78.2,80.7,64.8,High School,Yes,No,No,0
STU03110,16,Male,Commerce,13.3,82.4,90.3,73.3,85.8,Bachelor,No,No,Yes,0
STU03111,19,Female,STEM,13.6,84.6,84.9,90.5,83.4,High School,Yes,No,No,0
STU03112,21,Male,STEM,14.4,78.5,63.4,77.4,66.7,High School,Yes,No,No,0
STU03113,15,Female,Arts,9.4,76.4,85.2,71.3,49.5,Bachelor,Yes,No,No,0
STU03114,22,Male,STEM,19.1,82.9,80.1,80.6,70.5,High School,Yes,No,No,0
STU03115,17,Male,Humanities,8.0,83.0,87.7,74.3,64.8,Bachelor,Yes,No,Yes,0
STU03116,18,Female,Humanities,15.0,97.8,85.8,78.7,84.9,Bachelor,Yes,No,Yes,0
STU03117,20,Female,STEM,9.6,85.8,86.0,84.8,74.4,Master,Yes,Yes,No,0
STU03118,20,Male,Commerce,15.9,93.9,78.3,73.4,74.5,High School,No,No,Yes,0
STU03119,15,Male,Arts,17.0,80.8,63.4,60.2,68.9,High School,Yes,No,No,0
STU03120,21,Female,Commerce,11.8,88.0,81.8,72.7,81.3,High School,Yes,Yes,Yes,0
STU03121,19,Female,Humanities,18.8,74.6,88.3,91.4,88.4,Master,Yes,Yes,Yes,0
STU03122,22,Female,Humanities,12.2,85.5,70.4,78.2,71.6,High School,Yes,No,Yes,0
STU03123,18,Male,Arts,15.8,84.7,76.5,77.7,69.2,High School,Yes,Yes,No,0
STU03124,19,Male,Humanities,8.5,95.0,53.1,53.2,58.2,Bachelor,Yes,Yes,No,1
STU03125,18,Female,Humanities,14.8,95.7,78.6,76.3,72.8,High School,Yes,No,No,0
STU03126,22,Male,Commerce,7.6,78.0,58.4,54.4,58.7,Bachelor,Yes,Yes,No,1
STU03127,21,Male,STEM,11.9,77.4,79.1,55.2,57.7,High School,Yes,Yes,Yes,0
STU03128,22,Male,STEM,10.8,75.1,76.0,64.3,68.8,Bachelor,No,No,No,0
STU03129,19,Female,Arts,15.8,81.4,77.9,81.5,72.3,Bachelor,Yes,Yes,No,0
STU03130,21,Female,Commerce,12.3,90.6,87.2,70.9,72.3,High School,No,No,No,0
STU03131,17,Female,STEM,25.6,91.4,89.7,91.1,76.9,Bachelor,Yes,Yes,No,0
STU03132,18,Female,STEM,6.8,83.8,73.5,72.1,62.6,Bachelor,Yes,No,No,0
STU03133,21,Female,Arts,12.8,88.8,80.4,67.5,71.7,High School,Yes,Yes,No,0
STU03134,15,Female,Commerce,12.3,74.2,67.7,62.1,58.7,Master,No,No,No,0
STU03135,20,Female,Commerce,15.4,77.9,86.6,83.6,57.9,Bachelor,Yes,No,No,0
STU03136,15,Male,STEM,10.7,85.6,65.7,72.1,51.7,Master,Yes,No,No,0
STU03137,19,Female,Arts,14.1,76.7,79.7,70.6,69.9,Bachelor,Yes,No,No,0
STU03138,18,Male,Arts,10.5,71.1,83.7,86.6,81.1,High School,Yes,No,Yes,0
STU03139,18,Female,Humanities,20.2,79.0,70.3,70.3,66.5,High School,Yes,Yes,Yes,0
STU03140,18,Male,STEM,10.1,89.6,61.9,58.1,55.5,High School,Yes,No,No,0
STU03141,18,Female,Commerce,12.3,79.1,64.2,70.9,69.9,High School,Yes,No,No,0
STU03142,18,Male,Commerce,8.0,84.0,90.7,74.2,70.3,High School,No,No,Yes,0
STU03143,18,Male,Commerce,8.2,72.0,75.25,51.8,58.4,High School,Yes,Yes,No,0
STU03144,19,Female,Arts,6.7,82.7,59.2,73.3,57.6,High School,Yes,No,No,0
STU03145,21,Male,Commerce,16.0,83.6,82.1,73.2,68.5,Bachelor,Yes,No,Yes,0
STU03146,19,Female,STEM,10.0,84.7,75.25,55.1,58.3,High School,Yes,No,No,1
STU03147,20,Male,Humanities,9.4,77.0,62.4,66.9,63.6,Bachelor,Yes,No,No,0
STU03148,21,Female,Commerce,7.5,84.0,86.2,89.3,71.0,Bachelor,Yes,Yes,No,0
STU03149,22,Female,STEM,14.4,78.9,66.6,67.5,55.3,Bachelor,Yes,No,No,0
STU03150,15,Female,STEM,11.9,81.3,72.2,63.2,51.1,High School,Yes,Yes,No,0
STU03151,20,Male,Commerce,13.1,80.3,78.4,78.7,59.0,Bachelor,Yes,No,No,0
STU03152,16,Female,Humanities,9.6,81.1,76.0,86.5,65.3,Bachelor,Yes,No,No,0
STU03153,16,Male,Commerce,11.8,84.1,75.25,70.6,67.1,Master,No,Yes,No,0
STU03154,21,Female,STEM,8.8,76.6,75.25,67.0,51.2,High School,Yes,Yes,No,0
STU03155,15,Female,STEM,13.3,81.6,90.4,83.4,63.9,High School,Yes,No,No,0
STU03156,21,Female,STEM,12.4,83.7,65.1,51.3,60.5,Bachelor,Yes,No,No,0
STU03157,21,Male,Commerce,4.2,82.6,64.5,53.7,65.1,High School,Yes,Yes,No,1
STU03158,22,Male,Commerce,22.1,87.9,82.9,72.0,82.7,Bachelor,Yes,No,Yes,0
STU03159,20,Female,Humanities,14.4,76.0,82.5,75.1,56.8,Bachelor,Yes,Yes,No,0
STU03160,21,Male,Humanities,13.8,85.5,77.5,71.0,71.3,Bachelor,Yes,No,Yes,0
STU03161,15,Female,STEM,13.3,87.9,76.0,52.7,69.5,Master,Yes,Yes,No,0
STU03162,22,Female,Commerce,22.2,77.9,66.3,80.7,67.3,Bachelor,Yes,No,Yes,0
STU03163,16,Male,Arts,18.1,74.2,66.6,79.8,66.2,Master,Yes,No,No,0
STU03164,17,Female,Commerce,14.6,77.9,78.0,74.6,71.0,Bachelor,Yes,No,No,0
STU03165,16,Female,STEM,7.8,78.6,66.0,51.1,58.2,High School,No,No,No,1
STU03166,18,Male,Commerce,10.5,63.7,66.5,76.6,63.6,Bachelor,Yes,No,No,0
STU03167,20,Female,STEM,2.9,84.5,68.1,74.0,66.0,Bachelor,No,No,Yes,1
STU03168,17,Male,STEM,9.3,81.3,96.3,81.8,75.8,Master,No,No,Yes,0
STU03169,21,Male,STEM,16.0,67.0,69.8,71.2,59.3,High School,Yes,No,Yes,0
STU03170,19,Male,STEM,15.9,74.8,90.3,80.4,71.0,High School,Yes,No,No,0
STU03171,20,Male,STEM,14.6,80.8,89.9,85.0,70.5,Bachelor,Yes,Yes,No,0
STU03172,22,Male,Commerce,10.7,69.2,79.3,73.2,61.7,High School,Yes,No,Yes,0
STU03173,18,Female,STEM,12.3,89.9,68.5,72.8,70.5,Bachelor,No,Yes,No,0
STU03174,17,Male,Commerce,16.7,87.6,81.2,83.5,69.9,Bachelor,Yes,No,Yes,0
STU03175,22,Male,Arts,1.8,82.8,63.7,49.7,59.0,High School,Yes,Yes,No,1
STU03176,19,Male,Humanities,14.4,74.8,95.4,77.2,67.0,High School,Yes,No,No,0
STU03177,19,Female,Humanities,20.4,89.1,87.0,84.3,80.8,Bachelor,No,No,No,0
STU03178,17,Male,Commerce,11.7,76.6,71.5,73.8,70.6,High School,Yes,No,No,0
STU03179,16,Male,STEM,1.7,75.8,83.8,52.1,59.9,Bachelor,Yes,No,No,1
STU03180,16,Female,Humanities,8.1,83.1,68.8,63.0,47.3,Bachelor,Yes,Yes,No,0
STU03181,16,Male,Humanities,3.6,79.7,73.8,61.9,59.4,Bachelor,Yes,Yes,Yes,0
STU03182,16,Female,Commerce,8.9,89.1,81.3,67.5,61.7,High School,Yes,Yes,Yes,0
STU03183,20,Female,Commerce,7.5,81.1,74.9,78.2,56.6,High School,Yes,No,No,0
STU03184,15,Male,Commerce,17.2,80.6,77.6,88.7,76.2,Bachelor,Yes,No,No,0
STU03185,20,Female,Commerce,15.3,90.2,87.7,84.6,68.6,High School,Yes,Yes,No,0
STU03186,22,Female,Humanities,13.3,82.4,72.1,86.2,74.5,High School,Yes,Yes,Yes,0
STU03187,21,Female,Commerce,16.5,86.7,90.6,90.9,90.2,Master,No,No,Yes,0
STU03188,18,Female,Arts,10.5,92.0,73.3,70.6,68.9,High School,Yes,No,No,0
STU03189,15,Male,Humanities,13.3,80.7,89.1,75.9,70.7,High School,Yes,No,No,0
STU03190,21,Male,Arts,22.9,85.9,94.5,89.6,82.7,Master,Yes,No,No,0
STU03191,15,Male,Arts,13.6,82.8,81.9,79.9,78.3,High School,No,No,No,0
STU03192,20,Female,Humanities,14.4,82.0,75.9,72.0,65.8,High School,Yes,Yes,No,0
STU03193,20,Male,STEM,8.3,79.9,82.8,59.3,59.5,High School,Yes,Yes,Yes,0
STU03194,16,Male,STEM,11.1,77.9,79.2,69.8,59.3,Bachelor,Yes,No,Yes,0
STU03195,20,Male,Commerce,7.3,73.9,37.6,58.2,40.9,Master,Yes,Yes,Yes,1
STU03196,16,Female,STEM,19.4,88.2,73.8,59.0,73.4,Bachelor,Yes,Yes,Yes,0
STU03197,16,Female,Humanities,6.0,88.9,73.7,76.0,62.3,Master,Yes,No,No,0
STU03198,21,Male,Commerce,17.1,90.8,83.6,86.0,81.5,High School,Yes,No,No,0
STU03199,22,Male,Arts,13.6,85.8,84.1,75.9,76.4,Bachelor,No,No,No,0
STU03200,17,Female,Commerce,5.8,89.2,87.5,73.1,62.2,High School,Yes,No,No,0
STU03201,22,Male,Commerce,16.1,84.0,84.4,88.4,71.1,Master,No,No,No,0
STU03202,22,Female,Humanities,8.6,72.6,49.6,57.0,54.8,Master,No,Yes,No,1
STU03203,21,Female,STEM,7.1,79.0,72.7,73.1,64.1,High School,Yes,No,Yes,0
STU03204,16,Male,Commerce,13.4,82.1,88.3,86.3,74.2,Bachelor,Yes,Yes,No,0
STU03205,17,Male,STEM,8.1,78.1,72.4,67.9,65.0,Bachelor,Yes,Yes,Yes,0
STU03206,20,Female,Humanities,12.1,86.9,78.2,64.6,73.4,High School,Yes,No,No,0
STU03207,22,Male,Arts,9.5,88.4,75.25,66.0,62.8,Bachelor,Yes,Yes,No,0
STU03208,21,Male,Humanities,7.8,66.3,77.9,52.3,52.2,Master,Yes,Yes,No,1
STU03209,18,Female,Commerce,4.5,77.5,64.9,62.7,56.9,High School,No,Yes,No,1
STU03210,16,Male,Commerce,16.6,60.8,79.8,75.8,61.5,High School,Yes,No,No,0
STU03211,22,Male,Commerce,14.5,84.4,75.25,72.8,71.5,Master,Yes,No,Yes,0
STU03212,17,Male,Humanities,13.0,81.6,76.2,78.8,69.3,High School,Yes,Yes,No,0
STU03213,17,Non-binary,Humanities,10.2,95.4,81.5,62.7,61.7,High School,Yes,Yes,No,0
STU03214,22,Male,STEM,13.2,94.4,80.7,76.7,69.9,Bachelor,Yes,No,No,0
STU03215,19,Female,Commerce,9.7,90.4,87.9,72.5,68.8,Bachelor,Yes,No,Yes,0
STU03216,17,Female,STEM,8.4,74.7,77.5,67.7,67.8,High School,Yes,Yes,Yes,0
STU03217,15,Male,Humanities,19.5,77.2,90.0,89.2,72.8,High School,Yes,Yes,No,0
STU03218,18,Non-binary,Commerce,17.0,75.5,69.7,89.7,65.8,Bachelor,Yes,No,No,0
STU03219,22,Female,STEM,7.3,94.1,65.9,65.9,59.4,High School,No,Yes,Yes,1
STU03220,18,Female,Humanities,6.3,72.2,69.2,73.9,64.5,Bachelor,Yes,No,No,0
STU03221,20,Male,STEM,4.1,75.4,75.2,74.5,67.1,Master,Yes,Yes,No,0
STU03222,17,Female,STEM,10.1,75.9,77.6,77.2,68.5,High School,Yes,No,Yes,0
STU03223,21,Female,STEM,13.5,72.6,66.6,55.1,62.8,Master,Yes,No,No,0
STU03224,21,Male,STEM,13.5,85.3,84.7,76.0,80.2,Bachelor,Yes,No,No,0
STU03225,19,Male,Arts,13.7,84.0,70.5,63.1,64.8,Master,Yes,No,No,0
STU03226,21,Male,Arts,13.3,64.8,79.0,98.1,67.1,High School,Yes,Yes,No,0
STU03227,19,Male,Commerce,7.1,71.4,71.9,57.1,56.0,High School,Yes,Yes,Yes,1
STU03228,18,Female,Commerce,19.8,87.6,79.9,70.8,63.1,Bachelor,Yes,No,No,0
STU03229,20,Male,Commerce,10.1,80.6,67.9,44.5,57.7,Master,No,No,No,1
STU03230,21,Female,Arts,14.3,79.8,77.6,67.4,63.2,Master,Yes,No,No,0
STU03231,21,Female,Humanities,8.8,85.4,74.2,69.1,65.3,High School,Yes,Yes,No,0
STU03232,16,Male,STEM,14.4,71.5,64.1,78.4,63.7,Bachelor,Yes,No,No,0
STU03233,20,Male,Commerce,21.1,83.3,88.2,79.3,74.8,High School,Yes,Yes,Yes,0
STU03234,15,Male,Arts,7.3,84.0,83.5,80.0,71.1,Bachelor,Yes,Yes,No,0
STU03235,19,Female,STEM,6.8,76.5,78.5,67.3,61.6,Bachelor,Yes,Yes,Yes,0
STU03236,19,Male,Humanities,9.1,83.2,76.3,65.5,59.3,Bachelor,Yes,No,No,0
STU03237,17,Male,Humanities,11.5,72.6,68.1,69.7,53.9,High School,Yes,No,No,0
STU03238,22,Male,Humanities,10.7,74.8,73.8,81.3,69.3,Master,Yes,No,No,0
STU03239,22,Male,Commerce,8.3,68.1,67.9,65.1,49.2,High School,Yes,No,Yes,0
STU03240,15,Female,Humanities,11.6,65.4,72.3,61.4,71.6,High School,Yes,Yes,No,0
STU03241,16,Male,Arts,18.8,83.3,89.8,89.5,88.9,Bachelor,Yes,Yes,Yes,0
STU03242,16,Male,Commerce,9.1,86.3,72.7,71.0,53.8,Bachelor,No,Yes,Yes,0
STU03243,22,Male,STEM,11.4,80.8,56.0,61.2,61.4,Bachelor,Yes,Yes,No,0
STU03244,19,Male,Commerce,14.5,94.4,87.6,88.5,86.9,Bachelor,Yes,No,Yes,0
STU03245,20,Male,Commerce,14.7,82.1,81.1,59.4,61.8,High School,Yes,Yes,Yes,0
STU03246,21,Female,Humanities,17.2,67.4,77.2,81.5,72.1,High School,No,No,No,1
STU03247,21,Female,Humanities,14.1,85.7,65.7,76.3,65.9,Bachelor,Yes,No,No,0
STU03248,15,Male,Commerce,13.0,73.8,65.7,57.3,62.9,Bachelor,Yes,No,No,0
STU03249,16,Non-binary,Humanities,7.3,80.9,64.1,50.0,50.9,Bachelor,Yes,Yes,No,1
STU03250,18,Non-binary,STEM,16.3,65.7,68.8,81.9,73.6,High School,Yes,No,No,0
STU03251,17,Female,STEM,8.0,80.0,66.7,73.2,61.0,High School,Yes,Yes,Yes,0
STU03252,20,Female,STEM,5.9,84.9,59.3,69.1,56.2,Bachelor,No,Yes,No,1
STU03253,16,Male,Commerce,13.9,87.5,99.2,79.4,82.6,High School,Yes,No,No,0
STU03254,17,Male,STEM,19.9,83.5,96.3,91.8,89.4,Bachelor,Yes,No,No,0
STU03255,16,Female,Commerce,16.3,85.5,81.8,82.4,58.2,High School,Yes,No,Yes,0
STU03256,16,Male,Humanities,12.8,80.4,75.0,59.2,42.4,High School,Yes,No,Yes,0
STU03257,16,Female,Commerce,5.4,78.6,87.6,71.6,68.6,High School,No,Yes,Yes,1
STU03258,16,Male,Humanities,19.8,90.5,99.0,92.4,80.8,High School,Yes,No,No,0
STU03259,19,Female,Arts,11.5,75.8,65.9,73.3,53.4,Bachelor,Yes,Yes,No,0
STU03260,18,Female,Arts,11.7,76.6,76.1,67.5,61.6,High School,Yes,No,No,0
STU03261,18,Female,STEM,15.5,72.9,73.8,85.3,90.4,High School,Yes,No,Yes,0
STU03262,18,Male,Commerce,7.8,85.3,69.9,65.7,52.3,Master,No,Yes,No,1
STU03263,20,Male,STEM,8.4,79.8,70.2,79.5,71.3,High School,Yes,Yes,Yes,0
STU03264,21,Male,Commerce,6.8,71.6,68.0,69.1,53.5,Bachelor,No,Yes,Yes,1
STU03265,19,Female,Commerce,10.0,87.7,76.9,72.8,57.3,High School,Yes,No,No,0
STU03266,20,Female,STEM,4.7,79.9,71.3,52.8,51.3,High School,No,Yes,Yes,1
STU03267,20,Female,STEM,7.4,73.6,84.1,60.4,51.8,High School,Yes,No,No,0
STU03268,20,Male,Humanities,16.2,90.6,72.0,88.0,63.2,Master,Yes,Yes,No,0
STU03269,16,Female,Commerce,16.0,82.6,87.8,89.1,72.5,High School,Yes,No,Yes,0
STU03270,22,Male,Commerce,8.1,82.4,58.6,58.0,45.3,Bachelor,Yes,Yes,Yes,1
STU03271,16,Male,STEM,17.0,93.5,83.7,78.0,74.7,Master,Yes,No,Yes,0
STU03272,18,Male,STEM,14.4,75.9,85.9,81.3,73.7,High School,Yes,No,No,0
STU03273,20,Female,Humanities,10.3,100.0,83.4,63.1,63.6,Bachelor,Yes,Yes,Yes,0
STU03274,18,Male,Humanities,12.3,74.5,64.5,55.0,57.3,High School,No,Yes,No,1
STU03275,16,Female,STEM,14.5,66.6,76.4,80.2,62.9,High School,Yes,No,No,0
STU03276,22,Female,STEM,19.4,98.9,100.0,97.3,87.6,Bachelor,No,No,No,0
STU03277,15,Male,Arts,13.1,83.6,70.3,68.1,49.6,High School,Yes,No,Yes,0
STU03278,16,Male,Humanities,16.3,85.5,84.7,93.8,79.4,Master,Yes,Yes,No,0
STU03279,22,Male,Commerce,12.0,84.6,85.3,84.9,89.7,Bachelor,Yes,No,No,0
STU03280,20,Female,Humanities,17.1,75.0,73.4,70.7,72.3,High School,Yes,No,Yes,0
STU03281,15,Non-binary,Humanities,12.3,66.4,89.2,68.5,65.5,High School,Yes,No,Yes,0
STU03282,21,Non-binary,Commerce,1.0,92.2,89.8,71.3,59.2,Bachelor,Yes,Yes,No,0
STU03283,22,Female,STEM,6.6,66.6,78.5,64.0,70.8,High School,No,Yes,No,1
STU03284,15,Male,STEM,12.3,95.4,90.1,75.4,74.4,High School,Yes,No,No,0
STU03285,18,Female,Arts,17.9,88.4,63.6,75.1,63.5,High School,Yes,No,No,0
STU03286,18,Male,Arts,12.3,83.1,62.3,72.3,58.6,High School,Yes,No,No,0
STU03287,16,Male,Commerce,13.1,80.3,74.6,79.3,83.3,Master,Yes,No,Yes,0
STU03288,16,Male,STEM,9.2,98.8,75.25,67.1,64.7,High School,Yes,Yes,No,0
STU03289,16,Male,STEM,18.0,78.7,85.1,64.7,72.8,High School,No,No,No,0
STU03290,16,Female,STEM,19.8,79.8,51.9,77.8,63.3,Bachelor,Yes,No,No,0
STU03291,18,Male,Arts,10.0,86.1,80.6,65.8,65.7,Bachelor,Yes,No,No,0
STU03292,18,Male,Commerce,6.2,73.6,67.1,64.5,54.3,Master,Yes,No,No,0
STU03293,16,Female,Humanities,2.9,69.4,60.0,54.2,59.5,Master,No,No,No,1
STU03294,17,Female,Arts,14.5,84.2,96.5,100.0,83.3,High School,Yes,Yes,Yes,0
STU03295,16,Male,STEM,13.6,89.8,74.9,90.1,64.4,High School,Yes,No,Yes,0
STU03296,21,Male,Humanities,9.5,95.5,60.0,58.8,62.2,Bachelor,Yes,No,No,0
STU03297,16,Male,STEM,13.0,98.7,84.0,66.3,70.5,High School,Yes,Yes,No,0
STU03298,22,Male,STEM,7.5,65.2,71.8,55.4,57.6,Bachelor,Yes,No,No,1
STU03299,19,Male,Arts,15.4,91.4,77.9,79.2,70.8,High School,Yes,Yes,No,0
STU03300,21,Female,Arts,10.1,72.9,95.1,74.6,66.8,Master,Yes,Yes,No,0
STU03301,20,Female,STEM,12.3,72.4,72.1,57.5,63.7,Bachelor,Yes,No,No,0
STU03302,17,Male,STEM,9.3,76.0,81.8,67.9,77.8,Bachelor,No,No,No,0
STU03303,19,Male,Humanities,9.2,77.5,75.2,72.6,51.4,High School,No,No,Yes,0
STU03304,17,Male,STEM,14.6,74.2,88.0,80.0,73.1,Master,Yes,No,No,0
STU03305,15,Male,Humanities,18.2,65.8,72.8,73.9,62.5,Bachelor,Yes,No,No,0
STU03306,17,Male,Humanities,14.8,94.4,69.2,69.6,61.5,Bachelor,No,Yes,No,0
STU03307,17,Male,STEM,13.7,89.5,85.6,77.3,58.5,Bachelor,Yes,No,No,0
STU03308,16,Male,STEM,10.2,80.6,76.4,72.4,68.4,High School,No,No,No,0
STU03309,15,Female,STEM,10.4,73.1,79.8,74.6,62.8,High School,Yes,No,No,0
STU03310,22,Male,Arts,5.0,88.3,65.0,46.6,49.8,High School,Yes,No,No,1
STU03311,19,Male,Humanities,11.7,80.9,79.4,74.9,76.7,Bachelor,Yes,Yes,No,0
STU03312,18,Female,Humanities,6.0,74.3,52.9,52.5,46.4,Bachelor,No,Yes,No,1
STU03313,22,Male,STEM,18.5,71.4,72.8,70.0,63.0,High School,Yes,No,No,0
STU03314,16,Male,Commerce,12.1,85.9,68.9,66.3,54.4,Master,Yes,No,No,0
STU03315,18,Male,STEM,16.4,80.9,83.1,89.7,69.9,High School,Yes,No,No,0
STU03316,21,Male,STEM,7.6,81.7,66.8,69.9,71.4,Bachelor,No,Yes,No,1
STU03317,20,Female,Commerce,8.8,81.5,58.8,61.9,61.2,High School,Yes,Yes,No,0
STU03318,18,Female,Commerce,13.7,87.4,71.8,65.2,74.4,High School,No,No,No,0
STU03319,17,Female,STEM,13.0,83.8,82.2,65.4,61.7,High School,Yes,Yes,No,0
STU03320,15,Female,Humanities,14.4,80.2,77.8,68.3,69.6,Bachelor,Yes,No,No,0
STU03321,15,Male,Arts,12.6,86.3,69.0,70.0,72.6,Bachelor,Yes,No,No,0
STU03322,16,Male,STEM,15.4,90.7,87.9,81.8,80.8,High School,Yes,Yes,No,0
STU03323,21,Male,STEM,15.9,95.7,96.6,80.7,91.3,Bachelor,Yes,No,No,0
STU03324,20,Female,Humanities,3.2,68.7,74.6,69.1,61.3,Bachelor,Yes,No,No,1
STU03325,18,Female,STEM,10.6,91.9,53.1,63.6,58.7,High School,Yes,Yes,Yes,0
STU03326,21,Female,Commerce,16.4,70.9,78.3,57.1,46.5,Bachelor,Yes,Yes,No,0
STU03327,16,Male,Commerce,7.2,87.6,71.3,65.9,65.2,High School,Yes,Yes,No,0
STU03328,16,Female,Humanities,5.4,73.9,48.0,58.6,53.6,Master,Yes,No,No,1
STU03329,18,Male,Commerce,12.4,90.5,64.3,69.2,72.4,Bachelor,Yes,No,Yes,0
STU03330,22,Male,Humanities,13.3,94.1,86.7,83.3,70.9,High School,No,No,No,0
STU03331,19,Male,Commerce,10.9,82.9,76.3,69.2,65.4,Bachelor,Yes,No,No,0
STU03332,21,Female,STEM,18.8,86.7,82.0,82.1,64.8,High School,Yes,No,Yes,0
STU03333,16,Female,STEM,20.1,84.9,75.3,80.6,62.5,Master,Yes,Yes,No,0
STU03334,21,Male,Commerce,3.1,74.2,77.5,64.8,62.7,Bachelor,Yes,Yes,No,0
STU03335,15,Male,STEM,11.3,90.7,64.1,61.6,70.4,High School,Yes,No,No,0
STU03336,16,Female,STEM,2.7,77.0,58.1,62.9,62.2,Bachelor,Yes,No,No,0
STU03337,19,Male,STEM,16.0,66.4,71.4,86.1,71.6,High School,Yes,No,No,0
STU03338,15,Male,Commerce,9.9,82.4,60.0,58.6,72.9,Master,Yes,No,Yes,0
STU03339,21,Female,STEM,7.7,86.7,64.0,52.9,53.5,Master,No,Yes,No,1
STU03340,21,Female,Commerce,15.0,83.7,88.3,70.5,78.2,Bachelor,No,Yes,No,0
STU03341,19,Female,Commerce,7.0,73.4,61.0,63.4,46.3,Bachelor,Yes,No,No,0
STU03342,17,Female,Commerce,5.9,72.0,76.1,70.4,39.3,Bachelor,Yes,No,Yes,0
STU03343,15,Female,STEM,2.8,71.6,72.2,63.8,53.2,High School,Yes,No,No,0
STU03344,19,Male,Commerce,17.5,88.1,78.8,72.1,74.3,High School,Yes,Yes,Yes,0
STU03345,19,Female,STEM,17.7,69.8,62.4,68.0,63.6,Master,Yes,No,No,0
STU03346,21,Male,Arts,10.5,86.7,75.6,54.6,60.3,High School,Yes,Yes,Yes,0
STU03347,19,Male,Commerce,6.1,81.9,49.5,50.0,51.8,High School,Yes,Yes,Yes,1
STU03348,16,Female,STEM,16.8,96.5,76.5,91.1,90.2,High School,Yes,No,Yes,0
STU03349,15,Female,Commerce,25.4,93.6,90.1,95.6,92.3,Master,Yes,No,No,0
STU03350,21,Male,Humanities,11.9,76.2,82.4,78.6,64.1,Master,Yes,No,No,0
STU03351,16,Non-binary,Humanities,6.4,66.0,75.25,68.9,39.2,High School,Yes,Yes,No,1
STU03352,22,Male,Humanities,17.4,77.9,72.1,69.9,59.4,High School,Yes,Yes,No,0
STU03353,15,Female,Commerce,7.9,91.2,67.1,65.7,71.4,Bachelor,Yes,No,No,0
STU03354,20,Female,Commerce,12.3,84.0,70.3,73.2,62.0,High School,Yes,No,No,0
STU03355,22,Female,Arts,1.1,83.9,73.5,51.8,59.7,Master,Yes,No,Yes,1
STU03356,18,Male,STEM,10.4,76.2,76.1,73.6,69.8,Master,Yes,Yes,No,0
STU03357,15,Male,Commerce,7.2,83.7,71.6,75.5,64.1,Bachelor,Yes,No,No,0
STU03358,22,Male,Commerce,17.5,72.3,83.3,78.5,71.1,High School,Yes,Yes,No,0
STU03359,16,Male,Commerce,7.4,87.4,72.8,52.1,54.0,Bachelor,Yes,Yes,No,1
STU03360,19,Female,Humanities,16.5,74.8,63.5,73.1,79.8,Master,Yes,No,No,0
STU03361,22,Male,Humanities,11.3,67.9,60.3,59.3,48.4,High School,Yes,Yes,Yes,1
STU03362,20,Female,Commerce,13.6,100.0,86.2,80.2,84.6,Master,Yes,No,No,0
STU03363,15,Male,STEM,15.3,84.6,64.3,64.0,68.9,High School,Yes,No,No,0
STU03364,21,Male,STEM,12.8,83.2,72.1,72.0,70.6,Master,Yes,No,No,0
STU03365,16,Male,Humanities,8.9,67.6,68.4,75.4,60.3,Bachelor,Yes,Yes,Yes,0
STU03366,20,Female,STEM,9.3,87.8,64.0,63.8,50.2,High School,Yes,No,Yes,0
STU03367,19,Male,STEM,15.3,90.6,62.7,56.9,53.6,High School,Yes,No,No,0
STU03368,17,Male,STEM,4.4,77.0,56.5,58.3,46.6,High School,Yes,No,No,1
STU03369,18,Female,Commerce,19.4,94.4,65.2,75.8,73.5,High School,Yes,Yes,Yes,0
STU03370,15,Female,Arts,11.6,91.2,82.9,76.8,78.2,Master,No,No,No,0
STU03371,22,Male,Humanities,11.5,86.0,79.5,81.2,73.4,High School,Yes,No,No,0
STU03372,16,Female,STEM,13.0,65.1,64.5,64.1,59.9,Master,Yes,Yes,No,0
STU03373,17,Female,Commerce,9.1,71.5,56.9,58.3,60.7,High School,Yes,Yes,No,0
STU03374,19,Female,STEM,12.2,95.6,89.8,70.6,58.7,Bachelor,Yes,No,No,0
STU03375,20,Female,Arts,7.9,80.8,76.1,69.5,48.3,Master,Yes,No,No,0
STU03376,19,Female,Humanities,12.3,83.4,70.3,72.8,55.5,Bachelor,Yes,Yes,No,0
STU03377,19,Male,STEM,10.6,74.7,84.3,72.5,73.8,Master,No,No,No,0
STU03378,19,Female,Humanities,10.6,76.3,74.1,76.0,51.5,Master,No,Yes,No,0
STU03379,21,Male,STEM,19.7,95.0,86.9,77.5,78.1,Bachelor,Yes,No,No,0
STU03380,18,Female,Commerce,9.4,94.8,65.5,65.8,56.7,Bachelor,Yes,No,Yes,0
STU03381,21,Female,STEM,12.4,88.6,61.6,71.2,64.8,High School,Yes,No,No,0
STU03382,21,Female,Arts,5.6,82.4,54.9,51.5,50.4,High School,Yes,No,No,1
STU03383,22,Male,Commerce,14.3,90.0,99.4,74.5,79.1,High School,Yes,Yes,Yes,0
STU03384,22,Male,Arts,12.9,83.8,67.8,56.1,57.6,Bachelor,Yes,No,Yes,0
STU03385,21,Male,Arts,13.1,72.9,74.5,74.2,70.7,Bachelor,Yes,No,No,0
STU03386,16,Female,STEM,11.1,70.2,76.4,85.1,78.3,Bachelor,Yes,Yes,No,0
STU03387,21,Female,Humanities,9.2,91.3,74.8,63.9,73.3,Master,Yes,Yes,No,0
STU03388,20,Female,Commerce,24.2,89.2,84.2,93.1,80.6,High School,Yes,No,Yes,0
STU03389,17,Male,Humanities,12.0,85.8,74.1,52.1,55.0,Master,Yes,Yes,No,0
STU03390,20,Female,STEM,14.3,82.4,82.2,80.7,74.3,High School,Yes,No,No,0
STU03391,17,Non-binary,STEM,7.9,82.2,61.6,52.7,68.5,High School,Yes,No,No,1
STU03392,19,Male,STEM,15.8,86.5,74.5,72.8,69.0,Bachelor,Yes,Yes,No,0
STU03393,21,Male,Arts,12.4,87.8,53.6,63.4,64.7,High School,Yes,No,No,0
STU03394,16,Male,Humanities,15.0,79.2,58.0,54.3,62.5,Bachelor,Yes,No,Yes,0
STU03395,17,Female,Commerce,17.1,93.8,68.5,99.8,83.2,Bachelor,Yes,No,No,0
STU03396,21,Male,Arts,12.5,82.4,83.1,71.3,77.1,Bachelor,Yes,No,Yes,0
STU03397,18,Female,STEM,8.8,84.5,70.5,71.3,54.6,High School,Yes,Yes,Yes,0
STU03398,22,Male,Commerce,2.5,70.3,72.3,72.2,51.9,High School,Yes,No,Yes,0
STU03399,15,Male,STEM,10.1,79.8,77.0,73.1,66.4,High School,Yes,Yes,No,0
STU03400,20,Female,STEM,9.9,75.8,74.7,59.7,69.0,High School,Yes,No,No,0
STU03401,21,Male,STEM,7.9,80.3,62.2,62.5,66.0,High School,Yes,No,No,0
STU03402,22,Female,STEM,18.3,90.7,82.4,67.5,71.9,High School,Yes,Yes,No,0
STU03403,16,Female,Humanities,17.4,85.0,82.3,78.5,80.9,Bachelor,Yes,No,No,0
STU03404,22,Male,Humanities,4.8,94.4,94.4,86.2,72.5,Master,Yes,No,No,0
STU03405,18,Female,STEM,13.7,89.1,74.4,62.3,59.9,Bachelor,Yes,No,No,0
STU03406,17,Male,STEM,9.3,81.0,80.1,64.7,55.0,High School,Yes,No,Yes,0
STU03407,17,Male,Commerce,13.5,84.0,75.4,88.6,71.8,Bachelor,Yes,Yes,Yes,0
STU03408,20,Male,STEM,8.2,85.3,65.9,62.3,57.2,High School,Yes,Yes,Yes,0
STU03409,20,Female,Commerce,9.4,86.5,82.8,65.5,73.5,High School,Yes,Yes,No,0
STU03410,18,Female,Arts,17.3,74.5,96.3,90.5,83.5,High School,Yes,No,No,0
STU03411,15,Non-binary,Commerce,16.7,89.2,82.8,76.9,74.5,Master,Yes,No,No,0
STU03412,22,Female,Humanities,19.8,75.8,72.7,57.8,64.6,Bachelor,Yes,No,No,0
STU03413,16,Male,Commerce,12.0,86.3,80.7,63.6,63.6,High School,Yes,No,No,0
STU03414,15,Female,Commerce,6.4,82.4,75.5,82.5,56.2,Bachelor,Yes,No,Yes,0
STU03415,19,Female,Arts,15.9,86.2,100.0,90.1,73.9,Master,Yes,Yes,No,0
STU03416,18,Male,Arts,16.0,65.2,81.8,91.1,78.4,High School,Yes,Yes,No,0
STU03417,19,Male,Humanities,15.8,69.5,65.8,63.8,59.7,Bachelor,Yes,No,No,0
STU03418,22,Male,Commerce,8.5,84.9,85.8,72.5,59.5,High School,Yes,Yes,No,0
STU03419,15,Male,Commerce,8.2,60.7,75.3,66.6,68.4,High School,Yes,No,No,0
STU03420,17,Female,STEM,14.2,87.9,87.3,75.5,85.4,Master,Yes,Yes,No,0
STU03421,19,Female,Humanities,9.0,88.5,78.7,72.0,75.8,High School,Yes,No,No,0
STU03422,21,Female,Commerce,11.6,92.9,87.2,68.1,73.9,Bachelor,Yes,No,Yes,0
STU03423,19,Male,Commerce,26.1,86.4,91.0,100.0,89.6,High School,Yes,No,No,0
STU03424,18,Female,Humanities,22.6,90.3,82.3,90.6,81.1,Bachelor,Yes,No,No,0
STU03425,19,Male,STEM,15.4,85.2,79.6,76.4,72.7,Bachelor,Yes,Yes,No,0
STU03426,22,Female,STEM,6.8,69.9,67.3,63.8,61.1,Master,No,Yes,Yes,1
STU03427,18,Male,Humanities,9.7,86.9,77.8,68.3,71.0,Bachelor,Yes,No,No,0
STU03428,22,Male,Arts,15.0,94.5,80.8,64.1,73.0,Bachelor,Yes,Yes,No,0
STU03429,21,Male,Arts,18.5,90.4,78.6,72.8,49.8,High School,Yes,Yes,No,0
STU03430,17,Female,Humanities,10.7,77.4,71.2,67.4,70.5,High School,Yes,No,No,0
STU03431,16,Non-binary,STEM,9.7,86.9,75.25,66.3,65.8,Bachelor,Yes,Yes,No,0
STU03432,21,Female,Commerce,10.2,91.6,58.0,67.5,51.6,High School,No,Yes,No,0
STU03433,16,Female,Commerce,6.7,88.9,82.8,74.1,69.6,High School,Yes,No,No,0
STU03434,17,Female,Humanities,4.9,87.0,74.3,59.3,62.0,Master,No,No,No,1
STU03435,16,Female,Humanities,7.7,67.3,62.5,53.9,41.2,High School,Yes,No,No,1
STU03436,19,Male,STEM,14.3,86.2,75.25,84.4,70.3,High School,Yes,Yes,No,0
STU03437,17,Female,Commerce,13.0,87.6,71.9,73.2,59.8,Master,Yes,Yes,No,0
STU03438,20,Female,Commerce,16.1,92.2,75.3,71.6,63.7,Bachelor,No,No,No,0
STU03439,22,Male,Humanities,5.2,83.1,73.9,54.8,61.8,Bachelor,Yes,No,No,1
STU03440,21,Male,Arts,5.0,93.3,86.6,64.1,62.0,High School,Yes,Yes,Yes,0
STU03441,22,Male,Commerce,15.1,68.8,77.3,79.5,69.0,High School,Yes,No,No,0
STU03442,15,Male,Arts,9.1,85.2,65.8,78.1,69.9,Bachelor,Yes,No,No,0
STU03443,18,Female,Humanities,6.2,83.2,67.4,60.5,55.1,High School,No,Yes,No,1
STU03444,16,Male,Humanities,16.4,93.2,89.3,76.6,82.1,Bachelor,Yes,Yes,Yes,0
STU03445,22,Female,Arts,10.5,93.7,80.5,90.0,84.6,High School,Yes,No,No,0
STU03446,20,Female,Arts,9.8,75.9,81.6,69.5,71.3,High School,Yes,Yes,Yes,0
STU03447,17,Female,Arts,10.7,93.5,80.5,66.6,72.4,High School,Yes,Yes,No,0
STU03448,19,Male,Commerce,12.1,88.6,84.3,73.0,76.9,High School,Yes,No,No,0
STU03449,19,Female,Humanities,14.9,81.8,97.3,81.5,80.2,High School,Yes,Yes,No,0
STU03450,18,Male,STEM,6.4,72.2,55.2,67.0,60.2,Bachelor,Yes,Yes,No,0
STU03451,18,Female,Humanities,10.2,82.8,97.9,66.9,62.9,Bachelor,No,No,No,0
STU03452,15,Female,Arts,16.2,86.2,88.5,87.4,77.6,High School,No,No,No,0
STU03453,18,Female,Humanities,20.6,88.6,100.0,92.6,88.5,Bachelor,Yes,No,No,0
STU03454,17,Female,Commerce,5.7,74.1,58.7,53.2,50.7,High School,Yes,Yes,No,1
STU03455,21,Female,Arts,13.3,89.5,81.5,73.6,88.6,High School,Yes,Yes,Yes,0
STU03456,21,Male,Arts,10.1,77.9,74.3,67.5,61.8,Master,No,No,No,0
STU03457,21,Male,Arts,12.6,92.0,86.5,78.5,61.7,Bachelor,Yes,No,No,0
STU03458,15,Female,Humanities,9.4,94.5,80.5,68.0,68.5,Bachelor,Yes,No,No,0
STU03459,21,Male,Humanities,15.2,76.9,79.9,77.2,75.9,High School,Yes,Yes,No,0
STU03460,18,Female,Arts,15.0,83.8,85.5,73.8,65.9,High School,Yes,Yes,No,0
STU03461,18,Female,STEM,23.2,96.8,85.6,100.0,86.4,Bachelor,Yes,Yes,Yes,0
STU03462,22,Female,STEM,7.1,84.0,66.6,70.9,61.1,Bachelor,Yes,No,Yes,0
STU03463,21,Male,Arts,5.1,68.1,71.3,66.6,57.1,Bachelor,Yes,No,No,1
STU03464,15,Female,Commerce,21.0,82.4,79.0,80.1,72.6,Master,Yes,Yes,No,0
STU03465,17,Male,Humanities,12.8,77.5,73.4,78.7,75.2,High School,Yes,No,No,0
STU03466,20,Female,STEM,10.9,83.1,60.0,66.4,75.2,Bachelor,Yes,No,No,0
STU03467,19,Male,Humanities,13.8,76.9,75.8,75.2,61.7,Bachelor,Yes,No,Yes,0
STU03468,17,Female,Arts,6.7,88.0,63.1,56.5,47.7,High School,Yes,No,Yes,1
STU03469,19,Male,Commerce,13.5,79.3,75.2,75.9,64.9,High School,Yes,Yes,No,0
STU03470,21,Male,Humanities,12.6,89.5,66.3,82.2,78.6,Bachelor,Yes,No,No,0
STU03471,16,Female,Humanities,14.6,81.5,76.7,76.2,67.7,High School,No,Yes,No,0
STU03472,20,Female,Arts,15.7,79.8,86.3,79.0,76.0,Bachelor,Yes,Yes,No,0
STU03473,20,Male,Arts,16.0,87.1,73.2,76.3,63.9,Bachelor,Yes,Yes,No,0
STU03474,22,Non-binary,Humanities,13.9,74.3,65.4,70.1,74.9,High School,Yes,No,No,0
STU03475,17,Non-binary,Commerce,17.0,98.6,90.3,80.0,77.2,Bachelor,No,Yes,No,0
STU03476,16,Female,STEM,15.6,85.1,87.6,75.7,75.6,Bachelor,Yes,No,No,0
STU03477,19,Male,Humanities,10.6,78.8,77.5,77.9,62.1,High School,Yes,No,Yes,0
STU03478,19,Female,STEM,9.4,79.6,67.9,75.5,57.4,Master,Yes,No,Yes,0
STU03479,18,Female,Humanities,9.9,81.2,67.0,84.2,66.5,High School,Yes,No,No,0
STU03480,21,Male,Humanities,15.6,91.6,76.5,80.3,73.9,Master,Yes,No,No,0
STU03481,21,Male,STEM,5.0,73.7,67.4,61.8,62.0,High School,No,No,Yes,1
STU03482,16,Male,STEM,13.7,79.8,58.6,73.7,50.7,High School,Yes,No,No,0
STU03483,21,Male,STEM,9.3,80.4,62.8,56.2,49.8,Bachelor,Yes,No,No,0
STU03484,16,Female,STEM,7.4,94.3,86.8,77.3,67.0,High School,Yes,No,Yes,0
STU03485,18,Male,Commerce,6.9,87.7,74.5,74.4,66.5,High School,Yes,Yes,No,0
STU03486,15,Female,STEM,12.9,97.1,91.3,88.5,71.9,High School,Yes,No,Yes,0
STU03487,17,Female,STEM,16.4,84.2,89.0,96.4,80.0,Bachelor,Yes,No,No,0
STU03488,22,Female,Arts,10.0,92.6,72.7,63.9,60.0,Bachelor,Yes,No,No,0
STU03489,18,Male,STEM,2.5,87.9,66.2,53.6,53.8,High School,Yes,Yes,No,1
STU03490,20,Male,Arts,26.0,93.9,75.25,95.9,84.5,High School,Yes,Yes,No,0
STU03491,15,Female,Commerce,18.0,90.9,89.1,76.0,69.6,High School,Yes,No,No,0
STU03492,20,Male,Commerce,15.2,80.7,87.0,85.2,77.4,Master,No,No,Yes,0
STU03493,17,Non-binary,Humanities,20.3,100.0,85.1,91.0,90.8,High School,Yes,No,No,0
STU03494,20,Male,STEM,13.4,80.7,77.2,79.0,75.4,Bachelor,Yes,No,No,0
STU03495,22,Male,Commerce,12.4,88.7,74.3,73.3,76.0,High School,Yes,No,Yes,0
STU03496,19,Female,Commerce,17.9,90.1,80.7,89.1,86.5,Bachelor,Yes,Yes,No,0
STU03497,15,Male,STEM,17.1,75.3,70.5,80.1,67.7,Master,No,No,Yes,0
STU03498,18,Male,Commerce,14.6,82.8,76.4,70.6,81.1,High School,Yes,Yes,No,0
STU03499,15,Male,Humanities,17.0,85.9,78.0,55.2,70.9,Bachelor,Yes,No,No,0
STU03500,18,Male,Arts,6.2,78.5,65.3,58.6,49.3,High School,Yes,Yes,No,1
STU03501,15,Female,Commerce,10.6,81.1,81.7,73.7,63.5,Bachelor,Yes,Yes,No,0
STU03502,20,Female,STEM,20.7,97.9,71.0,80.1,76.3,High School,Yes,No,No,0
STU03503,17,Male,Arts,15.4,76.9,79.8,76.4,76.1,High School,Yes,Yes,No,0
STU03504,16,Female,Arts,6.4,69.3,58.8,54.2,49.4,High School,Yes,No,No,1
STU03505,15,Female,Commerce,10.6,76.7,64.3,58.8,50.8,High School,Yes,No,No,0
STU03506,22,Male,STEM,18.7,82.4,75.25,70.8,76.6,Master,Yes,Yes,No,0
STU03507,21,Male,Commerce,15.0,90.1,83.8,82.7,67.7,Bachelor,Yes,No,No,0
STU03508,21,Male,Commerce,10.6,86.2,52.3,68.9,61.0,High School,No,Yes,No,1
STU03509,15,Male,STEM,14.0,90.2,80.0,66.4,69.3,Bachelor,Yes,No,No,0
STU03510,17,Male,Arts,12.6,84.3,76.5,72.8,58.6,Bachelor,Yes,No,No,0
STU03511,22,Male,Humanities,10.6,77.2,63.2,71.4,73.6,High School,Yes,No,No,0
STU03512,19,Male,Arts,6.0,71.7,70.1,61.6,57.0,High School,No,Yes,No,1
STU03513,16,Female,Commerce,17.5,76.4,65.8,79.6,59.3,Bachelor,Yes,No,Yes,0
STU03514,16,Male,STEM,14.1,83.1,76.4,83.5,72.0,High School,Yes,No,Yes,0
STU03515,17,Female,Arts,14.2,89.3,65.8,73.4,54.6,Bachelor,No,No,No,0
STU03516,22,Female,Humanities,15.5,87.5,99.4,82.8,82.4,High School,Yes,No,Yes,0
STU03517,16,Female,Humanities,18.1,86.9,89.3,95.6,87.9,High School,Yes,Yes,Yes,0
STU03518,22,Male,Humanities,13.8,74.4,77.2,72.8,85.7,Bachelor,Yes,Yes,No,0
STU03519,20,Male,STEM,16.7,100.0,73.0,74.1,73.2,Bachelor,Yes,No,No,0
STU03520,22,Male,Commerce,12.6,77.7,71.8,75.3,61.4,Master,Yes,Yes,Yes,0
STU03521,21,Non-binary,Humanities,8.7,81.5,70.1,63.7,62.2,High School,Yes,No,No,0
STU03522,17,Male,Arts,8.8,88.6,76.5,67.3,75.3,Bachelor,No,Yes,No,0
STU03523,21,Female,Arts,14.5,83.5,81.2,74.5,74.2,Master,Yes,Yes,No,0
STU03524,16,Male,Commerce,16.0,77.3,79.3,76.8,76.1,Bachelor,Yes,No,No,0
STU03525,17,Male,STEM,18.3,93.3,85.7,85.3,84.4,Master,Yes,Yes,Yes,0
STU03526,16,Male,Commerce,10.9,70.8,70.1,52.8,60.0,Master,Yes,No,No,0
STU03527,16,Female,STEM,14.0,96.8,83.2,77.1,64.6,Bachelor,Yes,No,No,0
STU03528,15,Female,Commerce,11.2,83.9,68.5,54.0,48.9,Master,Yes,Yes,No,0
STU03529,16,Male,Humanities,19.1,85.2,70.4,74.4,59.0,Bachelor,Yes,Yes,Yes,0
STU03530,15,Female,Arts,13.5,71.3,92.3,84.1,65.5,High School,Yes,Yes,No,0
STU03531,18,Female,Humanities,12.8,73.1,77.8,71.5,58.2,Master,No,No,No,0
STU03532,15,Female,STEM,11.6,81.4,92.7,85.1,88.4,Bachelor,Yes,Yes,No,0
STU03533,15,Female,Arts,12.0,97.1,75.6,75.0,65.7,High School,Yes,No,No,0
STU03534,22,Female,Humanities,6.5,81.4,94.9,57.6,66.0,High School,Yes,No,No,1
STU03535,15,Non-binary,Arts,6.1,82.1,71.4,73.4,61.2,High School,Yes,Yes,No,0
STU03536,15,Male,Arts,12.6,87.4,88.1,80.5,75.7,Master,Yes,Yes,Yes,0
STU03537,15,Male,Humanities,12.0,100.0,79.3,69.3,71.1,High School,Yes,Yes,Yes,0
STU03538,16,Female,Humanities,12.6,80.7,76.9,69.7,57.6,High School,Yes,Yes,Yes,0
STU03539,19,Female,Humanities,16.0,98.3,80.5,62.1,74.6,Bachelor,Yes,Yes,Yes,0
STU03540,21,Female,Commerce,13.4,81.4,71.0,73.4,61.5,High School,Yes,No,Yes,0
STU03541,20,Female,Arts,10.2,75.6,82.1,78.4,63.4,Master,Yes,Yes,No,0
STU03542,19,Female,STEM,10.9,80.9,73.9,64.8,61.1,High School,Yes,Yes,No,0
STU03543,15,Male,Commerce,14.1,84.3,85.4,71.7,76.7,High School,Yes,No,Yes,0
STU03544,21,Non-binary,STEM,11.3,86.2,84.5,76.6,66.8,High School,Yes,No,No,0
STU03545,15,Male,Commerce,17.8,66.0,90.0,94.6,78.1,Bachelor,Yes,No,No,0
STU03546,20,Female,Commerce,12.9,85.6,80.7,84.2,75.9,Bachelor,Yes,No,Yes,0
STU03547,18,Female,Arts,12.9,79.6,60.1,72.9,64.1,High School,Yes,Yes,Yes,0
STU03548,22,Female,Humanities,9.3,75.0,68.3,82.1,66.2,High School,Yes,No,No,0
STU03549,17,Female,Humanities,17.8,74.2,77.4,86.8,63.2,Master,Yes,No,No,0
STU03550,20,Male,STEM,19.5,82.5,80.9,92.1,79.0,Bachelor,Yes,No,No,0
STU03551,18,Female,STEM,5.7,77.0,82.4,69.0,57.3,Bachelor,Yes,Yes,Yes,0
STU03552,19,Male,Humanities,14.8,79.8,88.0,78.1,60.9,High School,Yes,No,No,0
STU03553,22,Male,Arts,12.5,69.1,71.1,79.8,62.1,Master,Yes,No,No,0
STU03554,20,Female,Humanities,13.1,85.3,100.0,76.6,73.0,Bachelor,Yes,Yes,Yes,0
STU03555,18,Female,STEM,15.0,77.0,72.7,77.6,88.7,High School,Yes,No,No,0
STU03556,18,Female,Commerce,1.7,64.3,60.7,49.3,53.5,Master,Yes,Yes,No,1
STU03557,20,Female,STEM,16.4,81.6,67.3,76.0,73.0,Master,Yes,No,Yes,0
STU03558,17,Male,STEM,16.8,78.0,62.2,73.6,61.9,Bachelor,Yes,Yes,No,0
STU03559,16,Male,Arts,18.5,87.3,69.3,77.8,69.5,Bachelor,Yes,No,Yes,0
STU03560,18,Male,STEM,8.7,76.0,81.4,71.1,83.3,High School,Yes,No,No,0
STU03561,15,Male,Humanities,10.9,69.9,79.0,76.8,61.7,Bachelor,No,No,No,1
STU03562,16,Female,Humanities,9.4,75.7,62.9,69.2,61.3,High School,Yes,Yes,Yes,0
STU03563,18,Female,STEM,4.4,64.8,66.6,48.6,62.6,Bachelor,Yes,No,No,1
STU03564,21,Female,STEM,9.0,91.7,83.0,71.9,64.2,High School,Yes,Yes,Yes,0
STU03565,21,Female,STEM,6.9,92.1,53.1,53.1,54.8,High School,Yes,Yes,Yes,1
STU03566,17,Male,STEM,13.3,93.9,96.4,84.6,79.6,Master,Yes,Yes,No,0
STU03567,18,Male,Arts,4.5,73.9,78.2,61.8,52.8,High School,Yes,Yes,No,0
STU03568,16,Female,Humanities,8.6,90.8,82.5,81.8,77.2,Bachelor,Yes,No,No,0
STU03569,21,Female,Humanities,9.5,86.1,86.1,73.6,62.1,High School,Yes,Yes,Yes,0
STU03570,16,Female,Humanities,16.5,77.4,57.0,76.7,69.3,High School,Yes,No,No,0
STU03571,21,Male,Arts,23.5,82.1,81.5,79.9,79.6,High School,No,No,No,0
STU03572,21,Female,STEM,14.4,81.7,89.4,78.8,80.3,High School,Yes,No,No,0
STU03573,20,Female,Arts,7.2,82.7,71.5,60.2,58.3,High School,Yes,Yes,Yes,0
STU03574,17,Female,STEM,9.9,84.0,81.3,75.6,71.5,High School,Yes,No,No,0
STU03575,22,Male,Arts,16.0,83.8,92.9,74.9,82.3,Bachelor,Yes,No,No,0
STU03576,20,Male,STEM,5.7,76.4,76.1,51.8,46.6,High School,Yes,Yes,No,1
STU03577,20,Male,STEM,16.7,94.9,78.8,73.8,64.7,High School,Yes,Yes,No,0
STU03578,21,Female,Humanities,13.0,81.5,81.4,80.4,75.4,High School,Yes,Yes,No,0
STU03579,22,Female,STEM,12.4,80.8,58.4,58.4,63.2,High School,Yes,No,No,0
STU03580,15,Male,Commerce,4.2,76.8,72.9,64.5,59.6,High School,Yes,Yes,No,0
STU03581,22,Female,Commerce,15.9,82.8,85.6,75.8,79.4,High School,Yes,Yes,No,0
STU03582,21,Female,Commerce,9.6,70.0,72.1,54.0,54.1,Bachelor,Yes,No,No,0
STU03583,16,Male,STEM,13.7,74.7,86.3,85.7,82.3,Bachelor,Yes,No,No,0
STU03584,17,Female,Commerce,11.1,100.0,81.1,78.9,73.0,Master,Yes,Yes,Yes,0
STU03585,21,Female,STEM,5.9,66.1,68.4,62.0,49.8,Bachelor,Yes,No,No,1
STU03586,16,Male,Arts,10.8,83.6,92.8,79.0,83.6,Bachelor,Yes,Yes,No,0
STU03587,18,Male,Commerce,6.4,82.2,61.3,58.0,61.2,High School,Yes,Yes,No,1
STU03588,20,Female,Humanities,8.9,88.7,88.1,66.2,65.3,High School,Yes,Yes,No,0
STU03589,20,Female,Arts,11.7,84.8,88.6,88.2,72.8,Bachelor,No,Yes,No,0
STU03590,22,Male,Humanities,16.2,99.0,90.4,82.7,84.0,High School,Yes,No,No,0
STU03591,15,Female,Humanities,9.7,82.9,69.5,69.8,56.2,High School,No,Yes,No,0
STU03592,17,Female,STEM,12.3,90.5,76.6,63.2,65.8,Master,No,No,No,1
STU03593,22,Male,Commerce,10.1,89.5,67.2,69.9,62.9,High School,Yes,No,No,0
STU03594,19,Male,Humanities,8.8,92.9,69.4,75.1,67.8,High School,Yes,Yes,No,0
STU03595,16,Non-binary,STEM,3.4,78.3,69.1,61.2,42.3,Master,Yes,No,No,0
STU03596,17,Female,Commerce,13.3,85.8,68.0,73.1,59.8,High School,Yes,No,No,0
STU03597,17,Female,STEM,3.5,77.2,65.3,72.1,58.1,High School,No,No,Yes,1
STU03598,19,Male,Commerce,12.1,83.3,64.4,72.9,71.3,High School,Yes,Yes,No,0
STU03599,17,Male,STEM,4.4,80.3,75.5,72.2,61.7,High School,No,No,No,1
STU03600,19,Female,Humanities,6.4,62.9,83.0,72.0,67.3,Master,Yes,Yes,No,1
STU03601,18,Male,Arts,14.8,82.1,99.1,88.4,69.7,Bachelor,Yes,Yes,No,0
STU03602,19,Female,STEM,13.1,89.6,67.2,71.6,63.0,High School,Yes,No,No,0
STU03603,16,Male,Commerce,3.3,69.3,57.1,61.2,53.0,High School,Yes,Yes,Yes,1
STU03604,19,Male,Commerce,10.5,75.4,72.0,65.5,61.1,High School,Yes,No,Yes,0
STU03605,22,Female,Arts,13.0,91.7,86.1,82.3,80.7,Bachelor,Yes,Yes,No,0
STU03606,16,Non-binary,STEM,10.2,91.9,74.9,88.3,70.6,High School,Yes,No,No,0
STU03607,17,Non-binary,Commerce,8.3,75.4,81.6,73.7,64.1,High School,No,Yes,No,0
STU03608,20,Female,Humanities,12.9,85.8,83.0,67.0,73.2,Bachelor,Yes,Yes,Yes,0
STU03609,19,Female,Humanities,13.2,83.9,59.8,64.1,56.8,Master,Yes,No,Yes,0
STU03610,20,Male,Humanities,7.3,91.3,75.3,71.9,59.7,Master,Yes,Yes,Yes,0
STU03611,19,Female,Humanities,11.9,77.7,62.8,61.0,61.9,Bachelor,Yes,Yes,No,0
STU03612,20,Female,Humanities,11.7,80.8,70.0,61.5,54.7,Bachelor,Yes,No,Yes,0
STU03613,19,Female,STEM,20.8,96.7,81.9,73.7,86.3,Bachelor,Yes,No,No,0
STU03614,15,Male,Humanities,12.5,74.2,82.2,74.1,55.1,Master,Yes,No,No,0
STU03615,21,Female,Commerce,12.4,78.2,75.3,85.4,68.0,High School,Yes,Yes,No,0
STU03616,18,Male,Humanities,13.0,83.5,72.6,67.7,76.7,High School,Yes,Yes,No,0
STU03617,15,Female,STEM,11.5,94.0,99.4,89.4,95.0,High School,Yes,No,No,0
STU03618,18,Female,Humanities,8.6,72.9,62.7,60.4,55.2,Master,Yes,Yes,Yes,0
STU03619,18,Male,Humanities,15.1,77.7,80.4,74.7,77.3,Master,Yes,No,No,0
STU03620,15,Female,Commerce,15.1,88.1,86.5,72.1,82.0,Bachelor,Yes,No,No,0
STU03621,22,Female,Arts,22.4,94.7,88.4,77.2,76.4,High School,Yes,No,Yes,0
STU03622,16,Female,Humanities,15.1,85.1,70.2,86.6,74.9,Master,Yes,Yes,No,0
STU03623,17,Male,Commerce,16.4,85.0,70.6,79.1,64.1,High School,Yes,No,Yes,0
STU03624,18,Female,STEM,15.0,86.4,85.6,88.4,66.0,High School,Yes,Yes,Yes,0
STU03625,21,Female,Arts,7.9,68.1,80.5,67.9,65.6,Bachelor,No,No,No,1
STU03626,20,Female,STEM,6.1,80.2,70.8,67.5,64.5,Bachelor,Yes,Yes,No,0
STU03627,21,Female,Humanities,8.5,94.3,63.1,70.2,54.8,Master,Yes,No,Yes,0
STU03628,16,Female,STEM,12.3,72.7,76.4,75.0,66.4,High School,Yes,Yes,No,0
STU03629,21,Male,STEM,18.2,80.5,95.6,81.1,69.9,High School,Yes,Yes,Yes,0
STU03630,21,Female,Commerce,16.3,80.8,69.0,66.4,61.7,High School,Yes,No,No,0
STU03631,18,Female,STEM,11.0,80.9,72.0,66.1,60.1,High School,Yes,Yes,Yes,0
STU03632,19,Male,STEM,20.5,100.0,87.1,88.6,88.1,Master,Yes,No,Yes,0
STU03633,15,Male,STEM,11.0,74.1,84.5,73.8,64.3,High School,Yes,No,No,0
STU03634,21,Female,Arts,7.8,71.1,65.3,59.0,46.6,High School,Yes,No,No,1
STU03635,22,Female,Commerce,14.1,89.1,84.1,83.8,87.3,High School,Yes,No,No,0
STU03636,18,Female,Arts,17.6,79.3,93.7,82.8,81.1,Bachelor,Yes,Yes,No,0
STU03637,19,Male,Arts,8.0,88.5,59.8,55.9,62.7,Master,Yes,Yes,Yes,0
STU03638,18,Female,Arts,2.1,76.0,54.3,59.3,54.6,High School,No,Yes,No,1
STU03639,15,Female,Humanities,13.2,88.2,77.5,78.8,77.7,High School,Yes,No,Yes,0
STU03640,19,Female,STEM,14.5,70.6,85.3,69.5,70.9,Master,No,No,No,0
STU03641,20,Female,STEM,0.0,82.2,70.5,46.1,54.7,Bachelor,Yes,Yes,Yes,1
STU03642,22,Female,STEM,14.2,86.7,89.5,72.0,73.8,High School,No,Yes,Yes,0
STU03643,22,Female,Commerce,3.6,78.2,52.0,52.1,45.6,High School,No,Yes,Yes,1
STU03644,18,Male,STEM,16.3,76.1,81.5,89.0,80.7,Master,Yes,No,Yes,0
STU03645,22,Male,STEM,2.8,79.6,40.2,57.7,44.8,Bachelor,Yes,Yes,No,1
STU03646,19,Male,Commerce,5.2,84.7,84.9,74.9,68.3,High School,Yes,Yes,No,0
STU03647,20,Male,STEM,14.6,78.9,89.3,96.5,81.4,High School,Yes,Yes,No,0
STU03648,19,Female,STEM,17.3,82.3,76.9,80.2,75.4,High School,Yes,Yes,Yes,0
STU03649,22,Male,STEM,13.0,88.8,55.3,73.1,55.7,High School,Yes,No,No,0
STU03650,20,Male,Commerce,23.8,100.0,86.9,85.7,85.1,High School,Yes,No,No,0
STU03651,15,Male,STEM,7.2,89.4,85.3,58.9,57.6,High School,Yes,Yes,Yes,1
STU03652,15,Male,STEM,5.1,82.7,75.3,62.0,61.5,High School,No,Yes,Yes,1
STU03653,18,Female,STEM,10.4,81.3,93.3,77.4,78.1,High School,Yes,Yes,Yes,0
STU03654,19,Female,Commerce,11.4,83.5,73.1,91.1,84.3,High School,Yes,No,Yes,0
STU03655,20,Female,STEM,14.3,72.4,96.1,84.0,79.7,High School,Yes,No,No,0
STU03656,18,Female,STEM,9.7,81.7,54.1,51.9,59.0,Bachelor,Yes,No,Yes,1
STU03657,19,Female,Arts,15.6,92.6,73.6,83.0,65.7,High School,Yes,No,No,0
STU03658,22,Female,Arts,13.4,82.9,64.4,62.6,65.1,Master,No,No,No,0
STU03659,17,Female,STEM,17.1,79.3,86.7,84.0,67.8,Master,No,Yes,No,0
STU03660,18,Male,STEM,9.6,77.2,61.2,70.1,68.0,Master,Yes,Yes,Yes,0
STU03661,19,Male,STEM,13.3,82.3,87.2,71.4,63.2,High School,Yes,Yes,No,0
STU03662,18,Male,Commerce,15.7,73.8,84.0,92.2,68.6,High School,Yes,No,No,0
STU03663,22,Female,STEM,11.8,74.6,76.2,81.3,73.4,Bachelor,Yes,Yes,No,0
STU03664,22,Male,Arts,12.0,96.3,78.1,76.2,83.3,High School,Yes,No,Yes,0
STU03665,19,Male,Commerce,3.7,72.0,57.2,68.8,61.5,High School,Yes,No,Yes,0
STU03666,18,Male,Humanities,13.4,76.2,81.9,73.5,66.1,High School,Yes,No,No,0
STU03667,19,Male,STEM,15.7,88.0,75.1,82.4,65.8,Bachelor,Yes,No,Yes,0
STU03668,16,Female,Arts,12.7,80.8,84.0,79.0,68.4,Bachelor,Yes,No,Yes,0
STU03669,18,Female,Commerce,9.5,81.6,89.1,70.4,69.8,High School,Yes,No,No,0
STU03670,16,Male,Commerce,5.4,85.9,68.9,57.1,57.1,Master,Yes,No,No,1
STU03671,16,Non-binary,STEM,13.8,70.4,88.1,96.1,69.0,Bachelor,Yes,Yes,No,0
STU03672,15,Female,Commerce,13.1,90.5,80.7,84.2,83.1,High School,Yes,No,Yes,0
STU03673,19,Female,Commerce,19.3,82.6,87.6,92.8,89.4,High School,Yes,No,Yes,0
STU03674,15,Female,Arts,12.3,78.3,56.4,50.3,63.1,High School,No,No,Yes,1
STU03675,20,Female,Humanities,10.9,96.9,71.6,72.1,57.2,Master,Yes,No,No,0
STU03676,18,Non-binary,Humanities,3.9,67.1,59.7,53.2,43.6,Bachelor,No,Yes,No,1
STU03677,17,Male,Humanities,17.6,89.2,95.3,100.0,87.0,Bachelor,Yes,No,No,0
STU03678,21,Female,Commerce,17.4,93.5,79.1,89.4,78.0,Bachelor,Yes,Yes,No,0
STU03679,19,Female,Arts,21.7,80.9,89.4,96.5,79.7,High School,Yes,No,No,0
STU03680,20,Female,Humanities,15.3,80.1,77.4,83.2,65.9,Master,Yes,No,Yes,0
STU03681,20,Female,STEM,16.6,81.1,75.7,76.6,63.2,Master,Yes,No,No,0
STU03682,15,Male,STEM,13.8,77.3,61.7,71.8,76.6,Bachelor,Yes,Yes,No,0
STU03683,16,Male,Commerce,15.6,84.2,75.25,81.5,57.1,High School,Yes,No,No,0
STU03684,19,Male,Arts,12.0,89.1,74.2,75.3,57.8,High School,Yes,Yes,No,0
STU03685,22,Female,STEM,14.6,80.3,74.8,68.0,57.9,High School,Yes,Yes,No,0
STU03686,16,Male,Humanities,21.4,93.7,76.9,93.2,81.8,High School,Yes,Yes,No,0
STU03687,15,Male,Arts,14.0,96.1,82.1,71.9,70.5,Bachelor,Yes,No,Yes,0
STU03688,22,Female,Humanities,11.9,85.4,96.4,81.2,79.2,Bachelor,Yes,Yes,No,0
STU03689,22,Male,STEM,12.7,86.5,92.5,76.8,69.5,Master,Yes,Yes,No,0
STU03690,16,Male,Humanities,12.3,77.4,75.1,51.5,60.2,High School,Yes,No,No,0
STU03691,18,Male,Humanities,12.1,61.1,71.7,72.0,62.0,High School,No,No,No,1
STU03692,20,Female,STEM,12.2,86.8,83.3,93.3,87.5,High School,Yes,No,No,0
STU03693,16,Female,Commerce,18.1,91.1,84.7,85.6,90.8,Master,Yes,No,No,0
STU03694,17,Male,Humanities,16.5,86.0,86.3,100.0,80.3,Bachelor,Yes,Yes,No,0
STU03695,18,Female,Commerce,22.7,94.1,89.1,88.8,89.5,High School,Yes,No,No,0
STU03696,20,Female,Commerce,11.7,77.5,75.4,73.6,67.2,Bachelor,Yes,Yes,No,0
STU03697,17,Male,STEM,14.3,87.2,72.0,72.3,73.3,Bachelor,Yes,No,No,0
STU03698,18,Female,STEM,12.9,94.2,82.5,76.8,75.8,High School,Yes,Yes,No,0
STU03699,17,Female,STEM,13.9,88.2,55.7,68.3,66.9,High School,Yes,No,No,0
STU03700,21,Non-binary,STEM,18.1,95.5,85.7,95.6,88.5,High School,Yes,No,No,0
STU03701,16,Male,Commerce,5.7,90.0,51.9,47.9,53.8,High School,Yes,No,No,1
STU03702,16,Male,STEM,13.9,75.1,78.1,75.5,69.0,Bachelor,Yes,Yes,Yes,0
STU03703,16,Male,Commerce,22.0,92.3,75.5,88.1,85.8,High School,Yes,No,No,0
STU03704,22,Female,STEM,17.9,79.6,92.2,72.1,80.5,Bachelor,Yes,Yes,No,0
STU03705,22,Female,STEM,16.6,75.2,78.4,61.3,61.2,Bachelor,No,No,No,0
STU03706,19,Male,STEM,15.6,83.3,78.5,66.3,57.0,Bachelor,Yes,Yes,Yes,0
STU03707,16,Female,Humanities,12.3,97.3,81.7,73.4,74.1,Master,Yes,No,Yes,0
STU03708,21,Female,Commerce,9.6,78.6,64.3,73.4,66.7,High School,Yes,No,Yes,0
STU03709,18,Female,Commerce,9.7,68.9,82.1,68.8,51.8,Bachelor,Yes,No,Yes,0
STU03710,21,Male,STEM,7.9,70.6,76.9,73.6,58.9,High School,Yes,No,Yes,0
STU03711,17,Female,Commerce,17.3,88.2,75.3,93.7,82.2,Bachelor,Yes,No,No,0
STU03712,22,Male,Commerce,18.4,78.8,69.0,76.4,67.6,Bachelor,Yes,Yes,No,0
STU03713,21,Female,STEM,15.0,67.0,70.3,71.3,63.8,High School,Yes,No,No,0
STU03714,16,Male,STEM,16.6,72.8,75.4,81.0,76.2,High School,Yes,No,No,0
STU03715,20,Female,STEM,14.3,84.4,66.4,72.1,64.8,Bachelor,Yes,No,No,0
STU03716,17,Female,STEM,14.4,89.3,73.9,76.1,72.8,Bachelor,Yes,Yes,No,0
STU03717,17,Male,Arts,3.5,76.6,61.6,55.1,44.5,Bachelor,Yes,No,Yes,1
STU03718,17,Male,Humanities,14.4,88.3,76.2,73.1,72.1,High School,Yes,No,No,0
STU03719,20,Female,Humanities,11.1,88.9,73.9,62.4,54.8,Bachelor,Yes,No,No,0
STU03720,17,Female,Commerce,12.8,76.1,79.2,72.1,60.2,Bachelor,Yes,No,No,0
STU03721,20,Female,Humanities,14.0,81.9,76.8,66.6,62.9,High School,Yes,No,No,0
STU03722,19,Female,Commerce,8.6,75.7,75.1,61.7,64.3,Bachelor,Yes,Yes,No,0
STU03723,21,Male,STEM,8.2,84.6,75.3,58.3,61.5,Bachelor,Yes,No,No,0
STU03724,22,Female,Humanities,6.4,76.6,67.7,59.9,51.3,Bachelor,No,Yes,Yes,1
STU03725,15,Male,STEM,6.5,71.8,75.5,66.3,66.3,High School,Yes,No,Yes,0
STU03726,22,Female,STEM,6.6,80.0,43.1,42.9,47.3,High School,Yes,Yes,No,1
STU03727,15,Male,STEM,8.4,91.3,70.8,64.0,70.2,Master,Yes,No,Yes,0
STU03728,19,Female,Commerce,5.3,85.1,65.0,61.4,51.4,Master,Yes,Yes,Yes,0
STU03729,17,Female,Commerce,14.2,82.4,80.3,64.2,79.1,High School,Yes,Yes,Yes,0
STU03730,20,Female,Commerce,8.9,88.0,67.7,59.2,71.2,Master,Yes,No,No,0
STU03731,20,Male,STEM,3.4,78.5,73.3,76.2,68.6,High School,Yes,Yes,No,0
STU03732,21,Male,Arts,10.0,76.3,79.5,66.1,67.4,Master,Yes,Yes,No,0
STU03733,18,Male,STEM,8.0,73.2,56.3,64.8,58.4,High School,Yes,No,No,0
STU03734,22,Female,Commerce,19.6,72.7,80.9,78.9,74.6,High School,Yes,No,No,0
STU03735,17,Female,Commerce,12.4,91.7,64.7,69.4,55.2,Master,Yes,Yes,No,0
STU03736,16,Female,Humanities,5.2,76.3,73.5,57.4,52.9,High School,Yes,Yes,No,1
STU03737,18,Female,Humanities,14.4,69.4,69.4,56.9,58.2,Bachelor,Yes,Yes,No,1
STU03738,19,Male,Commerce,13.4,94.5,70.8,68.1,60.1,High School,Yes,No,Yes,0
STU03739,20,Male,Commerce,10.7,82.2,57.0,66.0,68.7,High School,Yes,Yes,No,0
STU03740,21,Male,STEM,18.1,92.5,81.0,86.8,81.4,Master,No,No,No,0
STU03741,16,Male,Commerce,8.6,78.4,60.1,62.6,69.3,Bachelor,Yes,No,No,0
STU03742,17,Female,STEM,17.7,80.2,64.1,67.1,69.8,Master,Yes,No,Yes,0
STU03743,22,Female,Humanities,11.2,87.2,77.4,79.5,60.3,Master,Yes,No,Yes,0
STU03744,18,Male,Commerce,12.9,86.6,86.4,72.3,80.5,High School,Yes,No,No,0
STU03745,16,Female,Commerce,9.6,80.7,76.9,64.9,60.3,High School,Yes,No,Yes,0
STU03746,22,Female,Humanities,8.7,91.0,60.2,53.8,66.3,High School,Yes,Yes,No,0
STU03747,18,Male,STEM,7.8,87.7,71.8,62.5,72.3,Bachelor,No,Yes,No,1
STU03748,22,Non-binary,Humanities,4.4,83.1,76.4,61.9,69.8,High School,Yes,No,No,0
STU03749,22,Male,STEM,13.4,73.8,72.9,74.9,73.3,High School,Yes,Yes,No,0
STU03750,22,Female,Humanities,12.3,72.1,76.3,62.0,65.1,Bachelor,Yes,Yes,No,0
STU03751,19,Male,Humanities,5.1,90.5,67.4,57.3,58.0,High School,Yes,Yes,Yes,1
STU03752,21,Female,Commerce,14.8,65.8,69.7,66.2,74.5,Bachelor,Yes,Yes,No,0
STU03753,22,Female,STEM,18.4,84.2,73.7,81.8,74.6,High School,Yes,Yes,No,0
STU03754,17,Female,STEM,10.0,82.3,79.7,74.3,65.0,High School,Yes,No,No,0
STU03755,15,Male,Humanities,9.5,77.0,78.8,62.7,65.7,High School,Yes,No,No,0
STU03756,17,Male,STEM,16.8,85.9,73.9,80.7,80.0,High School,Yes,Yes,Yes,0
STU03757,20,Male,STEM,14.8,86.6,85.7,79.4,82.0,Bachelor,Yes,No,No,0
STU03758,19,Female,Humanities,9.2,82.4,57.4,67.3,49.6,High School,No,Yes,No,0
STU03759,15,Male,Humanities,16.7,91.2,78.9,73.7,79.9,Bachelor,Yes,No,No,0
STU03760,19,Female,STEM,14.2,87.6,64.4,74.3,71.1,Bachelor,Yes,No,No,0
STU03761,16,Male,Humanities,19.4,83.9,69.7,84.6,70.4,High School,Yes,No,No,0
STU03762,19,Female,Arts,12.9,75.8,60.7,67.1,54.2,Master,Yes,No,No,0
STU03763,19,Female,Humanities,14.9,82.6,70.8,90.0,82.2,Master,Yes,No,No,0
STU03764,20,Male,STEM,16.7,100.0,88.7,87.2,91.8,High School,Yes,Yes,No,0
STU03765,18,Female,STEM,0.8,70.9,63.4,68.5,65.1,Master,Yes,Yes,No,0
STU03766,18,Male,STEM,18.1,97.0,77.1,99.8,72.4,High School,Yes,No,No,0
STU03767,20,Female,Humanities,10.7,67.4,69.1,54.5,54.4,Bachelor,Yes,No,No,1
STU03768,20,Male,Commerce,15.2,76.6,55.7,76.0,62.8,High School,Yes,No,No,0
STU03769,21,Female,STEM,18.5,82.6,85.8,88.1,88.5,Bachelor,No,No,Yes,0
STU03770,17,Female,STEM,10.4,88.9,75.25,62.2,63.2,Bachelor,Yes,Yes,No,0
STU03771,18,Female,STEM,11.0,82.4,67.2,62.1,59.1,Master,Yes,No,No,0
STU03772,17,Female,STEM,10.8,91.9,75.5,63.7,66.7,Master,No,No,No,0
STU03773,19,Male,Arts,5.3,76.3,73.2,55.3,61.5,High School,Yes,Yes,No,1
STU03774,16,Female,STEM,22.9,86.5,86.6,100.0,90.0,Bachelor,Yes,No,No,0
STU03775,18,Female,STEM,12.8,79.7,74.6,76.5,79.4,High School,Yes,No,No,0
STU03776,16,Male,Humanities,20.4,100.0,99.9,81.5,94.8,High School,Yes,No,No,0
STU03777,19,Female,STEM,11.5,72.8,92.8,71.0,78.2,High School,Yes,No,No,0
STU03778,21,Male,STEM,12.0,77.9,75.25,55.4,55.1,Master,Yes,Yes,No,0
STU03779,22,Male,Humanities,17.2,76.5,76.7,88.0,68.4,Bachelor,Yes,No,No,0
STU03780,18,Female,STEM,6.8,86.2,70.5,64.6,54.2,High School,Yes,Yes,Yes,0
STU03781,15,Male,STEM,12.5,73.1,67.3,73.1,66.0,Master,Yes,No,No,0
STU03782,16,Female,Commerce,15.9,98.3,85.3,80.9,74.2,Bachelor,Yes,Yes,No,0
STU03783,15,Female,Humanities,10.0,81.7,86.2,82.4,76.1,High School,No,No,No,0
STU03784,21,Female,STEM,10.8,84.8,49.9,56.2,59.4,High School,Yes,No,No,1
STU03785,22,Male,Arts,16.8,87.9,78.2,81.0,75.5,Bachelor,Yes,Yes,No,0
STU03786,19,Male,STEM,18.1,84.6,95.1,89.9,87.8,Bachelor,Yes,Yes,No,0
STU03787,16,Male,Arts,20.0,88.6,86.4,76.6,72.3,High School,Yes,No,Yes,0
STU03788,15,Non-binary,Arts,8.8,81.2,76.6,63.4,52.5,Bachelor,Yes,Yes,No,0
STU03789,22,Female,Humanities,10.4,85.4,58.6,60.4,53.2,High School,Yes,No,No,0
STU03790,17,Male,STEM,9.7,74.4,78.7,73.7,71.5,Bachelor,Yes,Yes,No,0
STU03791,15,Male,Commerce,15.0,75.4,85.9,91.3,88.8,High School,Yes,Yes,No,0
STU03792,16,Male,Humanities,6.4,86.0,73.7,66.1,72.9,High School,Yes,Yes,No,0
STU03793,17,Male,STEM,6.7,79.6,64.0,60.5,55.5,High School,Yes,Yes,No,0
STU03794,20,Non-binary,Humanities,8.6,64.4,73.0,69.8,67.0,Bachelor,Yes,Yes,No,0
STU03795,22,Female,Humanities,8.8,76.8,61.1,60.9,46.9,High School,Yes,No,No,0
STU03796,17,Male,Arts,17.0,82.4,70.7,75.3,83.1,High School,Yes,No,Yes,0
STU03797,20,Male,Commerce,16.7,84.8,87.2,94.7,83.8,High School,Yes,No,Yes,0
STU03798,15,Male,Arts,9.6,76.7,83.0,71.1,72.2,Master,Yes,Yes,No,0
STU03799,15,Female,Commerce,10.9,71.5,64.5,68.1,46.4,High School,Yes,Yes,Yes,0
STU03800,15,Non-binary,Commerce,0.4,74.2,53.0,44.1,47.7,High School,Yes,Yes,Yes,1
STU03801,22,Female,Humanities,10.9,74.2,63.7,75.7,75.3,High School,Yes,No,Yes,0
STU03802,19,Male,Arts,17.4,89.9,82.8,74.1,76.1,Bachelor,Yes,Yes,Yes,0
STU03803,21,Male,Arts,9.5,83.3,61.8,62.7,58.4,High School,Yes,Yes,Yes,0
STU03804,15,Female,Commerce,6.1,76.4,82.2,76.6,64.5,High School,No,No,No,1
STU03805,15,Male,Commerce,18.0,78.6,75.25,71.2,63.6,Master,Yes,Yes,No,0
STU03806,21,Female,Humanities,12.3,92.4,78.0,75.8,69.6,Bachelor,Yes,No,No,0
STU03807,15,Male,STEM,20.0,80.0,73.2,63.5,58.8,Bachelor,Yes,No,No,0
STU03808,16,Male,Arts,26.0,84.7,92.0,86.3,86.9,High School,Yes,No,Yes,0
STU03809,19,Female,STEM,9.3,80.8,79.4,70.2,73.8,Master,No,Yes,Yes,0
STU03810,19,Male,STEM,18.6,84.1,63.7,93.4,70.6,Master,Yes,No,No,0
STU03811,16,Female,Humanities,2.3,81.5,60.9,56.1,55.6,Bachelor,No,Yes,No,1
STU03812,18,Male,Humanities,4.1,85.9,68.4,61.6,58.1,Bachelor,Yes,Yes,No,0
STU03813,20,Male,Humanities,8.2,87.1,68.1,73.8,67.2,Master,Yes,Yes,No,0
STU03814,18,Female,STEM,15.5,100.0,90.3,74.0,83.8,Master,Yes,Yes,No,0
STU03815,18,Male,STEM,13.0,68.9,66.9,45.1,57.1,High School,Yes,No,No,1
STU03816,15,Male,STEM,12.2,85.9,83.2,89.7,81.5,Master,Yes,No,Yes,0
STU03817,18,Male,STEM,7.2,75.7,74.9,71.5,66.7,Bachelor,Yes,No,No,0
STU03818,21,Male,STEM,11.2,97.7,75.25,68.3,75.1,Bachelor,Yes,Yes,No,0
STU03819,20,Male,Commerce,8.9,82.0,80.3,72.1,68.9,High School,Yes,Yes,No,0
STU03820,22,Male,STEM,5.6,64.9,51.1,62.6,52.6,High School,No,Yes,Yes,1
STU03821,16,Female,Humanities,8.5,83.9,72.2,65.8,67.6,Bachelor,Yes,No,No,0
STU03822,15,Female,STEM,12.7,84.4,68.4,70.9,64.9,Bachelor,Yes,Yes,No,0
STU03823,19,Male,Humanities,9.8,87.1,73.4,85.1,73.4,High School,Yes,No,No,0
STU03824,16,Female,Arts,11.8,76.1,68.9,59.0,53.6,Bachelor,Yes,Yes,No,0
STU03825,19,Male,STEM,5.0,83.5,70.7,66.5,48.0,High School,Yes,No,Yes,0
STU03826,22,Female,STEM,15.3,81.3,77.5,66.9,68.2,High School,Yes,No,No,0
STU03827,17,Male,Commerce,12.9,77.0,76.0,85.9,65.2,Bachelor,Yes,Yes,No,0
STU03828,19,Male,STEM,12.0,84.7,77.4,75.4,82.6,High School,Yes,No,No,0
STU03829,20,Female,Commerce,13.7,84.0,82.5,71.7,64.6,High School,Yes,No,No,0
STU03830,16,Female,Arts,17.2,92.7,68.7,62.8,72.3,High School,Yes,No,No,0
STU03831,22,Female,Commerce,6.5,79.7,75.5,63.3,56.2,High School,Yes,No,No,0
STU03832,16,Male,Arts,13.3,87.4,62.1,69.1,63.6,Bachelor,Yes,No,No,0
STU03833,21,Male,Humanities,5.1,69.2,39.1,57.5,37.9,Master,No,No,No,1
STU03834,20,Female,Humanities,11.4,92.9,96.7,72.3,66.8,Bachelor,No,No,No,0
STU03835,16,Male,STEM,9.8,74.8,62.4,57.3,58.1,Bachelor,No,No,No,1
STU03836,20,Female,STEM,9.7,88.2,70.2,63.3,60.1,High School,No,Yes,No,0
STU03837,16,Female,STEM,16.8,88.3,61.4,64.9,69.5,High School,Yes,No,Yes,0
STU03838,19,Female,Humanities,16.7,87.2,75.2,73.1,79.3,Master,Yes,No,Yes,0
STU03839,22,Female,Humanities,17.9,90.7,83.4,74.7,63.7,Bachelor,Yes,No,No,0
STU03840,22,Male,STEM,11.2,64.5,73.0,73.5,70.1,High School,Yes,No,No,0
STU03841,21,Male,Commerce,16.2,79.3,65.5,68.4,57.4,Bachelor,Yes,No,No,0
STU03842,18,Male,STEM,15.3,89.5,74.7,75.5,68.3,Bachelor,Yes,No,No,0
STU03843,19,Male,STEM,10.1,96.5,80.5,74.8,61.1,High School,Yes,Yes,No,0
STU03844,17,Female,STEM,13.5,84.5,79.1,64.4,57.1,High School,Yes,No,Yes,0
STU03845,22,Female,Commerce,12.4,64.7,72.8,76.1,50.2,Bachelor,Yes,No,Yes,0
STU03846,18,Male,Humanities,19.3,84.7,88.7,87.8,76.7,High School,Yes,No,Yes,0
STU03847,21,Male,Commerce,16.6,83.6,77.8,80.0,72.8,High School,Yes,No,No,0
STU03848,17,Male,STEM,8.3,89.2,87.8,72.6,67.5,Bachelor,No,Yes,No,0
STU03849,20,Male,Humanities,10.0,81.5,70.5,65.6,49.6,Master,Yes,Yes,No,0
STU03850,16,Male,Arts,16.1,75.6,83.7,80.8,58.8,High School,Yes,Yes,Yes,0
STU03851,20,Male,STEM,17.8,92.3,89.0,85.4,79.8,High School,Yes,Yes,No,0
STU03852,15,Male,Humanities,13.2,87.1,60.7,57.4,65.0,High School,Yes,Yes,No,0
STU03853,15,Male,STEM,14.8,77.7,80.6,90.2,75.9,High School,Yes,Yes,No,0
STU03854,17,Female,STEM,18.9,90.9,75.8,74.3,85.7,Master,Yes,No,No,0
STU03855,18,Female,Humanities,11.0,77.2,63.1,66.0,59.4,Bachelor,Yes,Yes,No,0
STU03856,20,Male,STEM,12.2,79.7,70.4,79.4,69.2,High School,Yes,Yes,No,0
STU03857,17,Female,Humanities,13.2,78.3,76.7,71.3,66.5,Bachelor,No,No,No,0
STU03858,15,Male,Arts,9.9,80.6,57.5,63.7,52.0,High School,Yes,Yes,Yes,0
STU03859,17,Male,STEM,20.6,95.1,84.6,68.2,74.0,Bachelor,Yes,No,Yes,0
STU03860,18,Female,STEM,11.0,69.3,69.3,52.4,61.7,Master,Yes,No,Yes,1
STU03861,19,Female,Commerce,12.1,92.9,87.9,77.7,80.5,High School,Yes,Yes,Yes,0
STU03862,20,Male,Humanities,21.6,87.7,77.2,85.0,79.5,High School,Yes,No,No,0
STU03863,16,Male,Arts,3.4,77.0,79.4,73.3,74.0,Master,Yes,Yes,Yes,0
STU03864,19,Female,STEM,14.0,83.1,80.6,83.1,75.9,High School,Yes,No,No,0
STU03865,20,Male,Commerce,10.0,73.8,71.4,55.4,60.1,High School,Yes,No,No,0
STU03866,21,Female,Arts,11.8,68.9,84.7,86.2,81.5,High School,Yes,Yes,No,0
STU03867,19,Female,STEM,7.6,73.0,89.0,63.9,59.3,High School,Yes,No,No,0
STU03868,21,Female,Commerce,11.3,68.5,69.4,75.6,72.8,Bachelor,Yes,No,Yes,0
STU03869,16,Male,Commerce,11.9,71.1,65.2,63.8,52.1,High School,Yes,Yes,No,0
STU03870,20,Male,Commerce,10.9,70.5,76.0,92.9,68.4,High School,No,Yes,Yes,0
STU03871,15,Male,STEM,17.0,94.0,67.2,69.2,55.4,High School,Yes,No,No,0
STU03872,15,Female,Humanities,1.3,66.9,50.7,72.1,45.6,Bachelor,Yes,Yes,No,1
STU03873,21,Non-binary,STEM,12.4,81.9,88.4,79.7,82.3,Master,Yes,No,No,0
STU03874,18,Male,Arts,12.2,93.0,83.3,74.0,65.3,Bachelor,Yes,No,Yes,0
STU03875,19,Female,STEM,12.7,91.1,69.0,62.0,61.9,Bachelor,Yes,No,Yes,0
STU03876,19,Female,STEM,11.9,79.6,100.0,100.0,80.3,Bachelor,Yes,Yes,No,0
STU03877,20,Female,Arts,7.3,77.6,56.7,53.7,50.8,High School,No,No,No,1
STU03878,16,Male,STEM,6.0,80.7,76.5,60.9,53.0,High School,Yes,No,No,0
STU03879,16,Female,Humanities,14.0,99.8,72.5,72.1,70.6,High School,Yes,No,No,0
STU03880,15,Female,STEM,6.5,82.8,88.9,73.7,79.6,High School,No,No,No,1
STU03881,21,Male,Commerce,14.8,90.6,73.7,69.0,64.8,Master,Yes,No,Yes,0
STU03882,16,Male,STEM,7.6,98.2,72.5,73.6,68.9,High School,Yes,Yes,No,0
STU03883,19,Male,Humanities,14.9,87.5,60.3,69.7,65.5,Master,Yes,Yes,Yes,0
STU03884,18,Male,Humanities,12.8,91.5,98.6,83.6,76.6,High School,Yes,No,No,0
STU03885,16,Female,STEM,13.1,88.3,71.1,75.9,70.3,High School,Yes,No,Yes,0
STU03886,18,Male,STEM,11.9,85.7,80.6,67.6,64.9,High School,Yes,No,No,0
STU03887,15,Female,STEM,11.2,73.9,72.7,65.4,64.7,High School,Yes,No,No,0
STU03888,16,Female,Commerce,12.0,73.0,67.5,68.4,60.9,High School,Yes,No,No,0
STU03889,16,Non-binary,STEM,18.3,80.7,57.2,78.3,56.1,Bachelor,Yes,No,No,0
STU03890,21,Female,STEM,6.1,86.4,69.3,60.9,46.8,High School,Yes,No,No,0
STU03891,19,Female,STEM,10.1,87.8,72.2,66.1,49.1,Bachelor,Yes,No,No,0
STU03892,22,Male,Humanities,17.8,95.3,85.5,66.2,70.6,Master,Yes,No,No,0
STU03893,18,Female,Commerce,16.7,84.0,100.0,82.8,85.8,High School,Yes,No,No,0
STU03894,16,Female,Humanities,19.0,89.5,88.4,72.5,70.6,Master,Yes,No,No,0
STU03895,19,Male,Arts,12.7,86.7,85.2,66.1,67.4,High School,Yes,No,No,0
STU03896,22,Male,Commerce,7.1,80.9,68.1,66.4,55.5,High School,Yes,No,Yes,0
STU03897,19,Male,Commerce,8.0,77.6,57.9,86.4,57.0,High School,Yes,No,No,0
STU03898,15,Female,Commerce,11.7,72.0,69.8,70.8,77.8,Bachelor,Yes,No,Yes,0
STU03899,17,Male,STEM,16.4,82.8,71.2,77.7,63.8,Bachelor,Yes,No,No,0
STU03900,22,Male,Arts,11.9,81.1,74.3,65.4,54.6,Bachelor,Yes,No,No,0
STU03901,19,Female,Commerce,11.5,90.9,71.7,61.5,57.6,Master,Yes,No,No,0
STU03902,22,Female,Humanities,14.8,95.1,63.2,86.2,71.8,High School,Yes,No,Yes,0
STU03903,19,Female,STEM,13.1,83.7,88.9,73.0,67.8,Bachelor,Yes,No,No,0
STU03904,15,Male,STEM,11.0,100.0,76.8,55.7,67.3,Bachelor,Yes,No,Yes,0
STU03905,21,Female,Commerce,8.5,82.4,69.1,67.4,56.5,High School,Yes,No,No,0
STU03906,21,Male,Humanities,17.3,94.6,70.7,72.4,66.4,High School,Yes,No,Yes,0
STU03907,20,Non-binary,Commerce,17.7,83.8,75.0,83.0,68.1,High School,Yes,No,No,0
STU03908,22,Female,Humanities,6.2,72.3,59.9,71.3,56.3,High School,No,No,Yes,1
STU03909,16,Male,Humanities,12.3,78.2,61.7,68.0,65.1,Bachelor,Yes,No,No,0
STU03910,22,Female,STEM,16.0,95.6,82.7,81.6,82.1,High School,Yes,No,No,0
STU03911,16,Female,STEM,4.7,76.6,63.7,64.1,65.9,High School,No,Yes,No,1
STU03912,22,Male,STEM,13.4,80.9,83.3,98.9,68.4,Bachelor,Yes,Yes,Yes,0
STU03913,16,Female,Commerce,11.5,81.7,71.0,87.8,62.5,Bachelor,Yes,No,No,0
STU03914,19,Male,Humanities,7.5,78.9,72.1,63.2,53.7,Master,Yes,No,Yes,0
STU03915,21,Male,Arts,17.8,94.2,82.9,89.5,79.4,Bachelor,No,Yes,No,0
STU03916,15,Female,Commerce,11.5,98.9,82.2,88.9,69.3,Bachelor,Yes,No,Yes,0
STU03917,15,Female,Commerce,15.4,83.6,69.5,78.8,64.1,High School,Yes,No,No,0
STU03918,21,Female,Humanities,6.8,84.0,80.6,68.2,69.6,Bachelor,Yes,Yes,No,0
STU03919,15,Male,Commerce,20.0,93.4,71.7,75.3,80.3,High School,Yes,No,No,0
STU03920,19,Male,Arts,18.6,85.8,81.3,82.8,80.5,High School,No,Yes,No,0
STU03921,22,Female,Commerce,3.0,72.9,54.2,43.6,47.7,Master,No,Yes,Yes,1
STU03922,19,Male,STEM,12.3,78.9,73.4,78.7,62.9,Bachelor,Yes,No,No,0
STU03923,18,Male,Commerce,19.0,88.4,90.6,97.8,83.8,Bachelor,Yes,No,No,0
STU03924,18,Male,STEM,9.7,84.1,79.3,68.2,73.9,High School,Yes,Yes,No,0
STU03925,20,Female,STEM,14.8,68.9,84.8,75.8,74.0,Bachelor,Yes,No,No,0
STU03926,19,Female,Commerce,5.4,77.5,66.1,52.2,59.9,High School,Yes,No,Yes,1
STU03927,19,Female,Commerce,9.5,75.0,80.7,75.5,73.3,High School,Yes,No,No,0
STU03928,16,Female,STEM,13.2,89.6,70.7,71.2,64.8,High School,Yes,Yes,No,0
STU03929,20,Female,STEM,7.1,74.2,65.1,50.6,57.5,High School,No,Yes,No,1
STU03930,20,Female,Arts,11.4,78.0,75.0,94.6,69.5,High School,Yes,No,No,0
STU03931,20,Female,STEM,6.2,75.4,77.7,52.6,61.4,Bachelor,Yes,No,No,1
STU03932,15,Female,STEM,15.9,90.1,74.3,64.4,76.2,High School,Yes,No,No,0
STU03933,20,Female,Commerce,5.8,87.0,78.4,74.2,77.0,Bachelor,Yes,Yes,No,0
STU03934,20,Male,Commerce,19.9,91.5,85.4,90.6,85.2,Master,Yes,No,Yes,0
STU03935,16,Male,Humanities,9.9,89.9,78.6,65.5,68.9,High School,Yes,No,No,0
STU03936,21,Female,Humanities,15.4,93.4,71.6,67.9,77.9,Bachelor,Yes,Yes,No,0
STU03937,19,Male,STEM,15.0,68.9,70.6,76.9,59.5,High School,Yes,Yes,No,0
STU03938,18,Female,STEM,8.6,85.2,72.3,70.0,74.2,Master,Yes,No,No,0
STU03939,20,Male,Commerce,10.4,78.3,76.4,65.2,64.3,High School,Yes,No,No,0
STU03940,19,Male,Commerce,9.7,70.9,62.8,71.9,60.4,High School,Yes,Yes,No,0
STU03941,19,Male,STEM,10.0,78.5,59.9,67.5,55.8,High School,Yes,Yes,No,0
STU03942,17,Male,STEM,7.2,85.7,50.9,66.5,47.7,Master,Yes,No,No,1
STU03943,22,Male,STEM,15.4,97.2,88.4,81.3,88.4,High School,Yes,No,Yes,0
STU03944,22,Male,STEM,8.7,71.8,79.8,77.0,68.6,High School,Yes,Yes,Yes,0
STU03945,16,Female,STEM,12.3,88.6,55.9,60.8,55.8,High School,Yes,Yes,Yes,0
STU03946,20,Female,STEM,16.3,99.7,82.9,84.6,80.8,Bachelor,Yes,Yes,No,0
STU03947,15,Male,Commerce,15.6,98.3,77.6,79.9,72.4,High School,Yes,No,No,0
STU03948,17,Female,STEM,10.2,55.6,80.1,79.0,52.0,High School,Yes,No,Yes,0
STU03949,22,Male,Commerce,17.7,100.0,81.2,85.2,77.5,High School,Yes,No,No,0
STU03950,16,Male,Humanities,16.0,91.5,85.6,72.1,61.9,High School,Yes,No,No,0
STU03951,18,Female,Commerce,9.8,62.6,64.9,60.0,56.6,Bachelor,Yes,No,No,0
STU03952,16,Female,Arts,10.7,75.3,65.7,67.0,71.3,Bachelor,Yes,No,No,0
STU03953,20,Male,Humanities,16.3,94.0,88.6,86.5,75.0,High School,Yes,Yes,No,0
STU03954,18,Female,STEM,15.3,86.4,89.3,88.6,83.8,High School,Yes,Yes,No,0
STU03955,19,Male,Commerce,4.2,73.9,75.25,58.6,46.4,High School,No,No,No,1
STU03956,22,Male,STEM,7.3,80.4,75.25,64.6,63.7,Bachelor,Yes,Yes,No,0
STU03957,19,Female,STEM,16.1,88.2,69.7,81.4,64.9,Bachelor,Yes,No,No,0
STU03958,20,Male,STEM,5.7,74.5,45.3,45.2,49.2,Master,No,No,No,1
STU03959,15,Male,Arts,15.4,84.5,78.2,87.2,83.6,Master,Yes,Yes,Yes,0
STU03960,16,Male,STEM,21.7,93.5,89.9,100.0,87.9,High School,Yes,No,No,0
STU03961,22,Female,Humanities,14.7,77.6,60.9,68.5,65.4,High School,Yes,No,No,0
STU03962,21,Male,Humanities,8.8,71.7,50.5,52.2,53.3,Master,Yes,No,Yes,1
STU03963,20,Male,Commerce,12.6,77.2,69.5,64.6,60.2,High School,Yes,Yes,No,0
STU03964,18,Female,STEM,15.7,78.6,70.8,65.4,73.6,High School,No,No,Yes,0
STU03965,16,Male,Arts,13.4,77.8,88.9,72.4,67.0,High School,Yes,No,No,0
STU03966,21,Male,Commerce,15.2,69.6,74.8,73.9,55.1,Bachelor,Yes,No,No,0
STU03967,21,Female,Humanities,9.4,82.7,80.6,67.1,59.1,Bachelor,Yes,No,No,0
STU03968,16,Male,Humanities,9.7,87.9,76.7,57.3,66.9,Master,Yes,No,No,0
STU03969,19,Male,Commerce,15.9,77.3,92.6,80.3,72.6,High School,Yes,Yes,No,0
STU03970,19,Male,Commerce,9.8,75.8,63.1,64.9,59.1,High School,Yes,No,No,0
STU03971,18,Female,Humanities,0.2,77.2,64.3,51.4,48.6,High School,Yes,Yes,Yes,1
STU03972,22,Male,STEM,11.6,74.5,57.4,56.4,56.1,Bachelor,Yes,No,No,0
STU03973,15,Non-binary,STEM,11.2,91.5,84.6,56.3,73.8,High School,No,Yes,Yes,1
STU03974,17,Male,STEM,16.6,77.0,88.5,92.2,88.6,Master,Yes,Yes,No,0
STU03975,15,Female,STEM,20.4,83.6,90.4,87.8,73.6,Bachelor,Yes,No,Yes,0
STU03976,20,Female,STEM,13.4,78.5,74.1,75.7,73.9,Bachelor,Yes,No,Yes,0
STU03977,20,Male,STEM,16.0,91.9,65.3,73.4,69.4,Bachelor,Yes,No,No,0
STU03978,22,Female,Arts,13.5,80.8,75.0,77.6,60.1,High School,Yes,No,No,0
STU03979,19,Female,Commerce,12.6,98.2,72.3,73.3,73.1,Bachelor,No,No,No,0
STU03980,16,Female,Commerce,12.2,84.9,85.1,77.5,84.8,High School,Yes,No,No,0
STU03981,18,Male,Commerce,14.7,92.5,75.1,81.1,67.5,Bachelor,Yes,No,No,0
STU03982,15,Female,Commerce,9.7,78.4,68.0,74.1,61.6,Bachelor,Yes,No,No,0
STU03983,20,Male,STEM,21.9,78.9,100.0,100.0,75.5,Bachelor,Yes,No,No,0
STU03984,20,Male,Commerce,1.0,76.8,73.6,52.6,52.9,High School,Yes,Yes,No,1
STU03985,21,Non-binary,STEM,14.4,77.6,86.6,72.1,74.4,Master,Yes,Yes,No,0
STU03986,17,Male,Humanities,13.2,66.6,67.4,57.0,71.1,Master,Yes,Yes,No,1
STU03987,17,Female,Arts,14.7,91.3,68.1,68.0,59.9,Bachelor,Yes,No,No,0
STU03988,15,Male,Arts,7.7,80.3,82.1,68.8,71.9,Master,Yes,No,No,0
STU03989,18,Female,STEM,4.2,72.9,82.1,72.5,65.2,Bachelor,Yes,Yes,No,0
STU03990,18,Non-binary,Commerce,12.5,85.2,63.3,66.3,77.8,High School,No,Yes,No,0
STU03991,21,Female,STEM,17.8,85.0,74.9,83.7,74.7,High School,Yes,Yes,No,0
STU03992,21,Male,STEM,14.0,94.2,70.1,69.2,67.3,High School,Yes,No,No,0
STU03993,16,Male,STEM,13.4,86.1,81.8,71.9,76.0,Bachelor,No,Yes,No,0
STU03994,17,Female,STEM,8.9,79.3,83.0,65.7,68.3,Bachelor,No,No,No,0
STU03995,19,Male,Commerce,14.5,88.7,74.7,80.1,78.0,High School,Yes,No,No,0
STU03996,17,Female,Humanities,18.5,84.6,76.8,76.9,76.2,High School,Yes,No,No,0
STU03997,15,Female,STEM,12.3,85.3,55.9,43.5,42.4,Bachelor,Yes,No,Yes,0
STU03998,21,Female,Arts,18.3,94.6,73.0,83.1,78.6,Bachelor,Yes,No,No,0
STU03999,20,Female,Humanities,5.6,71.8,83.1,61.1,63.9,Master,Yes,No,Yes,0
STU04000,19,Male,Humanities,10.2,74.3,76.9,72.4,59.6,High School,Yes,No,No,0
STU04001,17,Male,Humanities,15.5,80.2,86.5,71.9,73.3,High School,Yes,No,No,0
STU04002,21,Female,Humanities,21.6,84.1,79.1,84.5,63.8,High School,Yes,No,No,0
STU04003,15,Male,Humanities,13.1,91.7,75.3,50.3,64.4,High School,Yes,No,No,0
STU04004,18,Male,Commerce,7.1,68.5,68.6,63.4,61.6,Bachelor,Yes,Yes,No,1
STU04005,21,Male,Arts,21.5,88.0,86.7,80.7,85.3,High School,Yes,No,Yes,0
STU04006,22,Female,STEM,12.4,77.8,88.2,68.2,73.6,Bachelor,Yes,No,No,0
STU04007,17,Male,Humanities,16.0,97.4,74.7,82.3,68.4,High School,Yes,No,No,0
STU04008,20,Female,STEM,10.3,88.3,73.8,68.6,55.3,High School,Yes,Yes,No,0
STU04009,16,Male,Arts,13.6,84.6,68.9,69.0,71.7,Bachelor,Yes,No,No,0
STU04010,15,Male,STEM,10.5,89.1,55.8,55.9,59.4,High School,Yes,No,No,0
STU04011,17,Male,STEM,21.2,77.6,90.2,96.1,85.5,High School,No,No,Yes,0
STU04012,22,Female,Arts,18.4,100.0,100.0,86.8,97.0,High School,Yes,No,Yes,0
STU04013,20,Female,Humanities,17.8,77.9,86.1,95.2,67.6,High School,No,Yes,No,0
STU04014,18,Male,STEM,8.3,90.4,76.4,78.3,81.3,Bachelor,Yes,Yes,No,0
STU04015,17,Female,STEM,4.8,83.2,75.25,81.5,66.1,High School,Yes,No,No,0
STU04016,16,Female,Humanities,10.5,85.4,79.3,80.0,75.9,Bachelor,Yes,Yes,Yes,0
STU04017,17,Male,Arts,24.3,97.3,95.7,89.9,87.2,Bachelor,Yes,No,No,0
STU04018,16,Male,Humanities,10.4,89.3,76.9,71.5,65.2,Bachelor,Yes,Yes,No,0
STU04019,16,Female,STEM,17.7,85.4,83.0,80.2,64.3,High School,Yes,No,No,0
STU04020,20,Female,Humanities,6.4,76.1,68.2,69.4,55.0,Bachelor,No,No,No,1
STU04021,16,Non-binary,Humanities,7.3,80.9,79.6,68.8,67.6,Master,No,No,No,1
STU04022,15,Female,STEM,10.6,80.5,62.7,62.9,61.6,High School,No,No,No,0
STU04023,19,Female,Arts,22.5,89.6,88.8,100.0,92.5,Bachelor,Yes,No,No,0
STU04024,17,Female,STEM,16.0,92.0,71.7,72.2,64.7,High School,No,No,No,0
STU04025,18,Female,Arts,2.6,81.5,73.0,55.7,61.4,High School,Yes,Yes,No,1
STU04026,16,Non-binary,Commerce,14.8,84.7,100.0,83.1,79.7,Bachelor,Yes,Yes,No,0
STU04027,16,Female,STEM,6.6,74.3,76.3,75.2,68.0,High School,Yes,Yes,No,0
STU04028,18,Female,Commerce,9.9,83.7,85.6,75.9,73.7,High School,Yes,No,No,0
STU04029,20,Male,Commerce,15.3,71.9,84.3,83.4,69.0,High School,Yes,No,Yes,0
STU04030,18,Female,Commerce,18.1,78.4,55.6,71.8,64.7,High School,Yes,Yes,No,0
STU04031,19,Female,Humanities,17.1,89.1,79.1,61.9,71.9,Bachelor,No,No,No,0
STU04032,19,Non-binary,STEM,13.3,91.7,82.6,68.2,75.7,High School,Yes,Yes,Yes,0
STU04033,17,Male,STEM,13.4,82.5,55.3,62.4,69.0,Bachelor,Yes,Yes,No,0
STU04034,17,Female,Commerce,17.9,86.3,77.6,82.1,69.7,Master,Yes,Yes,No,0
STU04035,18,Female,STEM,5.9,84.2,70.2,55.2,49.2,High School,Yes,No,Yes,1
STU04036,15,Female,STEM,20.0,93.1,71.2,70.9,80.3,High School,Yes,Yes,Yes,0
STU04037,20,Female,Humanities,9.7,79.4,63.0,61.5,49.1,High School,Yes,No,No,0
STU04038,19,Male,STEM,14.2,75.1,88.5,91.1,83.2,Master,Yes,No,No,0
STU04039,17,Male,Commerce,10.8,86.6,39.3,37.3,39.3,High School,Yes,No,Yes,1
STU04040,17,Male,Commerce,6.6,97.2,77.0,45.7,55.1,High School,Yes,Yes,Yes,1
STU04041,17,Male,Commerce,15.1,76.0,87.7,72.1,77.0,Master,Yes,No,No,0
STU04042,20,Female,STEM,14.1,81.9,76.3,62.6,54.9,High School,Yes,No,No,0
STU04043,21,Male,Humanities,12.5,79.1,88.9,75.5,64.6,High School,Yes,No,No,0
STU04044,15,Male,Commerce,11.1,100.0,74.1,58.5,53.6,Master,Yes,Yes,No,0
STU04045,18,Female,Humanities,18.7,79.3,70.4,74.8,73.5,Master,Yes,Yes,Yes,0
STU04046,15,Male,Commerce,21.7,87.1,83.3,85.3,78.8,High School,Yes,Yes,Yes,0
STU04047,18,Female,Humanities,15.4,82.6,73.9,88.1,72.9,High School,No,Yes,Yes,0
STU04048,16,Male,STEM,14.2,73.0,69.0,77.4,65.2,High School,Yes,No,No,0
STU04049,17,Male,STEM,4.4,70.1,64.9,48.8,50.2,High School,Yes,Yes,Yes,1
STU04050,18,Female,Commerce,15.8,88.3,71.4,59.2,61.4,High School,Yes,No,No,0
STU04051,17,Male,STEM,16.0,89.5,71.3,78.7,77.6,High School,Yes,No,No,0
STU04052,18,Female,Arts,16.5,81.5,67.1,69.2,53.1,Bachelor,Yes,No,Yes,0
STU04053,21,Male,Humanities,5.9,90.5,76.5,60.1,51.9,Bachelor,No,No,No,1
STU04054,21,Female,STEM,16.8,66.2,65.2,82.3,75.4,Master,Yes,No,No,0
STU04055,15,Female,Commerce,18.8,75.0,66.2,61.4,64.5,Bachelor,Yes,Yes,No,0
STU04056,18,Female,Humanities,8.6,73.9,60.0,58.5,40.5,High School,Yes,No,No,0
STU04057,21,Male,STEM,16.1,83.8,75.25,84.0,76.4,High School,Yes,No,No,0
STU04058,19,Female,Arts,9.3,77.2,78.7,61.2,50.9,Bachelor,Yes,No,No,0
STU04059,16,Male,Commerce,12.5,80.6,82.6,86.3,82.1,High School,Yes,No,No,0
STU04060,19,Female,Humanities,8.7,86.4,75.7,60.5,68.9,High School,Yes,No,Yes,0
STU04061,16,Female,Commerce,11.4,93.4,82.5,74.1,86.0,Bachelor,Yes,No,No,0
STU04062,15,Female,Humanities,10.3,87.7,74.5,64.3,62.2,High School,Yes,Yes,No,0
STU04063,20,Female,Humanities,13.7,83.2,75.25,54.6,55.7,High School,Yes,Yes,No,0
STU04064,19,Male,STEM,15.8,83.1,82.5,76.1,68.3,Bachelor,Yes,Yes,No,0
STU04065,21,Female,STEM,18.5,93.7,75.2,85.5,72.6,Master,Yes,No,No,0
STU04066,17,Male,Humanities,8.9,95.7,65.0,55.8,62.5,Bachelor,Yes,Yes,No,0
STU04067,21,Male,Humanities,13.4,89.7,91.3,75.8,61.9,High School,Yes,Yes,Yes,0
STU04068,18,Male,Commerce,8.1,76.3,72.1,62.2,59.6,Bachelor,Yes,No,No,0
STU04069,20,Male,Humanities,11.3,85.8,85.9,80.4,65.6,High School,Yes,Yes,Yes,0
STU04070,15,Male,Humanities,12.0,86.6,65.1,64.6,58.6,High School,Yes,Yes,No,0
STU04071,15,Male,Commerce,7.6,75.6,66.3,63.4,67.5,Bachelor,Yes,Yes,No,0
STU04072,21,Male,Arts,14.3,92.0,65.2,70.4,73.2,Bachelor,Yes,Yes,Yes,0
STU04073,21,Male,STEM,11.1,83.7,81.2,69.6,72.6,Bachelor,Yes,Yes,No,0
STU04074,22,Male,Arts,12.5,91.5,71.4,84.4,75.7,High School,Yes,Yes,No,0
STU04075,17,Female,Commerce,17.3,78.6,72.7,68.5,64.9,Master,Yes,Yes,Yes,0
STU04076,15,Male,STEM,11.1,67.7,90.8,83.7,71.1,High School,Yes,No,No,0
STU04077,22,Female,STEM,16.8,81.0,85.1,92.0,66.7,High School,Yes,No,No,0
STU04078,19,Male,STEM,19.5,87.6,88.4,85.1,70.7,High School,Yes,No,Yes,0
STU04079,16,Non-binary,Commerce,19.2,70.8,66.0,76.3,67.3,High School,Yes,No,No,0
STU04080,21,Male,Humanities,12.2,79.2,56.0,67.9,51.3,High School,Yes,No,Yes,0
STU04081,22,Male,Humanities,8.6,92.7,84.6,69.6,73.9,Bachelor,Yes,No,Yes,0
STU04082,17,Male,Commerce,9.8,85.3,51.7,43.9,50.3,Master,Yes,No,No,1
STU04083,21,Male,STEM,2.7,80.9,62.8,54.2,50.5,High School,No,Yes,Yes,1
STU04084,21,Female,Humanities,14.9,74.9,67.5,84.9,63.9,Bachelor,Yes,Yes,No,0
STU04085,19,Female,Arts,15.2,93.4,70.7,78.1,74.1,Master,Yes,Yes,No,0
STU04086,20,Female,Arts,13.5,81.3,71.6,72.7,71.0,High School,Yes,No,Yes,0
STU04087,17,Female,Commerce,6.8,80.4,60.2,65.6,51.1,Bachelor,Yes,No,No,0
STU04088,22,Non-binary,STEM,10.2,84.4,62.1,63.0,55.8,Master,Yes,Yes,No,0
STU04089,22,Male,STEM,18.0,86.1,83.0,82.4,74.5,Bachelor,Yes,Yes,No,0
STU04090,22,Male,STEM,15.7,95.6,91.5,80.0,80.7,Bachelor,Yes,No,No,0
STU04091,20,Female,Humanities,16.5,88.6,62.5,75.1,69.4,Master,Yes,No,No,0
STU04092,15,Male,STEM,26.7,93.3,90.5,90.8,85.7,Bachelor,Yes,Yes,Yes,0
STU04093,17,Female,Arts,14.5,84.4,82.9,75.7,76.7,High School,Yes,No,Yes,0
STU04094,18,Male,Commerce,3.3,81.5,72.9,68.5,59.4,High School,Yes,No,No,0
STU04095,22,Non-binary,Humanities,8.0,80.5,69.5,63.5,50.2,Bachelor,Yes,No,Yes,0
STU04096,19,Female,STEM,14.4,84.6,71.4,77.5,78.2,High School,Yes,No,No,0
STU04097,19,Female,Humanities,13.1,79.8,83.0,81.9,78.8,High School,Yes,No,No,0
STU04098,16,Female,Humanities,11.0,77.6,76.7,71.0,55.7,High School,Yes,Yes,No,0
STU04099,21,Female,Commerce,12.3,76.8,55.2,60.6,57.5,Bachelor,Yes,No,Yes,0
STU04100,17,Female,STEM,7.5,77.8,68.5,53.5,65.0,Bachelor,No,No,No,1
STU04101,15,Female,Commerce,14.7,80.5,77.3,67.2,64.7,High School,Yes,No,No,0
STU04102,22,Female,STEM,19.3,100.0,73.5,84.2,82.4,High School,Yes,No,Yes,0
STU04103,16,Female,STEM,20.8,93.9,81.8,89.4,88.3,High School,Yes,No,No,0
STU04104,15,Female,Arts,19.5,86.3,86.5,77.5,78.1,High School,Yes,Yes,Yes,0
STU04105,15,Male,STEM,7.5,76.6,62.2,64.4,72.1,Bachelor,Yes,Yes,No,0
STU04106,18,Female,STEM,12.3,87.3,79.2,76.6,75.2,High School,Yes,No,No,0
STU04107,15,Male,Commerce,10.4,98.8,67.6,74.3,68.2,High School,Yes,Yes,Yes,0
STU04108,21,Female,Humanities,13.7,91.1,66.0,87.1,69.8,High School,No,No,Yes,0
STU04109,19,Female,STEM,12.6,68.5,78.7,78.9,66.9,High School,Yes,No,No,0
STU04110,17,Female,STEM,10.8,88.4,87.3,70.6,66.5,Master,Yes,Yes,No,0
STU04111,15,Male,STEM,18.3,93.2,70.4,82.8,66.0,High School,Yes,Yes,No,0
STU04112,18,Female,Humanities,13.4,100.0,89.6,71.7,68.8,High School,Yes,No,No,0
STU04113,16,Male,STEM,12.4,80.2,74.8,90.1,70.7,High School,Yes,Yes,No,0
STU04114,22,Female,Commerce,13.7,83.9,54.6,54.8,62.1,Bachelor,Yes,Yes,No,1
STU04115,17,Non-binary,Arts,16.0,89.4,65.3,75.5,70.4,High School,Yes,No,Yes,0
STU04116,18,Female,STEM,14.9,77.2,82.2,78.4,72.3,Bachelor,Yes,Yes,No,0
STU04117,15,Female,STEM,20.0,80.8,64.5,72.7,82.2,Bachelor,Yes,No,Yes,0
STU04118,16,Male,STEM,7.2,83.0,65.5,58.6,69.2,Master,Yes,No,No,1
STU04119,16,Female,STEM,14.5,72.8,74.1,85.2,63.2,Bachelor,Yes,No,Yes,0
STU04120,15,Female,STEM,12.5,71.7,77.6,78.2,72.3,Bachelor,Yes,No,No,0
STU04121,20,Male,Commerce,10.4,89.8,77.4,70.1,59.1,Bachelor,Yes,Yes,Yes,0
STU04122,22,Female,STEM,16.4,90.0,95.8,100.0,86.8,High School,Yes,No,Yes,0
STU04123,22,Female,Humanities,18.8,95.1,74.9,78.4,64.8,Bachelor,Yes,No,No,0
STU04124,17,Female,Commerce,8.3,84.0,73.7,73.2,60.8,Bachelor,No,No,No,0
STU04125,21,Female,Commerce,17.4,84.5,84.2,71.3,76.6,High School,No,Yes,No,0
STU04126,19,Male,STEM,5.4,89.3,78.8,56.1,57.8,Bachelor,Yes,Yes,No,1
STU04127,15,Male,STEM,14.5,79.7,86.9,85.7,67.4,High School,Yes,Yes,No,0
STU04128,15,Male,Arts,7.8,82.4,66.5,66.0,54.3,Bachelor,Yes,Yes,No,0
STU04129,19,Female,STEM,8.9,82.1,79.3,87.6,64.3,High School,Yes,Yes,Yes,0
STU04130,18,Male,Commerce,13.3,86.2,67.7,64.5,66.4,High School,Yes,No,No,0
STU04131,15,Male,Commerce,10.0,80.6,72.5,74.0,73.5,High School,Yes,Yes,No,0
STU04132,22,Female,Humanities,0.0,66.7,67.7,53.5,48.3,High School,Yes,Yes,Yes,1
STU04133,20,Male,STEM,15.8,83.6,75.25,88.8,84.9,High School,Yes,No,Yes,0
STU04134,19,Male,STEM,16.5,83.8,84.5,87.3,72.5,High School,Yes,No,No,0
STU04135,22,Male,Humanities,11.1,82.5,75.4,70.9,65.2,Bachelor,Yes,Yes,No,0
STU04136,22,Female,Humanities,10.7,77.8,72.3,63.4,74.1,High School,Yes,Yes,No,0
STU04137,22,Female,Commerce,11.3,87.7,75.25,71.3,67.7,Master,Yes,No,Yes,0
STU04138,17,Male,Commerce,5.3,66.1,88.4,61.7,68.4,Bachelor,Yes,No,No,1
STU04139,22,Male,Arts,2.8,81.2,76.5,65.4,55.2,High School,No,No,No,1
STU04140,19,Female,Arts,16.6,98.4,85.9,59.4,71.4,High School,Yes,No,No,0
STU04141,20,Female,Commerce,17.8,81.8,65.7,69.5,59.8,High School,Yes,No,Yes,0
STU04142,21,Male,STEM,15.7,84.1,69.8,80.9,70.3,High School,Yes,No,No,0
STU04143,16,Female,Humanities,13.5,80.7,72.6,79.6,70.2,High School,Yes,Yes,No,0
STU04144,18,Female,Commerce,16.5,84.2,88.0,69.9,77.8,Bachelor,Yes,No,Yes,0
STU04145,16,Male,Humanities,16.2,75.7,67.4,77.8,62.7,Bachelor,Yes,No,No,0
STU04146,17,Female,STEM,9.5,98.8,83.3,63.8,67.5,High School,Yes,No,Yes,0
STU04147,18,Female,Humanities,12.8,85.4,77.6,71.0,76.4,Bachelor,Yes,Yes,No,0
STU04148,21,Female,STEM,11.7,76.5,77.2,78.7,59.5,High School,Yes,No,No,0
STU04149,21,Male,STEM,11.7,75.6,71.2,62.1,43.6,Bachelor,Yes,No,No,0
STU04150,18,Female,Commerce,16.9,84.7,73.3,88.0,69.2,Master,Yes,Yes,No,0
STU04151,17,Male,Humanities,18.9,69.8,67.8,78.4,71.5,High School,Yes,Yes,Yes,0
STU04152,19,Non-binary,Humanities,1.2,85.6,73.8,63.2,59.4,Bachelor,Yes,Yes,No,0
STU04153,22,Male,Humanities,11.9,77.8,73.3,79.7,60.7,Bachelor,Yes,No,No,0
STU04154,22,Male,Humanities,10.4,86.4,64.0,72.4,63.9,High School,Yes,Yes,Yes,0
STU04155,16,Male,STEM,18.2,88.3,83.3,88.9,75.9,High School,Yes,No,No,0
STU04156,16,Female,Humanities,6.5,89.2,100.0,71.9,61.7,Bachelor,Yes,No,Yes,0
STU04157,20,Male,STEM,0.0,82.5,64.1,45.0,46.8,High School,Yes,No,Yes,1
STU04158,17,Male,Commerce,16.7,90.1,96.9,84.7,86.1,High School,Yes,No,No,0
STU04159,16,Male,STEM,17.3,94.5,55.9,73.0,64.3,Bachelor,Yes,No,Yes,0
STU04160,15,Female,Arts,5.0,78.2,66.2,50.0,42.4,High School,Yes,No,Yes,1
STU04161,18,Female,Commerce,11.2,100.0,87.9,81.5,88.5,High School,Yes,Yes,Yes,0
STU04162,18,Male,Humanities,16.7,86.9,79.8,82.3,67.4,Master,No,Yes,No,0
STU04163,19,Female,STEM,6.9,81.5,64.7,60.3,59.9,High School,Yes,Yes,Yes,0
STU04164,16,Male,Humanities,13.5,75.9,74.6,73.9,72.3,Bachelor,Yes,No,No,0
STU04165,20,Female,Commerce,14.1,83.3,86.8,80.1,76.7,Bachelor,Yes,Yes,Yes,0
STU04166,20,Male,Commerce,6.6,82.8,92.6,77.5,69.3,High School,Yes,No,No,0
STU04167,18,Male,Commerce,9.3,81.5,83.6,78.8,57.0,Bachelor,Yes,Yes,No,0
STU04168,16,Female,Arts,5.4,93.6,67.6,84.3,75.2,Bachelor,Yes,No,No,0
STU04169,19,Female,Humanities,11.1,78.5,71.3,70.6,55.7,High School,Yes,Yes,No,0
STU04170,20,Male,Commerce,8.2,85.7,70.7,60.7,67.5,Bachelor,Yes,Yes,No,0
STU04171,17,Female,Humanities,13.9,73.9,66.0,54.7,65.7,Master,Yes,No,No,0
STU04172,17,Female,Commerce,15.9,100.0,80.4,67.4,63.7,Master,Yes,No,No,0
STU04173,19,Male,Humanities,19.2,77.7,76.8,74.6,61.9,High School,Yes,No,Yes,0
STU04174,17,Female,Commerce,23.5,100.0,75.6,90.4,78.8,High School,Yes,No,No,0
STU04175,18,Male,STEM,13.9,81.8,84.8,75.3,77.8,Bachelor,Yes,No,No,0
STU04176,17,Female,STEM,10.4,63.4,74.0,73.0,57.8,Master,Yes,Yes,No,0
STU04177,17,Female,STEM,10.1,94.0,69.8,61.7,64.0,Bachelor,Yes,Yes,Yes,0
STU04178,20,Male,Arts,8.7,81.2,73.9,71.5,60.7,High School,Yes,No,No,0
STU04179,18,Female,Humanities,13.8,79.2,66.1,76.9,71.1,Master,Yes,Yes,No,0
STU04180,18,Female,Humanities,10.8,86.6,69.6,65.0,58.7,High School,Yes,No,No,0
STU04181,20,Male,Humanities,15.3,88.8,85.9,84.0,71.3,High School,Yes,No,No,0
STU04182,17,Male,Humanities,7.6,85.3,77.2,64.6,56.2,Bachelor,Yes,Yes,Yes,0
STU04183,15,Male,Arts,10.9,92.6,71.4,59.3,55.7,High School,Yes,No,Yes,0
STU04184,21,Male,Arts,14.9,87.3,81.5,82.5,81.6,Bachelor,Yes,No,Yes,0
STU04185,15,Female,Commerce,11.2,86.8,74.8,74.3,65.2,High School,Yes,Yes,No,0
STU04186,19,Female,Commerce,2.4,73.5,56.0,57.6,43.3,Bachelor,No,No,No,1
STU04187,17,Male,STEM,12.3,88.5,75.5,80.8,59.3,Master,Yes,No,No,0
STU04188,16,Male,STEM,9.4,76.7,76.2,67.6,61.3,High School,Yes,No,No,0
STU04189,15,Male,Humanities,15.1,74.4,78.8,72.1,63.0,Bachelor,No,Yes,No,0
STU04190,22,Female,Commerce,17.4,82.8,62.3,72.1,57.8,Bachelor,Yes,No,No,0
STU04191,18,Female,STEM,1.5,75.1,67.3,59.7,48.5,High School,Yes,Yes,No,1
STU04192,17,Female,Commerce,15.4,91.0,79.8,76.7,73.7,Bachelor,Yes,Yes,No,0
STU04193,20,Male,STEM,14.8,71.6,55.9,67.4,50.6,Bachelor,Yes,No,No,0
STU04194,15,Male,STEM,6.3,90.2,64.5,55.2,55.0,High School,Yes,No,Yes,1
STU04195,19,Female,STEM,17.0,79.3,83.1,72.9,77.4,Master,Yes,No,No,0
STU04196,18,Female,Commerce,7.2,60.1,80.5,61.9,54.5,High School,Yes,No,No,1
STU04197,19,Female,Commerce,17.0,76.6,61.2,74.6,57.1,High School,Yes,Yes,Yes,0
STU04198,15,Female,Humanities,10.1,78.7,82.7,73.0,74.9,High School,Yes,No,No,0
STU04199,22,Male,Commerce,5.0,84.4,51.5,49.7,49.1,Bachelor,Yes,Yes,Yes,1
STU04200,16,Male,Commerce,22.5,87.7,98.1,99.2,86.8,Master,Yes,No,Yes,0
STU04201,20,Female,Humanities,4.8,71.1,64.9,71.1,61.1,High School,Yes,Yes,Yes,0
STU04202,20,Male,Commerce,8.2,74.1,63.3,58.5,54.9,High School,Yes,Yes,No,0
STU04203,17,Non-binary,STEM,10.3,71.7,75.0,61.4,60.9,High School,Yes,No,No,0
STU04204,16,Female,Humanities,9.7,85.0,64.4,72.2,51.8,Bachelor,Yes,Yes,Yes,0
STU04205,17,Female,STEM,16.1,83.1,83.5,80.4,68.0,High School,Yes,No,No,0
STU04206,21,Male,Humanities,13.3,89.5,76.4,72.5,82.3,High School,Yes,No,Yes,0
STU04207,22,Female,Humanities,17.5,70.3,38.5,69.7,48.0,High School,Yes,No,No,0
STU04208,22,Male,STEM,14.7,78.9,68.3,69.8,65.0,High School,Yes,No,No,0
STU04209,16,Male,Humanities,5.5,97.3,75.4,68.2,77.5,Bachelor,Yes,No,Yes,0
STU04210,19,Female,Commerce,15.5,90.7,90.2,83.9,82.9,Bachelor,Yes,No,Yes,0
STU04211,16,Female,Commerce,12.9,80.0,78.6,100.0,78.1,High School,Yes,Yes,No,0
STU04212,20,Male,STEM,10.2,73.3,82.3,72.2,60.5,High School,Yes,No,No,0
STU04213,18,Female,STEM,22.3,95.5,76.8,91.6,76.4,High School,Yes,No,No,0
STU04214,20,Male,Humanities,15.7,97.9,88.6,80.1,75.9,Bachelor,Yes,No,Yes,0
STU04215,20,Male,Commerce,17.2,77.2,85.3,85.9,77.8,High School,Yes,No,Yes,0
STU04216,22,Male,Arts,16.2,77.5,60.9,68.7,71.4,High School,Yes,Yes,Yes,0
STU04217,18,Male,STEM,11.1,83.8,85.8,82.2,73.5,Bachelor,Yes,No,No,0
STU04218,17,Male,Commerce,14.7,86.2,81.3,77.0,68.1,High School,Yes,Yes,No,0
STU04219,19,Male,Humanities,14.4,86.9,75.1,78.7,70.0,Bachelor,Yes,No,No,0
STU04220,16,Female,Arts,10.5,96.1,74.0,63.8,69.5,High School,Yes,No,No,0
STU04221,15,Female,STEM,5.5,73.3,57.9,50.7,52.3,High School,No,No,Yes,1
STU04222,19,Female,Humanities,11.9,82.3,81.3,59.6,62.9,Bachelor,Yes,Yes,No,0
STU04223,21,Female,Humanities,15.6,89.4,82.4,82.2,67.2,High School,Yes,No,No,0
STU04224,19,Female,STEM,9.9,88.7,80.8,67.1,74.6,High School,No,Yes,Yes,0
STU04225,21,Female,STEM,11.0,76.4,73.8,87.9,67.5,Bachelor,Yes,Yes,No,0
STU04226,16,Female,STEM,11.9,77.1,75.9,68.5,66.4,High School,Yes,Yes,No,0
STU04227,18,Female,Humanities,11.7,80.2,71.5,80.0,62.6,Master,Yes,No,Yes,0
STU04228,19,Female,Commerce,18.0,98.3,93.9,96.2,80.8,High School,No,No,No,0
STU04229,17,Male,Commerce,14.2,77.2,81.7,75.4,73.2,Master,Yes,No,Yes,0
STU04230,15,Male,STEM,9.6,80.3,74.6,63.2,53.3,Bachelor,Yes,Yes,Yes,0
STU04231,15,Male,Arts,3.7,84.5,68.0,58.6,48.6,High School,Yes,Yes,No,1
STU04232,22,Male,Humanities,12.1,73.3,55.5,72.4,69.6,Bachelor,Yes,No,No,0
STU04233,19,Male,Arts,7.2,83.9,52.0,74.6,64.1,Bachelor,No,Yes,Yes,1
STU04234,17,Male,STEM,10.2,66.0,66.5,56.3,58.1,High School,Yes,No,No,1
STU04235,17,Female,Commerce,17.2,87.9,92.9,85.8,72.3,High School,Yes,No,Yes,0
STU04236,15,Non-binary,Arts,13.4,83.0,69.3,66.1,65.5,Master,Yes,No,No,0
STU04237,22,Female,Commerce,5.4,80.3,63.1,56.4,54.1,Bachelor,Yes,No,No,1
STU04238,15,Male,Commerce,15.8,76.8,67.0,86.2,66.1,Master,Yes,No,No,0
STU04239,21,Male,Humanities,5.9,81.1,57.4,51.2,51.1,Bachelor,Yes,No,No,1
STU04240,16,Female,Commerce,12.9,82.1,66.6,56.3,49.7,Bachelor,No,Yes,No,1
STU04241,17,Male,Humanities,10.9,93.9,79.6,74.4,55.9,Bachelor,Yes,No,Yes,0
STU04242,17,Female,Humanities,13.4,87.7,72.4,75.4,70.7,Bachelor,Yes,No,No,0
STU04243,21,Female,Arts,11.7,72.3,67.3,64.8,61.1,Master,Yes,Yes,Yes,0
STU04244,15,Female,STEM,12.3,75.5,67.6,63.5,62.3,Bachelor,Yes,No,No,0
STU04245,17,Female,Humanities,13.9,77.9,77.9,76.6,74.3,High School,Yes,No,No,0
STU04246,17,Female,Arts,10.2,82.6,77.7,60.4,66.6,Bachelor,No,Yes,No,0
STU04247,17,Male,STEM,20.2,84.3,63.0,78.9,79.9,High School,Yes,Yes,No,0
STU04248,16,Male,STEM,14.0,81.5,68.8,68.6,72.8,Master,Yes,No,No,0
STU04249,22,Female,STEM,12.9,100.0,78.8,85.7,76.2,Bachelor,Yes,Yes,No,0
STU04250,18,Male,Commerce,8.6,76.4,75.6,72.1,64.7,Bachelor,Yes,Yes,No,0
STU04251,18,Female,Arts,12.7,93.4,79.3,73.4,72.4,High School,No,No,No,0
STU04252,18,Female,STEM,8.4,81.2,80.4,68.6,54.4,Bachelor,Yes,No,Yes,0
STU04253,22,Male,Commerce,16.2,68.5,61.1,54.8,63.0,High School,No,No,Yes,1
STU04254,17,Male,Humanities,5.1,80.4,75.25,62.8,63.7,Bachelor,Yes,Yes,No,0
STU04255,17,Female,Commerce,8.0,91.2,94.6,74.7,61.4,Bachelor,Yes,Yes,Yes,0
STU04256,17,Female,Commerce,3.7,83.3,69.6,60.8,68.5,High School,No,No,No,1
STU04257,17,Male,Arts,11.7,83.9,76.1,70.6,63.6,High School,No,Yes,No,0
STU04258,15,Male,STEM,11.1,81.8,79.5,84.4,70.2,Bachelor,Yes,No,No,0
STU04259,19,Female,STEM,16.1,79.9,72.2,73.0,66.6,High School,Yes,No,No,0
STU04260,15,Female,Humanities,7.4,87.1,63.2,54.8,55.3,Master,Yes,Yes,No,1
STU04261,16,Female,Humanities,15.4,80.1,77.8,63.6,82.9,Master,Yes,No,No,0
STU04262,16,Male,Humanities,13.6,79.6,59.2,63.0,57.6,Bachelor,No,No,Yes,0
STU04263,17,Male,STEM,14.0,86.2,81.4,68.7,67.0,High School,Yes,No,No,0
STU04264,21,Male,STEM,13.1,80.1,81.1,65.5,66.7,High School,Yes,No,No,0
STU04265,19,Female,Arts,12.4,92.4,61.6,63.9,56.4,Master,Yes,Yes,No,0
STU04266,22,Male,STEM,8.9,84.3,74.9,77.6,69.1,Master,Yes,No,No,0
STU04267,17,Male,Humanities,12.3,74.1,68.3,72.2,55.3,High School,Yes,No,No,0
STU04268,22,Female,Commerce,15.4,74.4,90.7,72.5,75.0,Bachelor,Yes,No,No,0
STU04269,15,Male,STEM,8.1,75.7,83.8,71.9,58.6,High School,No,Yes,No,0
STU04270,19,Female,STEM,15.0,100.0,89.7,85.3,75.9,High School,Yes,No,No,0
STU04271,21,Female,Humanities,18.0,84.8,92.3,91.0,73.9,Master,No,No,Yes,0
STU04272,19,Male,Humanities,9.7,89.0,71.2,80.5,64.4,Master,Yes,Yes,Yes,0
STU04273,22,Female,STEM,9.1,70.2,72.9,58.5,45.5,Master,Yes,Yes,No,0
STU04274,17,Non-binary,Commerce,10.3,72.6,69.2,60.4,41.4,High School,Yes,Yes,No,0
STU04275,15,Male,STEM,13.2,83.0,66.2,64.0,60.0,High School,Yes,No,Yes,0
STU04276,21,Female,STEM,14.6,96.8,81.1,72.1,64.4,Master,Yes,Yes,No,0
STU04277,15,Female,STEM,12.9,74.1,75.25,50.3,70.4,Bachelor,Yes,No,Yes,0
STU04278,21,Male,STEM,12.3,81.1,79.7,82.4,72.9,High School,Yes,Yes,No,0
STU04279,20,Female,Humanities,13.7,90.0,77.5,60.7,71.3,Bachelor,Yes,Yes,No,0
STU04280,21,Male,Arts,15.3,96.2,81.2,78.4,76.9,High School,Yes,Yes,No,0
STU04281,18,Female,STEM,11.6,85.3,84.3,92.3,68.4,Bachelor,Yes,Yes,No,0
STU04282,22,Female,Humanities,16.4,89.4,74.1,83.6,70.4,Master,Yes,Yes,No,0
STU04283,16,Male,Humanities,10.9,74.3,59.7,54.0,59.6,High School,Yes,Yes,No,0
STU04284,18,Female,Commerce,10.1,70.6,77.9,72.1,67.6,High School,Yes,No,No,0
STU04285,15,Male,Commerce,17.1,75.1,85.9,75.3,78.0,Bachelor,Yes,No,No,0
STU04286,21,Male,STEM,12.7,75.3,77.7,72.1,65.4,Bachelor,Yes,No,No,0
STU04287,20,Female,Commerce,12.9,84.2,64.8,50.7,62.0,High School,Yes,Yes,No,0
STU04288,21,Male,STEM,17.4,76.7,76.6,75.1,65.3,High School,Yes,No,Yes,0
STU04289,21,Male,Commerce,12.4,84.2,78.7,68.5,74.3,High School,Yes,Yes,No,0
STU04290,17,Male,STEM,10.3,80.7,62.8,55.2,63.6,High School,No,No,Yes,1
STU04291,15,Female,Commerce,10.6,76.9,65.2,79.3,54.4,Bachelor,Yes,No,No,0
STU04292,22,Female,Commerce,17.8,91.7,80.1,68.1,73.6,Bachelor,Yes,No,No,0
STU04293,18,Male,Commerce,11.5,76.1,85.2,66.4,58.8,High School,Yes,No,Yes,0
STU04294,15,Male,STEM,9.6,92.4,77.8,83.3,77.4,Bachelor,No,Yes,No,0
STU04295,22,Male,Commerce,13.1,89.1,71.7,70.9,59.3,Bachelor,Yes,Yes,No,0
STU04296,22,Male,Commerce,14.3,75.1,73.2,72.3,68.1,Bachelor,Yes,No,No,0
STU04297,18,Male,Humanities,16.4,95.6,74.7,71.7,76.4,Bachelor,Yes,Yes,Yes,0
STU04298,21,Female,STEM,11.5,74.9,69.0,68.7,62.5,High School,Yes,Yes,Yes,0
STU04299,15,Male,STEM,18.0,95.0,89.6,81.7,85.4,High School,Yes,Yes,No,0
STU04300,15,Female,STEM,11.9,82.4,56.3,57.5,59.1,High School,Yes,No,No,0
STU04301,17,Female,Commerce,14.7,70.6,87.7,69.4,79.6,High School,Yes,No,No,0
STU04302,20,Male,Humanities,11.0,71.2,93.8,79.6,64.0,High School,Yes,Yes,No,0
STU04303,16,Male,Commerce,21.2,82.9,83.8,81.3,74.0,High School,Yes,Yes,No,0
STU04304,15,Female,Commerce,11.4,90.7,68.2,64.5,50.2,Bachelor,Yes,No,Yes,0
STU04305,20,Male,Commerce,10.6,82.4,85.2,80.3,68.9,High School,Yes,Yes,No,0
STU04306,21,Male,Commerce,12.3,82.6,78.2,69.7,58.7,Master,Yes,Yes,Yes,0
STU04307,20,Male,Commerce,11.8,82.2,69.7,68.5,54.1,Bachelor,Yes,No,No,0
STU04308,21,Male,Humanities,14.4,67.1,63.8,72.1,53.7,High School,Yes,No,No,0
STU04309,21,Female,STEM,17.3,91.0,76.9,81.7,71.1,Bachelor,Yes,Yes,No,0
STU04310,19,Male,Commerce,13.7,93.5,80.8,72.1,73.2,High School,Yes,No,No,0
STU04311,19,Female,Arts,13.8,91.1,87.3,70.7,75.9,Master,Yes,No,Yes,0
STU04312,21,Female,Humanities,12.0,78.6,77.1,71.8,73.4,Master,Yes,No,No,0
STU04313,17,Female,Arts,9.5,73.8,75.9,75.9,71.7,Bachelor,Yes,Yes,No,0
STU04314,15,Female,Arts,12.2,73.4,70.0,65.2,53.4,Bachelor,Yes,Yes,No,0
STU04315,21,Male,Humanities,13.0,73.4,82.4,76.0,63.5,High School,Yes,No,No,0
STU04316,17,Female,Commerce,17.1,100.0,80.8,75.2,76.7,Bachelor,Yes,Yes,Yes,0
STU04317,22,Male,Commerce,7.5,81.3,89.9,70.4,69.6,Master,Yes,Yes,Yes,0
STU04318,18,Female,STEM,18.3,94.1,75.9,69.1,81.1,High School,Yes,Yes,Yes,0
STU04319,21,Female,STEM,11.1,88.4,79.7,74.8,67.6,Master,Yes,Yes,No,0
STU04320,15,Non-binary,Humanities,11.7,83.0,96.9,82.1,81.5,Bachelor,No,No,No,0
STU04321,20,Male,Commerce,7.0,72.3,79.6,79.8,64.8,High School,Yes,Yes,No,0
STU04322,18,Male,STEM,15.5,89.7,86.8,81.5,78.7,Master,Yes,No,Yes,0
STU04323,18,Male,Commerce,7.5,71.3,72.3,59.6,60.3,Bachelor,Yes,Yes,No,1
STU04324,17,Female,Commerce,14.7,88.0,78.9,87.8,74.8,Master,Yes,No,No,0
STU04325,22,Male,Commerce,14.2,74.7,73.3,76.0,60.0,High School,Yes,No,No,0
STU04326,18,Male,STEM,10.3,77.7,67.2,67.6,63.1,Bachelor,Yes,Yes,No,0
STU04327,21,Female,Humanities,3.7,76.8,52.3,72.1,53.0,Bachelor,Yes,No,Yes,1
STU04328,18,Male,STEM,22.7,100.0,93.4,92.7,87.9,High School,Yes,No,Yes,0
STU04329,15,Male,STEM,7.1,60.3,51.2,48.4,26.2,Bachelor,Yes,Yes,No,1
STU04330,22,Male,STEM,14.2,100.0,87.2,78.6,75.6,Bachelor,Yes,No,No,0
STU04331,16,Male,STEM,9.7,74.5,68.6,64.2,64.3,High School,Yes,No,No,0
STU04332,17,Male,STEM,15.7,82.7,68.4,75.3,60.6,Bachelor,No,No,No,0
STU04333,21,Female,Humanities,10.1,84.5,88.2,84.2,81.1,High School,Yes,Yes,No,0
STU04334,22,Non-binary,Humanities,8.4,83.0,58.1,67.5,54.2,Bachelor,Yes,Yes,No,0
STU04335,22,Female,STEM,14.5,89.9,72.0,76.9,67.7,Master,Yes,Yes,No,0
STU04336,18,Female,Arts,6.1,86.2,65.8,47.0,55.6,High School,Yes,Yes,Yes,1
STU04337,21,Female,Humanities,9.9,97.4,78.3,67.1,61.6,Bachelor,Yes,Yes,No,0
STU04338,17,Male,Arts,16.1,89.7,73.7,60.7,72.7,High School,Yes,No,No,0
STU04339,20,Non-binary,Commerce,18.6,84.0,95.0,96.3,92.3,High School,Yes,Yes,No,0
STU04340,19,Male,STEM,5.5,76.7,55.3,54.4,43.3,Master,No,Yes,Yes,1
STU04341,15,Male,Arts,9.0,76.0,100.0,78.2,71.9,High School,Yes,Yes,No,0
STU04342,18,Non-binary,Arts,12.6,94.6,75.25,72.1,77.8,High School,No,No,Yes,0
STU04343,18,Male,Commerce,4.0,92.4,100.0,83.9,83.3,High School,Yes,No,No,0
STU04344,17,Female,Humanities,19.1,93.2,93.8,88.5,71.6,Bachelor,Yes,No,No,0
STU04345,17,Male,Humanities,8.5,55.1,65.4,62.3,61.7,Bachelor,Yes,No,No,0
STU04346,19,Female,Humanities,9.8,65.0,71.9,68.6,36.1,High School,Yes,Yes,Yes,0
STU04347,15,Female,Commerce,13.0,82.4,72.1,72.8,70.8,High School,Yes,Yes,No,0
STU04348,16,Female,Humanities,13.2,81.2,79.2,73.5,62.7,High School,Yes,No,No,0
STU04349,21,Female,STEM,7.5,80.1,63.9,71.5,63.6,High School,Yes,Yes,No,0
STU04350,17,Male,STEM,19.5,95.4,90.7,96.7,86.8,High School,Yes,Yes,No,0
STU04351,19,Non-binary,STEM,0.0,88.2,69.2,56.3,56.2,Bachelor,No,No,Yes,1
STU04352,19,Female,STEM,6.8,83.1,61.5,53.4,58.6,Bachelor,Yes,Yes,Yes,1
STU04353,19,Male,Humanities,8.9,68.4,74.0,70.1,57.9,High School,Yes,Yes,No,0
STU04354,18,Female,Arts,8.7,70.7,73.7,62.4,55.1,Bachelor,Yes,No,No,0
STU04355,18,Female,STEM,17.3,86.9,72.9,87.7,80.7,Bachelor,Yes,Yes,Yes,0
STU04356,21,Female,STEM,4.3,83.9,65.4,71.2,59.9,High School,Yes,Yes,Yes,0
STU04357,22,Female,STEM,16.8,76.4,82.5,85.8,70.2,High School,No,Yes,Yes,0
STU04358,17,Female,Humanities,10.5,86.6,85.8,65.3,66.7,Bachelor,Yes,Yes,No,0
STU04359,20,Female,Commerce,6.9,65.7,66.2,58.1,52.0,High School,Yes,No,No,1
STU04360,22,Female,Humanities,1.5,56.0,70.8,56.3,47.7,Bachelor,No,No,No,1
STU04361,15,Female,Arts,12.0,77.0,85.6,69.4,71.0,Bachelor,Yes,No,Yes,0
STU04362,21,Male,Arts,9.8,92.0,88.6,72.7,65.6,Master,Yes,No,No,0
STU04363,18,Female,Commerce,14.1,95.1,83.7,79.5,85.7,High School,Yes,No,No,0
STU04364,22,Female,Commerce,11.0,68.8,62.4,68.8,60.2,High School,Yes,No,No,0
STU04365,19,Male,Humanities,17.3,74.2,86.2,92.6,64.3,Master,Yes,No,Yes,0
STU04366,21,Female,Humanities,12.4,88.3,74.8,71.6,69.7,High School,Yes,No,No,0
STU04367,16,Male,Humanities,11.1,80.1,79.0,69.8,59.7,High School,Yes,No,Yes,0
STU04368,16,Female,Commerce,17.4,95.4,75.7,67.3,70.5,Bachelor,Yes,No,No,0
STU04369,22,Male,STEM,14.0,88.9,72.1,75.1,67.9,High School,Yes,No,No,0
STU04370,19,Male,STEM,16.5,91.4,73.5,72.1,75.0,Bachelor,Yes,No,No,0
STU04371,19,Male,STEM,17.0,77.7,64.6,70.6,69.3,Master,Yes,Yes,No,0
STU04372,16,Male,Commerce,9.7,84.5,68.0,61.2,62.1,Bachelor,No,No,No,0
STU04373,16,Female,Commerce,13.2,100.0,69.6,66.0,80.6,High School,Yes,No,Yes,0
STU04374,21,Female,STEM,16.8,87.3,85.5,87.2,72.6,Master,Yes,No,Yes,0
STU04375,17,Female,Humanities,2.0,79.1,56.3,51.5,58.7,Bachelor,Yes,No,Yes,1
STU04376,19,Male,Humanities,10.5,79.8,66.7,78.5,74.5,High School,No,No,Yes,0
STU04377,17,Female,Commerce,12.0,69.2,72.3,61.2,62.3,Bachelor,Yes,No,No,0
STU04378,17,Female,STEM,13.5,73.9,92.5,90.9,79.8,High School,Yes,Yes,No,0
STU04379,16,Male,STEM,8.2,73.2,63.3,58.0,61.8,High School,Yes,Yes,No,0
STU04380,22,Female,Commerce,16.7,71.0,62.3,70.4,60.1,Bachelor,Yes,Yes,No,0
STU04381,22,Female,Humanities,8.5,68.1,56.2,63.1,50.1,High School,Yes,Yes,No,0
STU04382,15,Male,Commerce,9.7,61.4,60.2,70.4,53.1,High School,Yes,Yes,No,0
STU04383,17,Female,Humanities,10.0,74.8,65.4,73.4,63.6,Bachelor,Yes,No,No,0
STU04384,19,Male,Arts,18.5,92.3,100.0,98.2,83.9,High School,Yes,No,Yes,0
STU04385,18,Male,STEM,2.4,75.1,76.0,59.6,51.8,Bachelor,Yes,Yes,No,1
STU04386,20,Male,Humanities,21.0,83.6,79.0,97.6,72.9,High School,Yes,No,No,0
STU04387,17,Female,Arts,16.4,92.1,99.1,92.0,77.1,Bachelor,No,Yes,Yes,0
STU04388,15,Female,STEM,10.5,94.8,70.6,44.2,54.2,Master,Yes,No,No,0
STU04389,17,Male,Commerce,17.6,100.0,79.1,79.9,72.2,High School,Yes,No,No,0
STU04390,19,Male,STEM,13.6,83.9,71.9,68.9,66.6,Bachelor,Yes,No,No,0
STU04391,16,Male,Humanities,19.2,83.0,90.9,84.2,73.3,High School,Yes,Yes,No,0
STU04392,21,Female,STEM,16.1,80.5,77.1,82.2,75.4,High School,Yes,Yes,No,0
STU04393,15,Female,Humanities,21.7,91.1,99.4,95.7,100.0,High School,Yes,Yes,No,0
STU04394,15,Female,Commerce,6.0,78.0,74.0,72.1,67.3,High School,Yes,No,No,1
STU04395,19,Female,STEM,11.9,82.4,84.2,87.7,66.6,High School,No,No,Yes,0
STU04396,19,Female,STEM,5.2,80.2,51.4,43.2,44.9,Bachelor,Yes,No,Yes,1
STU04397,17,Male,STEM,10.7,73.9,55.3,50.5,43.0,Bachelor,Yes,No,No,0
STU04398,17,Female,STEM,19.9,66.9,61.0,65.3,62.6,Master,No,Yes,No,1
STU04399,15,Male,Humanities,13.1,77.1,70.5,74.4,67.2,Master,No,No,No,0
STU04400,20,Male,Arts,17.4,96.1,66.8,76.8,72.2,High School,Yes,No,No,0
STU04401,18,Female,STEM,14.1,94.2,91.7,75.0,68.6,High School,Yes,Yes,No,0
STU04402,15,Male,Humanities,15.0,90.9,77.3,71.2,65.7,High School,Yes,No,No,0
STU04403,18,Male,Humanities,9.4,76.9,78.1,70.1,71.2,Bachelor,Yes,Yes,No,0
STU04404,22,Female,STEM,6.6,73.2,64.1,52.2,55.6,Master,No,Yes,No,1
STU04405,17,Female,STEM,9.3,93.8,83.9,72.1,66.2,High School,Yes,Yes,No,0
STU04406,22,Male,Commerce,0.7,70.2,44.3,57.9,36.1,High School,Yes,No,Yes,1
STU04407,17,Male,Commerce,12.6,84.6,75.6,71.1,66.7,High School,Yes,No,Yes,0
STU04408,16,Male,Commerce,12.9,95.9,83.8,79.4,73.7,Master,Yes,Yes,No,0
STU04409,17,Non-binary,Humanities,10.2,84.2,80.0,72.8,58.8,High School,Yes,No,Yes,0
STU04410,17,Female,Commerce,12.4,79.8,71.7,81.5,66.0,Bachelor,Yes,No,No,0
STU04411,15,Male,Arts,15.4,94.8,63.3,85.6,67.9,High School,Yes,No,Yes,0
STU04412,19,Male,Arts,17.0,84.8,89.5,80.8,72.4,High School,Yes,No,No,0
STU04413,17,Male,Arts,7.6,81.6,67.7,63.8,56.6,High School,Yes,No,No,0
STU04414,20,Male,STEM,6.2,91.5,69.7,69.7,65.1,Bachelor,No,Yes,No,1
STU04415,18,Male,Arts,16.4,63.6,96.5,88.9,77.2,Bachelor,Yes,No,No,0
STU04416,18,Male,Commerce,15.7,86.5,79.8,70.6,79.1,High School,Yes,No,No,0
STU04417,18,Female,Commerce,17.8,78.5,73.4,62.8,66.8,High School,Yes,Yes,No,0
STU04418,16,Male,Commerce,17.7,82.9,73.7,72.5,74.9,High School,Yes,Yes,No,0
STU04419,20,Female,Arts,23.9,88.3,91.8,94.9,76.4,High School,Yes,No,No,0
STU04420,15,Male,Humanities,9.7,75.6,63.7,60.9,58.4,High School,No,No,No,0
STU04421,20,Male,Commerce,20.1,87.5,87.4,77.7,74.5,High School,Yes,No,No,0
STU04422,22,Male,Commerce,8.9,85.7,84.5,67.9,72.4,Bachelor,Yes,No,Yes,0
STU04423,21,Female,Commerce,22.6,88.4,83.5,100.0,85.8,Bachelor,Yes,Yes,No,0
STU04424,18,Male,Commerce,13.0,83.3,86.0,68.7,80.6,Bachelor,No,No,No,0
STU04425,17,Female,STEM,14.2,82.0,76.0,72.0,61.4,Bachelor,Yes,Yes,No,0
STU04426,21,Female,STEM,17.5,85.7,73.1,72.7,64.7,Master,Yes,No,Yes,0
STU04427,17,Female,Humanities,6.9,80.3,54.2,72.3,59.8,Master,Yes,No,No,1
STU04428,18,Male,Commerce,7.0,72.2,71.9,53.0,54.5,High School,Yes,Yes,No,1
STU04429,21,Female,Commerce,13.5,94.8,81.9,70.1,64.7,High School,Yes,No,Yes,0
STU04430,22,Non-binary,Commerce,14.6,82.4,86.9,80.4,76.6,High School,Yes,No,No,0
STU04431,22,Female,Commerce,22.4,85.5,92.5,92.3,80.3,Master,Yes,No,Yes,0
STU04432,15,Male,Humanities,8.7,83.7,93.6,85.4,77.9,High School,Yes,No,No,0
STU04433,22,Male,STEM,19.9,86.6,76.2,89.0,64.9,High School,Yes,No,Yes,0
STU04434,15,Male,Commerce,10.6,91.3,79.6,66.5,65.3,Bachelor,Yes,Yes,No,0
STU04435,19,Male,Arts,10.5,88.5,68.5,69.6,65.5,Bachelor,Yes,Yes,No,0
STU04436,22,Male,Commerce,12.3,82.9,84.8,75.0,71.9,Bachelor,Yes,No,No,0
STU04437,20,Male,Arts,11.6,89.3,67.1,64.0,67.9,Bachelor,Yes,No,No,0
STU04438,22,Male,Arts,15.2,85.3,87.3,88.8,75.8,Bachelor,Yes,No,No,0
STU04439,17,Female,Humanities,11.2,72.4,65.0,68.3,63.2,Master,Yes,No,No,0
STU04440,17,Female,Commerce,6.7,82.4,79.8,80.7,68.4,High School,Yes,No,No,0
STU04441,17,Male,Humanities,10.6,66.2,82.6,77.3,71.6,Master,Yes,Yes,No,0
STU04442,17,Male,Humanities,13.9,54.7,54.9,72.1,45.2,Bachelor,Yes,Yes,No,1
STU04443,20,Male,STEM,5.5,86.7,57.7,35.0,29.7,High School,Yes,Yes,Yes,1
STU04444,18,Male,STEM,14.4,88.6,80.6,77.5,81.1,Master,Yes,Yes,Yes,0
STU04445,20,Female,STEM,18.3,87.8,82.3,85.3,73.0,Master,Yes,No,No,0
STU04446,18,Male,Commerce,19.7,96.6,81.1,87.1,67.7,Bachelor,Yes,No,No,0
STU04447,17,Male,STEM,11.3,81.5,69.6,72.1,65.9,Master,No,Yes,No,0
STU04448,16,Male,Humanities,4.9,75.8,59.8,62.0,50.5,High School,Yes,No,No,0
STU04449,19,Male,Humanities,14.7,89.6,82.0,68.1,72.9,High School,Yes,Yes,No,0
STU04450,22,Male,Humanities,17.4,78.7,68.7,79.1,72.2,High School,Yes,No,No,0
STU04451,21,Male,Arts,9.9,81.2,76.9,76.9,64.4,Master,Yes,No,Yes,0
STU04452,17,Non-binary,Humanities,11.5,83.8,69.3,63.7,68.9,Bachelor,Yes,Yes,No,0
STU04453,18,Female,STEM,13.2,87.2,72.9,68.8,58.1,Master,No,No,Yes,0
STU04454,20,Male,Arts,19.8,84.8,93.7,95.0,67.0,Bachelor,Yes,Yes,Yes,0
STU04455,19,Male,Commerce,10.6,77.4,82.5,73.6,68.6,Bachelor,Yes,Yes,No,0
STU04456,15,Female,Commerce,17.0,77.3,67.8,82.7,67.3,High School,Yes,No,Yes,0
STU04457,19,Female,Commerce,14.4,78.8,67.4,72.4,51.6,High School,Yes,No,Yes,0
STU04458,15,Male,STEM,13.9,97.4,87.6,62.0,75.6,High School,Yes,No,No,0
STU04459,15,Female,Commerce,19.0,83.0,66.2,75.9,56.8,High School,Yes,No,No,0
STU04460,20,Male,STEM,9.3,82.3,87.6,71.2,68.0,High School,Yes,No,No,0
STU04461,15,Female,Humanities,14.0,71.0,75.5,79.1,72.9,Master,Yes,No,No,0
STU04462,17,Female,STEM,9.9,100.0,71.6,71.3,69.6,Bachelor,No,Yes,No,0
STU04463,19,Male,Commerce,5.0,72.0,67.7,53.2,54.6,High School,Yes,Yes,No,1
STU04464,20,Female,STEM,18.5,75.5,92.1,88.2,75.1,Master,Yes,No,No,0
STU04465,18,Female,STEM,16.7,83.6,57.6,73.4,65.5,Bachelor,Yes,No,No,0
STU04466,15,Male,STEM,12.0,76.9,84.2,79.4,74.0,Bachelor,Yes,Yes,Yes,0
STU04467,21,Male,Commerce,10.6,84.3,86.4,83.2,68.5,High School,Yes,Yes,No,0
STU04468,22,Female,STEM,11.8,69.8,69.0,60.6,50.8,High School,Yes,Yes,No,0
STU04469,22,Male,Humanities,15.0,92.4,78.9,75.6,77.8,High School,Yes,Yes,No,0
STU04470,20,Male,STEM,13.2,92.1,79.5,57.3,79.0,Bachelor,Yes,No,Yes,0
STU04471,18,Male,Commerce,10.0,80.2,80.5,81.5,80.1,Bachelor,Yes,No,No,0
STU04472,22,Female,STEM,10.7,68.2,63.7,66.2,39.6,Master,Yes,No,No,0
STU04473,18,Female,Arts,12.9,75.9,74.2,71.7,74.2,Master,Yes,No,No,0
STU04474,16,Male,STEM,8.8,83.1,71.9,66.0,57.9,High School,Yes,No,Yes,0
STU04475,21,Male,STEM,13.3,74.9,81.2,80.0,82.6,Master,Yes,Yes,Yes,0
STU04476,17,Female,STEM,9.4,72.4,97.7,87.6,67.5,High School,Yes,No,No,0
STU04477,22,Male,STEM,8.7,88.9,66.7,62.3,52.9,High School,Yes,No,No,0
STU04478,17,Female,Humanities,27.4,90.2,89.2,98.6,87.7,Bachelor,Yes,No,No,0
STU04479,21,Male,STEM,21.7,87.4,75.9,86.2,74.1,Master,Yes,No,No,0
STU04480,19,Male,Arts,13.6,88.9,72.9,55.2,60.5,Master,Yes,No,Yes,0
STU04481,18,Non-binary,Humanities,15.6,82.3,67.0,66.6,70.9,Bachelor,Yes,Yes,No,0
STU04482,17,Non-binary,STEM,16.4,83.5,63.4,75.1,75.1,High School,Yes,Yes,No,0
STU04483,21,Female,Humanities,9.5,84.5,85.5,83.8,65.8,High School,No,Yes,No,0
STU04484,15,Male,STEM,13.1,89.0,81.0,86.7,86.1,High School,Yes,Yes,No,0
STU04485,18,Female,STEM,11.8,85.9,76.7,62.7,56.3,Bachelor,Yes,No,No,0
STU04486,17,Male,STEM,17.5,98.2,74.0,85.5,72.0,High School,Yes,Yes,Yes,0
STU04487,19,Male,STEM,17.5,86.7,79.4,88.2,94.1,High School,Yes,Yes,Yes,0
STU04488,17,Female,STEM,20.0,74.8,67.9,80.9,72.2,High School,Yes,No,No,0
STU04489,20,Female,Arts,14.2,91.7,78.6,59.8,62.4,Bachelor,Yes,No,No,0
STU04490,18,Female,Commerce,22.8,86.9,87.6,85.2,82.5,Bachelor,Yes,No,Yes,0
STU04491,16,Female,Arts,11.5,75.6,67.8,69.0,66.8,High School,Yes,Yes,No,0
STU04492,16,Female,STEM,22.2,94.3,77.8,82.5,80.4,High School,Yes,No,Yes,0
STU04493,20,Male,Arts,10.9,84.5,69.8,51.1,67.6,Bachelor,Yes,No,No,0
STU04494,17,Male,Humanities,7.2,69.6,76.9,65.4,54.2,Bachelor,Yes,No,No,1
STU04495,17,Male,STEM,18.9,92.5,84.5,76.4,71.6,High School,No,Yes,Yes,0
STU04496,20,Male,Commerce,16.0,98.8,65.7,76.9,64.3,High School,Yes,No,No,0
STU04497,17,Male,STEM,15.3,86.1,85.7,84.2,70.0,Master,Yes,No,No,0
STU04498,18,Female,Humanities,11.4,79.7,79.5,77.5,69.0,Bachelor,Yes,No,No,0
STU04499,16,Male,Commerce,8.0,66.8,70.6,72.1,49.9,High School,Yes,Yes,No,0
STU04500,17,Male,Commerce,9.6,97.3,93.1,77.6,77.5,Bachelor,Yes,No,No,0
STU04501,20,Male,Humanities,13.6,80.6,76.2,73.6,72.3,Bachelor,Yes,No,Yes,0
STU04502,19,Male,Humanities,11.1,70.3,76.1,78.8,57.5,High School,Yes,Yes,No,0
STU04503,22,Male,STEM,3.1,78.9,72.4,56.7,51.6,High School,Yes,Yes,No,1
STU04504,21,Male,Arts,19.4,93.4,91.9,81.6,76.9,Master,Yes,Yes,No,0
STU04505,15,Male,STEM,9.9,90.9,73.2,76.5,66.5,Bachelor,Yes,Yes,No,0
STU04506,18,Female,STEM,17.4,81.1,72.4,83.3,70.5,High School,Yes,Yes,Yes,0
STU04507,17,Male,STEM,8.6,79.7,75.25,75.0,73.6,Bachelor,Yes,Yes,No,0
STU04508,19,Female,Arts,11.7,81.9,84.0,88.3,80.8,High School,No,No,No,0
STU04509,17,Female,Commerce,17.4,94.2,94.5,100.0,80.2,Bachelor,Yes,No,Yes,0
STU04510,22,Male,Humanities,14.8,88.0,82.6,88.3,81.1,High School,No,No,No,0
STU04511,17,Female,Arts,11.8,84.1,58.9,58.5,67.6,High School,Yes,No,No,0
STU04512,19,Non-binary,STEM,14.1,90.3,80.1,83.2,82.6,High School,Yes,Yes,No,0
STU04513,15,Female,Arts,16.0,74.9,76.8,78.0,70.9,Master,Yes,No,Yes,0
STU04514,22,Male,STEM,12.3,87.5,88.8,74.0,72.1,Bachelor,Yes,No,Yes,0
STU04515,22,Female,Humanities,8.0,84.0,83.1,65.3,55.5,Bachelor,Yes,No,Yes,0
STU04516,21,Non-binary,STEM,9.0,80.2,78.5,72.4,62.9,High School,Yes,Yes,No,0
STU04517,17,Female,Arts,11.3,81.7,53.7,68.1,48.1,Bachelor,Yes,No,Yes,0
STU04518,15,Female,Arts,13.1,83.6,75.25,81.0,76.0,High School,Yes,No,No,0
STU04519,20,Female,Humanities,20.2,81.1,77.3,87.4,73.9,Bachelor,Yes,No,No,0
STU04520,18,Male,STEM,17.1,100.0,79.4,84.1,77.0,High School,Yes,No,No,0
STU04521,22,Non-binary,STEM,8.1,91.1,75.8,66.4,60.6,Bachelor,Yes,Yes,No,0
STU04522,20,Non-binary,Humanities,21.3,94.9,99.7,95.0,78.2,High School,Yes,No,No,0
STU04523,19,Female,STEM,10.6,77.1,80.7,61.0,68.2,High School,No,No,No,0
STU04524,22,Male,STEM,14.0,75.2,65.9,74.6,67.7,Bachelor,No,No,No,0
STU04525,21,Female,Commerce,8.8,78.9,63.7,66.8,65.9,High School,Yes,No,No,0
STU04526,18,Male,Commerce,11.0,84.5,65.7,82.0,54.4,High School,Yes,No,Yes,0
STU04527,15,Male,Arts,17.7,75.0,76.6,78.6,79.6,Master,Yes,No,Yes,0
STU04528,15,Female,Humanities,12.3,83.9,80.4,79.3,67.7,High School,Yes,Yes,No,0
STU04529,18,Male,STEM,13.2,93.2,88.0,75.3,79.7,Bachelor,Yes,No,Yes,0
STU04530,19,Male,Humanities,15.1,65.5,70.0,86.7,49.2,Bachelor,Yes,No,No,0
STU04531,15,Female,STEM,8.4,75.2,70.5,77.6,66.5,Bachelor,Yes,No,Yes,0
STU04532,16,Female,Commerce,5.0,88.7,88.0,79.2,69.9,High School,Yes,No,No,0
STU04533,20,Female,Commerce,17.1,87.3,65.2,73.6,66.1,Bachelor,Yes,No,No,0
STU04534,21,Female,STEM,25.9,83.3,92.1,93.2,84.5,Bachelor,Yes,No,Yes,0
STU04535,15,Female,STEM,15.1,89.3,84.3,76.6,69.5,High School,Yes,No,No,0
STU04536,19,Male,Arts,14.7,80.5,73.8,66.6,55.7,Bachelor,Yes,Yes,Yes,0
STU04537,15,Female,Humanities,9.0,78.8,71.9,71.0,54.3,Master,Yes,No,No,0
STU04538,20,Male,Humanities,16.4,76.9,81.4,77.7,71.5,High School,No,Yes,Yes,0
STU04539,21,Male,Commerce,10.1,81.3,70.5,70.9,72.9,High School,Yes,Yes,No,0
STU04540,21,Male,Humanities,16.2,92.0,74.0,77.5,79.7,Bachelor,No,No,No,0
STU04541,19,Male,STEM,15.7,81.8,70.6,65.4,66.6,High School,Yes,No,Yes,0
STU04542,20,Female,Commerce,14.6,88.3,97.0,93.2,78.6,Bachelor,Yes,Yes,No,0
STU04543,22,Female,Arts,14.5,82.7,72.7,74.4,82.4,High School,Yes,Yes,No,0
STU04544,19,Female,STEM,15.5,92.2,81.9,85.8,81.3,High School,Yes,No,No,0
STU04545,18,Non-binary,STEM,14.3,79.3,84.0,69.2,73.1,Bachelor,Yes,No,No,0
STU04546,21,Non-binary,Commerce,16.2,96.3,79.2,72.3,63.5,Master,Yes,Yes,No,0
STU04547,19,Female,Commerce,9.7,88.4,75.1,66.3,66.7,High School,Yes,No,Yes,0
STU04548,21,Female,Humanities,11.9,85.9,80.9,76.4,61.7,Master,Yes,No,Yes,0
STU04549,19,Male,Humanities,19.6,89.7,74.0,79.0,88.2,High School,Yes,No,Yes,0
STU04550,21,Female,Commerce,10.6,77.7,57.7,73.5,54.3,High School,No,Yes,No,0
STU04551,15,Non-binary,Humanities,11.5,77.5,66.4,75.8,59.7,Bachelor,Yes,No,No,0
STU04552,15,Female,STEM,17.7,88.7,98.1,82.8,76.3,High School,Yes,No,Yes,0
STU04553,15,Female,STEM,15.6,74.0,70.2,97.3,70.3,Bachelor,Yes,Yes,No,0
STU04554,19,Female,Humanities,7.2,75.0,71.2,64.3,63.9,High School,Yes,No,No,0
STU04555,20,Female,Arts,13.1,77.0,61.5,77.4,63.6,High School,No,Yes,Yes,0
STU04556,16,Female,Humanities,12.4,88.8,90.3,77.0,74.4,High School,Yes,Yes,Yes,0
STU04557,16,Male,Humanities,13.0,89.1,74.3,77.7,75.0,Bachelor,No,Yes,Yes,0
STU04558,21,Female,Arts,11.8,94.1,73.0,78.4,59.5,Master,Yes,Yes,Yes,0
STU04559,21,Male,Humanities,15.1,80.7,75.7,63.6,70.7,High School,Yes,No,No,0
STU04560,20,Female,Humanities,4.8,72.3,92.6,85.9,71.4,High School,Yes,No,No,0
STU04561,18,Female,STEM,9.0,68.9,74.3,62.1,54.3,Master,Yes,No,No,0
STU04562,18,Female,Commerce,16.3,88.1,75.25,75.2,72.7,High School,Yes,No,Yes,0
STU04563,15,Female,Commerce,23.6,98.4,58.5,72.4,71.5,Bachelor,Yes,Yes,No,0
STU04564,16,Female,Commerce,14.7,84.6,91.2,77.7,56.6,Bachelor,Yes,No,Yes,0
STU04565,22,Female,STEM,9.9,81.3,66.4,61.6,69.2,Master,Yes,No,No,0
STU04566,17,Male,Humanities,12.4,84.1,67.3,59.4,69.5,High School,Yes,Yes,Yes,0
STU04567,20,Male,STEM,7.0,81.8,63.6,67.4,50.0,High School,No,No,No,1
STU04568,20,Male,Arts,18.6,92.9,97.0,90.0,78.7,High School,Yes,No,No,0
STU04569,17,Female,STEM,13.2,99.9,79.5,74.2,82.2,High School,Yes,No,Yes,0
STU04570,16,Male,Commerce,16.5,88.0,64.5,80.3,73.9,High School,Yes,Yes,No,0
STU04571,20,Male,Commerce,11.1,86.1,73.2,84.3,72.7,Master,Yes,Yes,No,0
STU04572,15,Female,STEM,18.1,82.8,71.5,64.6,69.5,High School,Yes,No,No,0
STU04573,18,Female,Humanities,5.7,78.3,73.1,77.2,66.2,High School,Yes,No,No,0
STU04574,22,Male,STEM,13.1,83.5,72.3,71.8,59.0,High School,Yes,No,Yes,0
STU04575,20,Male,Humanities,15.4,80.6,61.6,58.9,56.0,High School,Yes,No,No,0
STU04576,21,Female,Arts,10.6,84.4,73.7,73.1,73.2,Bachelor,Yes,Yes,Yes,0
STU04577,15,Female,Humanities,14.6,88.2,77.8,75.1,75.4,High School,Yes,No,No,0
STU04578,16,Non-binary,Arts,14.5,85.6,65.2,77.2,69.1,Bachelor,Yes,No,Yes,0
STU04579,17,Female,STEM,15.7,81.4,58.1,69.6,57.9,Bachelor,No,No,No,0
STU04580,17,Male,Humanities,14.6,84.2,80.3,80.0,79.2,High School,Yes,Yes,No,0
STU04581,16,Male,Arts,13.6,75.0,71.9,68.8,57.2,Bachelor,Yes,Yes,No,0
STU04582,22,Male,Arts,15.8,90.1,77.5,69.0,80.2,High School,Yes,Yes,No,0
STU04583,16,Male,STEM,5.7,77.9,76.9,71.8,58.0,High School,Yes,Yes,Yes,0
STU04584,20,Female,Commerce,8.4,71.1,50.6,52.8,43.3,Master,Yes,Yes,No,1
STU04585,19,Male,Arts,5.6,82.8,71.0,66.3,60.8,Master,Yes,Yes,No,0
STU04586,19,Male,Commerce,15.5,87.7,85.5,92.4,80.1,High School,Yes,No,No,0
STU04587,16,Male,Commerce,14.9,78.4,74.6,73.7,68.3,High School,Yes,No,Yes,0
STU04588,17,Female,STEM,18.0,82.4,67.1,80.6,62.0,High School,Yes,Yes,No,0
STU04589,19,Female,STEM,13.4,87.7,70.7,72.1,69.8,Bachelor,Yes,Yes,No,0
STU04590,17,Female,Commerce,10.2,99.0,72.9,66.1,73.5,Bachelor,Yes,No,Yes,0
STU04591,20,Female,Humanities,13.6,80.8,60.2,54.6,56.8,High School,Yes,No,No,0
STU04592,15,Male,STEM,2.6,77.3,70.7,59.4,45.0,Master,No,No,No,1
STU04593,15,Male,STEM,11.2,76.8,73.3,69.0,62.2,Bachelor,Yes,No,No,0
STU04594,20,Male,Humanities,1.2,81.1,60.3,46.5,40.9,High School,Yes,Yes,No,1
STU04595,19,Male,Humanities,14.5,83.1,87.0,63.8,55.6,Master,Yes,No,No,0
STU04596,15,Female,Humanities,11.7,91.8,71.8,56.8,59.0,Bachelor,Yes,No,Yes,0
STU04597,22,Female,Humanities,12.4,80.7,89.9,93.4,88.7,High School,Yes,No,Yes,0
STU04598,15,Female,STEM,6.8,85.4,69.2,63.9,59.8,Bachelor,No,No,Yes,1
STU04599,22,Female,Arts,8.0,80.3,62.1,50.3,51.9,Master,No,No,Yes,1
STU04600,20,Female,Commerce,14.9,68.6,65.0,65.8,65.4,Master,Yes,Yes,No,0
STU04601,22,Female,STEM,5.3,86.0,71.8,63.2,64.6,High School,Yes,Yes,Yes,0
STU04602,22,Female,Humanities,14.1,71.0,63.5,72.7,51.8,Bachelor,Yes,Yes,Yes,0
STU04603,17,Male,Humanities,7.3,78.6,72.2,63.7,73.2,Master,No,No,No,1
STU04604,21,Female,Commerce,5.4,77.9,65.2,76.4,62.1,Master,Yes,No,No,0
STU04605,16,Female,Commerce,17.3,84.3,75.3,94.5,82.8,High School,Yes,Yes,No,0
STU04606,18,Female,Commerce,19.0,85.5,80.6,85.2,72.2,Bachelor,Yes,No,No,0
STU04607,16,Male,Commerce,10.6,83.7,84.4,71.7,55.2,Master,Yes,No,Yes,0
STU04608,18,Male,STEM,9.3,83.7,68.0,68.9,61.6,High School,Yes,Yes,No,0
STU04609,21,Female,STEM,11.9,81.1,76.6,61.9,56.0,High School,Yes,No,No,0
STU04610,18,Female,STEM,8.2,100.0,80.6,78.3,80.0,Bachelor,Yes,Yes,Yes,0
STU04611,15,Male,Humanities,10.1,80.4,61.2,65.0,49.1,Bachelor,Yes,No,Yes,0
STU04612,17,Male,Humanities,15.0,73.6,80.7,68.2,67.1,Bachelor,Yes,No,No,0
STU04613,21,Male,Commerce,21.1,76.8,88.9,83.5,81.8,High School,Yes,Yes,Yes,0
STU04614,19,Male,STEM,11.4,89.0,85.8,80.7,76.4,Bachelor,Yes,No,Yes,0
STU04615,19,Male,Commerce,17.6,73.8,66.3,60.9,58.2,High School,Yes,No,Yes,0
STU04616,18,Male,STEM,13.4,73.0,63.7,61.3,46.3,Bachelor,Yes,Yes,No,0
STU04617,17,Female,Humanities,4.3,67.7,65.6,55.5,41.5,High School,Yes,Yes,No,1
STU04618,19,Male,Commerce,10.9,85.2,73.8,78.0,62.7,High School,No,No,No,0
STU04619,20,Female,STEM,12.3,92.8,77.8,87.3,64.4,Master,Yes,No,No,0
STU04620,22,Male,STEM,19.6,77.9,76.3,83.9,72.9,Bachelor,Yes,No,No,0
STU04621,19,Female,Humanities,18.6,90.3,83.7,57.8,64.5,High School,Yes,Yes,Yes,0
STU04622,22,Female,Commerce,12.7,61.2,45.4,50.5,38.3,High School,No,No,No,1
STU04623,21,Male,STEM,18.5,79.0,85.8,100.0,70.8,Bachelor,Yes,No,No,0
STU04624,15,Male,Arts,11.1,86.4,90.1,79.0,62.4,Master,Yes,Yes,No,0
STU04625,18,Female,Arts,16.8,81.7,73.0,55.5,62.9,High School,Yes,Yes,No,0
STU04626,18,Non-binary,Commerce,13.5,90.6,80.1,94.9,72.2,Master,Yes,No,No,0
STU04627,15,Female,STEM,17.9,66.8,92.9,75.8,73.1,High School,Yes,No,No,0
STU04628,16,Female,Commerce,17.2,78.5,78.5,72.1,72.4,Bachelor,Yes,Yes,No,0
STU04629,21,Male,STEM,16.2,87.5,82.5,70.8,70.2,High School,Yes,No,No,0
STU04630,17,Female,Arts,8.5,83.9,91.3,93.1,80.9,High School,Yes,Yes,No,0
STU04631,16,Female,Humanities,9.1,86.8,94.3,66.1,59.7,Master,No,No,Yes,0
STU04632,17,Male,STEM,15.2,85.1,67.5,67.4,69.7,High School,Yes,Yes,No,0
STU04633,17,Female,STEM,17.0,77.1,73.6,85.2,74.3,Master,Yes,No,Yes,0
STU04634,16,Female,Commerce,13.7,78.5,84.5,73.7,68.6,High School,Yes,No,Yes,0
STU04635,15,Female,Arts,11.6,100.0,83.7,79.3,69.0,High School,Yes,No,No,0
STU04636,21,Male,Humanities,13.9,72.8,81.5,83.6,71.3,Master,Yes,No,No,0
STU04637,21,Female,Humanities,8.5,69.1,43.4,55.3,50.8,Bachelor,No,Yes,No,1
STU04638,18,Female,Commerce,10.6,86.8,55.5,52.7,45.3,High School,Yes,Yes,No,0
STU04639,19,Male,Commerce,20.6,77.4,98.3,85.6,85.2,Bachelor,Yes,Yes,No,0
STU04640,22,Female,Commerce,10.9,95.8,85.0,72.2,83.9,High School,Yes,No,No,0
STU04641,21,Female,Humanities,15.3,100.0,85.0,84.8,78.1,Master,Yes,No,No,0
STU04642,15,Male,Commerce,12.5,80.3,62.6,73.4,72.2,High School,Yes,Yes,No,0
STU04643,22,Male,Arts,5.5,83.6,66.4,62.6,61.5,Bachelor,No,No,Yes,1
STU04644,15,Female,STEM,7.3,65.3,73.5,71.7,62.1,High School,Yes,No,No,1
STU04645,15,Male,Humanities,10.6,89.6,61.8,51.7,52.4,Bachelor,No,No,No,1
STU04646,18,Male,STEM,3.0,62.0,56.8,56.2,45.4,Master,Yes,Yes,Yes,1
STU04647,20,Female,Humanities,21.2,75.4,84.2,85.7,69.8,Bachelor,Yes,No,No,0
STU04648,15,Male,Commerce,11.4,84.7,81.1,78.0,77.0,High School,Yes,No,Yes,0
STU04649,17,Male,STEM,11.0,85.9,69.9,74.6,60.8,High School,Yes,No,No,0
STU04650,17,Male,Humanities,18.5,73.1,87.8,76.5,85.5,High School,Yes,No,No,0
STU04651,18,Male,STEM,11.2,77.3,82.9,73.7,71.1,Master,Yes,Yes,No,0
STU04652,22,Male,Arts,15.9,70.5,57.5,79.0,65.8,High School,Yes,No,No,0
STU04653,17,Non-binary,Commerce,10.4,78.7,89.5,79.1,62.3,Bachelor,Yes,No,No,0
STU04654,16,Male,Humanities,12.0,77.6,85.7,76.0,74.7,High School,Yes,Yes,Yes,0
STU04655,15,Male,Commerce,17.4,79.3,80.6,70.7,68.4,Master,Yes,No,No,0
STU04656,16,Male,STEM,9.1,85.9,72.4,71.9,61.1,Bachelor,Yes,No,No,0
STU04657,16,Male,Commerce,15.4,87.8,86.8,69.9,67.7,Bachelor,Yes,No,Yes,0
STU04658,19,Male,Commerce,0.9,83.5,72.4,57.1,47.3,Master,Yes,Yes,Yes,1
STU04659,18,Female,STEM,18.7,84.0,77.8,76.7,72.6,Master,Yes,No,No,0
STU04660,18,Female,Arts,10.5,89.1,91.5,80.9,73.6,Bachelor,Yes,No,Yes,0
STU04661,21,Male,STEM,11.4,81.4,53.4,56.8,45.8,Bachelor,Yes,Yes,No,1
STU04662,19,Female,Commerce,11.4,79.8,67.5,65.3,65.1,Bachelor,Yes,Yes,Yes,0
STU04663,16,Male,STEM,7.4,84.5,76.6,60.3,76.6,High School,Yes,Yes,No,0
STU04664,18,Male,Commerce,8.3,76.9,75.25,63.9,49.9,High School,Yes,No,No,0
STU04665,17,Male,STEM,14.1,80.3,83.2,79.7,71.2,Bachelor,Yes,Yes,No,0
STU04666,21,Female,STEM,14.4,91.6,65.0,67.3,76.8,Bachelor,Yes,Yes,No,0
STU04667,17,Male,Humanities,7.8,87.9,70.6,62.8,56.1,High School,Yes,Yes,No,0
STU04668,16,Female,Arts,13.4,80.3,87.2,80.3,76.1,High School,No,No,No,0
STU04669,20,Male,STEM,13.5,89.7,62.9,76.2,69.2,Bachelor,No,No,No,0
STU04670,18,Female,Commerce,12.3,71.5,69.8,74.8,67.9,High School,Yes,No,No,0
STU04671,15,Male,Humanities,5.2,82.4,63.4,48.9,64.4,Bachelor,No,No,No,1
STU04672,20,Male,Commerce,11.6,75.8,77.0,78.5,55.1,Bachelor,Yes,Yes,No,0
STU04673,16,Male,STEM,12.6,82.3,79.5,85.6,73.6,High School,No,No,No,0
STU04674,21,Male,Humanities,11.5,87.7,76.9,77.9,66.2,High School,Yes,Yes,No,0
STU04675,21,Female,Arts,9.1,87.1,71.1,47.7,57.3,High School,Yes,Yes,Yes,0
STU04676,17,Female,STEM,12.3,86.2,78.0,77.5,71.2,High School,Yes,Yes,No,0
STU04677,19,Female,Humanities,17.5,85.6,78.3,90.6,74.5,Bachelor,Yes,Yes,No,0
STU04678,19,Non-binary,Arts,8.3,81.1,71.7,62.8,53.1,Bachelor,Yes,Yes,Yes,0
STU04679,20,Male,STEM,11.7,93.5,91.9,100.0,75.0,Master,Yes,No,Yes,0
STU04680,15,Female,Humanities,24.1,75.1,70.6,65.8,82.9,High School,Yes,Yes,No,0
STU04681,17,Female,STEM,11.1,76.3,76.5,72.8,55.9,Bachelor,No,Yes,No,0
STU04682,16,Female,Commerce,7.3,83.2,62.4,66.9,67.7,High School,Yes,No,No,0
STU04683,20,Male,Arts,10.9,93.7,96.3,81.7,70.3,Bachelor,Yes,No,No,0
STU04684,15,Female,Commerce,9.6,78.2,73.3,69.8,64.0,High School,Yes,No,No,0
STU04685,19,Female,Commerce,11.5,79.7,61.5,57.0,71.0,Bachelor,No,Yes,No,1
STU04686,20,Female,Humanities,14.4,72.8,72.5,68.9,69.7,Bachelor,Yes,No,No,0
STU04687,22,Female,STEM,10.1,82.4,57.9,66.8,47.8,High School,Yes,No,No,0
STU04688,17,Female,STEM,21.4,91.9,77.9,66.7,70.1,Master,Yes,No,No,0
STU04689,15,Female,STEM,12.2,96.7,84.6,83.7,75.7,High School,Yes,Yes,Yes,0
STU04690,20,Male,STEM,10.9,81.2,87.7,75.5,77.9,High School,Yes,No,Yes,0
STU04691,15,Male,Commerce,6.3,73.0,79.6,72.2,63.6,Bachelor,Yes,Yes,No,0
STU04692,15,Female,STEM,9.0,81.2,71.6,73.9,63.3,Bachelor,Yes,No,No,0
STU04693,22,Male,STEM,7.4,67.0,74.0,96.3,80.2,High School,Yes,No,No,1
STU04694,21,Male,Humanities,10.9,93.4,84.8,86.3,86.5,High School,Yes,Yes,Yes,0
STU04695,20,Male,STEM,7.8,70.3,91.8,65.3,70.0,High School,Yes,Yes,No,0
STU04696,21,Male,STEM,14.5,87.6,72.1,90.7,69.2,Master,No,No,Yes,0
STU04697,15,Female,STEM,12.3,83.7,89.3,54.9,46.6,Bachelor,Yes,No,No,0
STU04698,15,Male,STEM,16.8,89.2,69.3,71.1,59.4,High School,Yes,No,No,0
STU04699,17,Male,Humanities,15.2,85.5,90.0,83.6,66.0,High School,Yes,No,No,0
STU04700,15,Male,Commerce,14.7,83.2,71.1,70.6,66.1,Master,Yes,Yes,No,0
STU04701,22,Female,Arts,17.0,87.7,73.2,78.9,78.2,Master,Yes,No,No,0
STU04702,15,Female,Commerce,20.0,92.3,80.5,81.9,91.0,High School,No,No,No,0
STU04703,19,Female,Commerce,8.0,96.6,67.5,74.5,74.8,Bachelor,Yes,Yes,Yes,0
STU04704,21,Non-binary,Arts,15.6,76.8,80.9,74.7,64.9,High School,Yes,Yes,Yes,0
STU04705,20,Male,Humanities,14.8,68.5,86.4,79.2,72.6,High School,Yes,No,No,0
STU04706,16,Female,Commerce,16.6,73.7,55.5,82.4,67.2,Master,Yes,Yes,Yes,0
STU04707,18,Male,Humanities,12.3,69.6,70.8,72.1,53.8,Master,Yes,Yes,Yes,0
STU04708,19,Female,STEM,17.1,76.7,66.8,72.5,59.6,High School,Yes,Yes,Yes,0
STU04709,21,Female,STEM,7.2,71.2,78.1,71.8,59.8,Master,Yes,No,Yes,0
STU04710,18,Male,STEM,8.5,77.1,85.5,87.8,86.6,Bachelor,Yes,No,No,0
STU04711,17,Male,Commerce,9.2,87.6,72.4,56.6,63.5,Bachelor,Yes,Yes,No,0
STU04712,21,Male,STEM,12.7,87.3,69.7,61.6,54.0,Bachelor,Yes,No,No,0
STU04713,22,Male,Commerce,13.2,77.6,58.8,61.4,55.2,Bachelor,Yes,No,No,0
STU04714,18,Male,Arts,9.7,78.7,92.1,78.9,75.0,Master,Yes,No,Yes,0
STU04715,15,Male,Humanities,8.5,96.5,88.8,82.1,73.1,High School,Yes,No,No,0
STU04716,19,Female,STEM,8.9,85.4,53.7,52.8,51.0,Bachelor,Yes,Yes,No,1
STU04717,22,Male,Humanities,5.3,80.4,76.2,57.6,64.0,High School,Yes,No,No,1
STU04718,22,Male,STEM,11.7,82.8,63.9,56.1,68.2,Bachelor,Yes,No,No,0
STU04719,18,Female,Arts,12.7,80.0,70.0,62.9,70.7,High School,Yes,No,No,0
STU04720,16,Female,Commerce,15.0,100.0,68.8,67.2,66.2,High School,Yes,No,Yes,0
STU04721,19,Female,Commerce,12.6,80.8,55.2,46.4,51.8,Bachelor,Yes,Yes,No,0
STU04722,21,Female,Humanities,21.1,87.3,82.6,80.9,74.9,High School,Yes,No,No,0
STU04723,22,Male,Commerce,16.7,70.9,95.1,77.8,81.8,High School,Yes,No,No,0
STU04724,15,Female,Commerce,16.3,78.8,68.3,72.4,63.4,High School,Yes,No,No,0
STU04725,17,Male,STEM,13.4,80.2,84.6,91.4,62.1,Bachelor,Yes,Yes,Yes,0
STU04726,18,Female,STEM,14.2,88.9,88.7,67.8,75.2,High School,Yes,Yes,Yes,0
STU04727,15,Female,STEM,10.8,75.3,79.9,80.9,72.4,High School,Yes,Yes,No,0
STU04728,22,Female,Humanities,12.2,82.5,95.3,94.6,76.7,Bachelor,Yes,Yes,No,0
STU04729,15,Female,Arts,20.4,82.9,91.1,96.2,95.9,Master,Yes,Yes,Yes,0
STU04730,20,Non-binary,Commerce,9.5,74.1,89.5,72.1,66.2,Bachelor,No,Yes,Yes,0
STU04731,22,Female,Humanities,5.8,72.1,56.7,67.4,64.5,High School,Yes,Yes,Yes,0
STU04732,20,Female,Arts,14.9,83.9,85.1,84.7,65.8,Master,Yes,Yes,Yes,0
STU04733,21,Female,STEM,16.9,85.0,94.5,95.0,84.2,Bachelor,Yes,No,No,0
STU04734,17,Female,STEM,13.7,83.2,68.9,72.0,60.1,Bachelor,Yes,No,Yes,0
STU04735,21,Male,Arts,3.3,71.4,31.3,34.2,35.1,Bachelor,Yes,Yes,No,1
STU04736,18,Male,Arts,18.8,84.0,67.9,85.5,77.6,High School,Yes,No,No,0
STU04737,15,Female,Commerce,14.0,80.3,68.9,92.3,67.4,Bachelor,Yes,No,No,0
STU04738,17,Male,STEM,10.4,72.9,77.4,68.5,58.7,Bachelor,Yes,Yes,No,0
STU04739,17,Male,Arts,18.3,87.5,75.3,79.2,71.4,High School,Yes,No,Yes,0
STU04740,19,Male,Commerce,2.7,94.3,70.8,60.7,86.0,High School,Yes,Yes,Yes,0
STU04741,17,Male,Commerce,13.5,83.5,70.5,59.8,64.0,High School,Yes,No,Yes,0
STU04742,18,Female,STEM,9.4,69.1,69.0,59.6,58.1,Bachelor,Yes,Yes,No,1
STU04743,18,Male,Humanities,19.7,97.2,83.5,86.7,83.4,High School,Yes,No,No,0
STU04744,17,Male,Commerce,12.9,94.5,72.1,70.9,56.2,Bachelor,Yes,Yes,Yes,0
STU04745,20,Female,Arts,7.9,91.6,82.3,70.9,74.7,Bachelor,Yes,Yes,No,0
STU04746,17,Non-binary,Humanities,18.1,84.4,93.9,87.4,85.3,High School,Yes,No,No,0
STU04747,21,Male,Humanities,0.7,72.6,53.0,48.7,32.9,High School,Yes,Yes,Yes,1
STU04748,17,Female,Commerce,14.1,77.8,77.9,69.4,83.6,High School,Yes,Yes,Yes,0
STU04749,21,Male,Humanities,4.1,87.6,56.1,58.2,53.9,High School,No,Yes,No,1
STU04750,17,Male,Humanities,10.9,94.4,59.4,66.3,54.2,Bachelor,Yes,No,No,0
STU04751,15,Male,STEM,11.9,76.6,84.1,68.9,69.4,Bachelor,Yes,No,Yes,0
STU04752,16,Male,STEM,17.1,64.1,95.0,89.9,70.5,Master,Yes,No,No,0
STU04753,21,Male,Commerce,22.9,88.8,81.4,81.8,66.9,Master,Yes,No,Yes,0
STU04754,21,Male,STEM,5.0,71.6,85.8,74.3,62.9,High School,Yes,No,No,0
STU04755,16,Male,STEM,13.8,77.2,68.9,70.8,62.7,Bachelor,Yes,Yes,No,0
STU04756,19,Female,Arts,22.9,87.0,82.0,90.2,69.5,High School,Yes,No,Yes,0
STU04757,19,Female,Commerce,10.4,86.6,91.5,79.0,68.2,High School,Yes,No,Yes,0
STU04758,16,Male,STEM,8.9,74.4,61.9,62.2,49.3,High School,Yes,Yes,No,0
STU04759,18,Male,STEM,14.1,84.0,86.2,81.9,71.8,High School,Yes,No,No,0
STU04760,20,Female,Commerce,12.3,83.1,75.25,84.0,77.3,Bachelor,Yes,No,No,0
STU04761,22,Male,Humanities,16.0,65.4,67.2,73.8,64.4,Bachelor,Yes,No,No,0
STU04762,21,Male,Humanities,8.2,84.6,67.7,65.3,60.7,High School,No,Yes,No,0
STU04763,15,Male,Humanities,9.4,77.2,50.4,55.2,39.0,High School,Yes,No,No,1
STU04764,16,Female,STEM,17.7,74.5,90.3,70.6,71.8,Bachelor,Yes,Yes,No,0
STU04765,18,Male,Commerce,9.5,77.1,74.4,69.2,55.6,Bachelor,Yes,No,Yes,0
STU04766,16,Female,STEM,1.2,80.8,65.2,45.5,37.9,Bachelor,No,Yes,Yes,1
STU04767,19,Female,Humanities,5.3,79.4,62.5,54.4,59.7,High School,Yes,Yes,No,1
STU04768,15,Male,STEM,9.2,87.9,77.4,63.0,55.0,High School,Yes,Yes,Yes,0
STU04769,15,Male,STEM,19.7,91.0,91.6,82.1,80.8,Bachelor,Yes,No,Yes,0
STU04770,15,Female,STEM,6.5,72.2,66.0,56.6,51.1,Bachelor,Yes,Yes,Yes,1
STU04771,17,Male,Arts,18.6,61.3,85.1,87.6,66.7,High School,Yes,Yes,No,0
STU04772,21,Male,STEM,17.7,85.5,82.8,84.4,84.6,High School,Yes,Yes,No,0
STU04773,16,Female,STEM,14.0,87.9,76.9,75.9,66.2,High School,Yes,No,No,0
STU04774,22,Female,STEM,0.3,75.1,73.9,68.3,54.1,Bachelor,Yes,Yes,No,0
STU04775,17,Male,Commerce,7.7,85.3,67.5,88.3,62.5,High School,Yes,No,No,0
STU04776,15,Male,Humanities,6.9,71.7,56.4,62.0,54.5,Bachelor,No,Yes,No,1
STU04777,17,Female,Arts,19.6,82.7,80.4,90.0,76.3,Master,Yes,Yes,No,0
STU04778,20,Male,Commerce,9.2,73.4,71.4,69.5,56.6,High School,Yes,Yes,No,0
STU04779,15,Male,Humanities,8.3,85.9,70.9,71.2,57.5,High School,Yes,Yes,No,0
STU04780,15,Male,Commerce,11.8,74.6,85.2,63.3,65.1,High School,No,No,No,0
STU04781,21,Male,STEM,12.3,95.6,78.2,44.6,54.2,High School,Yes,Yes,No,1
STU04782,19,Female,Arts,10.9,77.5,72.1,52.5,70.4,Master,No,No,No,1
STU04783,17,Female,Arts,9.4,87.2,74.2,63.7,59.8,Master,Yes,No,No,0
STU04784,21,Female,STEM,23.9,83.4,85.1,100.0,86.5,High School,Yes,Yes,No,0
STU04785,21,Male,Commerce,7.7,90.8,79.0,71.1,66.4,Master,Yes,Yes,No,0
STU04786,17,Male,STEM,21.7,98.8,86.5,84.7,79.9,High School,Yes,No,Yes,0
STU04787,19,Male,Humanities,6.7,79.0,68.9,67.9,66.5,Bachelor,Yes,Yes,Yes,0
STU04788,15,Female,Commerce,14.2,85.2,64.1,72.3,69.1,Bachelor,Yes,No,No,0
STU04789,17,Male,Arts,15.3,95.7,73.4,64.0,71.9,High School,Yes,No,Yes,0
STU04790,19,Female,STEM,12.4,84.6,78.7,77.8,73.9,Bachelor,Yes,Yes,No,0
STU04791,16,Female,Commerce,12.2,76.7,75.9,79.2,56.7,Bachelor,Yes,Yes,Yes,0
STU04792,22,Female,Commerce,15.7,86.2,63.9,87.8,73.7,High School,Yes,Yes,Yes,0
STU04793,22,Male,STEM,13.7,76.8,69.6,70.8,62.6,Master,Yes,Yes,No,0
STU04794,17,Female,Commerce,12.2,85.3,66.6,81.9,64.1,High School,Yes,No,Yes,0
STU04795,18,Male,Commerce,10.0,76.8,86.0,71.5,91.8,High School,Yes,No,Yes,0
STU04796,16,Non-binary,Commerce,12.3,87.1,78.9,92.6,64.7,Master,Yes,No,Yes,0
STU04797,19,Male,Arts,12.2,67.8,76.4,68.0,62.3,High School,Yes,No,No,0
STU04798,15,Female,STEM,10.9,74.5,71.9,74.5,63.1,High School,Yes,Yes,Yes,0
STU04799,18,Male,STEM,13.3,76.2,68.5,72.7,63.7,High School,Yes,No,No,0
STU04800,19,Male,STEM,6.7,80.3,75.25,74.1,54.4,High School,Yes,No,Yes,0
STU04801,19,Female,STEM,8.4,70.3,74.7,78.7,65.9,High School,Yes,No,Yes,0
STU04802,19,Male,Humanities,16.7,79.0,75.3,68.9,59.5,High School,Yes,No,Yes,0
STU04803,16,Male,Arts,2.9,86.1,74.1,58.8,60.5,Bachelor,Yes,No,Yes,1
STU04804,21,Female,Humanities,18.4,92.1,83.5,99.8,83.7,High School,Yes,No,No,0
STU04805,20,Male,Commerce,9.3,60.5,71.2,68.1,56.8,Master,Yes,Yes,No,0
STU04806,21,Female,Humanities,20.5,81.1,84.7,92.2,79.0,Master,Yes,No,No,0
STU04807,18,Female,STEM,18.5,95.1,77.5,71.7,84.1,High School,Yes,No,No,0
STU04808,22,Male,Commerce,8.3,85.4,69.9,63.6,65.3,Master,No,Yes,Yes,0
STU04809,18,Female,Commerce,8.8,83.8,82.1,66.0,66.8,Master,No,Yes,No,0
STU04810,21,Female,Humanities,19.0,89.7,100.0,98.3,89.9,Master,Yes,Yes,No,0
STU04811,16,Female,Arts,18.7,77.3,88.2,91.2,78.9,Bachelor,Yes,No,No,0
STU04812,16,Female,Humanities,14.2,84.7,49.4,72.6,64.5,High School,No,Yes,No,1
STU04813,19,Female,STEM,18.1,90.5,73.9,69.5,65.9,High School,Yes,No,Yes,0
STU04814,19,Male,Humanities,8.1,81.1,73.1,71.2,79.0,Master,Yes,No,No,0
STU04815,20,Female,Commerce,13.9,79.7,65.0,69.7,64.6,Bachelor,Yes,No,No,0
STU04816,17,Female,Humanities,8.3,82.4,60.4,41.8,70.6,Master,Yes,Yes,No,0
STU04817,21,Male,Commerce,8.0,73.1,65.9,67.2,74.1,Bachelor,Yes,No,Yes,0
STU04818,17,Non-binary,Humanities,13.7,89.7,75.25,87.1,71.8,High School,Yes,No,Yes,0
STU04819,19,Female,Humanities,11.1,70.1,77.9,84.8,70.1,High School,Yes,No,No,0
STU04820,22,Female,Arts,11.1,75.1,69.2,68.1,64.3,Master,Yes,Yes,No,0
STU04821,19,Female,Humanities,10.7,88.9,71.1,75.4,73.6,High School,Yes,No,Yes,0
STU04822,20,Female,Humanities,7.4,84.3,63.7,66.2,60.4,Bachelor,Yes,No,Yes,0
STU04823,22,Female,STEM,20.6,82.0,86.6,80.5,85.3,Master,Yes,No,No,0
STU04824,22,Male,Humanities,13.7,71.1,78.3,68.1,52.7,High School,Yes,No,Yes,0
STU04825,18,Male,Humanities,6.5,81.2,79.8,67.7,59.5,High School,Yes,No,Yes,0
STU04826,18,Female,STEM,11.8,76.9,75.1,69.9,63.4,Bachelor,No,No,No,0
STU04827,16,Non-binary,Humanities,18.6,90.8,68.8,77.1,66.6,Bachelor,Yes,Yes,Yes,0
STU04828,19,Female,STEM,17.3,82.3,75.6,74.7,58.1,Bachelor,Yes,No,Yes,0
STU04829,22,Female,STEM,10.7,67.4,79.4,74.2,71.1,High School,Yes,No,No,0
STU04830,18,Female,Humanities,10.8,72.4,54.7,53.0,44.4,High School,Yes,No,Yes,1
STU04831,17,Female,STEM,8.7,79.1,71.1,78.8,60.4,High School,Yes,No,Yes,0
STU04832,15,Male,Commerce,9.7,81.8,76.1,55.4,65.9,High School,Yes,No,No,0
STU04833,18,Female,Commerce,10.0,71.8,91.3,76.4,78.2,High School,Yes,No,No,0
STU04834,16,Male,STEM,12.3,73.4,62.9,58.7,50.4,Bachelor,Yes,No,No,1
STU04835,22,Female,STEM,11.0,87.9,74.4,69.5,59.0,High School,Yes,No,No,0
STU04836,19,Male,Humanities,13.3,91.5,95.0,75.6,70.4,Bachelor,Yes,Yes,No,0
STU04837,16,Male,STEM,11.1,83.8,68.9,56.1,67.6,Master,Yes,No,No,0
STU04838,15,Male,Humanities,14.0,80.6,87.0,81.5,81.9,Bachelor,Yes,No,No,0
STU04839,21,Female,Commerce,20.3,80.8,84.9,83.9,79.3,Bachelor,Yes,No,No,0
STU04840,22,Male,Commerce,20.1,92.0,81.1,86.7,80.5,High School,Yes,Yes,Yes,0
STU04841,21,Male,Humanities,12.7,79.8,79.6,61.6,55.4,Bachelor,Yes,No,No,0
STU04842,15,Female,Arts,15.0,92.7,78.2,72.1,79.9,High School,No,No,Yes,0
STU04843,15,Male,STEM,12.3,91.9,100.0,82.9,84.9,High School,Yes,No,Yes,0
STU04844,16,Female,Arts,10.8,84.7,54.1,36.9,50.8,Bachelor,Yes,No,No,1
STU04845,21,Female,Commerce,8.0,78.2,68.4,66.1,61.4,High School,Yes,No,Yes,0
STU04846,21,Male,Humanities,13.4,79.3,73.0,68.8,57.9,High School,Yes,No,No,0
STU04847,21,Female,STEM,17.9,73.5,76.3,70.0,75.7,Bachelor,Yes,No,Yes,0
STU04848,15,Female,STEM,5.3,78.6,80.1,76.7,55.9,High School,No,No,No,1
STU04849,16,Female,Arts,11.7,81.2,70.2,76.9,66.1,High School,Yes,No,No,0
STU04850,22,Female,STEM,11.5,70.8,77.1,75.1,68.8,High School,Yes,No,No,0
STU04851,22,Female,Arts,14.1,100.0,82.9,78.4,83.4,High School,Yes,No,No,0
STU04852,20,Female,Humanities,13.0,86.9,85.3,81.7,81.4,Bachelor,Yes,Yes,No,0
STU04853,15,Male,Humanities,14.2,76.3,74.1,61.3,71.0,Bachelor,Yes,Yes,No,0
STU04854,15,Male,Commerce,19.5,100.0,87.8,87.5,80.2,High School,No,No,No,0
STU04855,15,Male,STEM,9.1,78.7,70.9,76.8,80.9,Bachelor,Yes,No,Yes,0
STU04856,20,Female,Humanities,8.8,87.2,63.9,71.8,70.2,Master,Yes,No,No,0
STU04857,21,Male,Arts,14.1,85.6,93.4,74.1,72.0,Bachelor,Yes,No,Yes,0
STU04858,20,Female,STEM,19.5,81.7,73.0,80.8,70.2,Bachelor,Yes,No,No,0
STU04859,17,Female,Arts,5.2,78.2,64.3,50.7,58.1,Bachelor,Yes,Yes,Yes,1
STU04860,21,Male,Arts,13.3,94.1,70.1,72.4,64.9,Master,Yes,Yes,No,0
STU04861,15,Female,STEM,12.1,89.1,80.7,68.6,59.7,Master,Yes,No,No,0
STU04862,21,Male,Humanities,15.6,82.6,73.1,68.1,67.3,High School,Yes,Yes,No,0
STU04863,22,Male,STEM,15.8,67.3,89.8,85.7,58.1,High School,Yes,No,No,0
STU04864,20,Male,Commerce,13.2,85.0,81.9,70.6,71.9,High School,Yes,No,No,0
STU04865,22,Female,Arts,15.2,73.5,72.8,68.1,69.0,Bachelor,Yes,No,No,0
STU04866,19,Female,Arts,10.0,87.4,65.6,68.3,60.8,High School,Yes,No,Yes,0
STU04867,18,Female,Arts,16.6,82.4,76.6,65.9,74.8,Master,Yes,No,No,0
STU04868,17,Male,STEM,19.2,82.4,85.7,82.1,82.4,High School,Yes,No,Yes,0
STU04869,22,Male,Humanities,13.5,77.6,74.7,61.2,55.9,Bachelor,Yes,No,No,0
STU04870,20,Male,STEM,9.2,90.9,73.5,57.4,62.4,High School,No,No,Yes,1
STU04871,16,Female,Arts,12.3,68.0,62.0,75.8,57.5,High School,Yes,No,No,0
STU04872,22,Male,STEM,15.4,89.4,100.0,83.6,78.4,High School,Yes,Yes,No,0
STU04873,15,Male,STEM,12.8,85.1,74.3,66.8,73.8,Bachelor,Yes,No,No,0
STU04874,19,Male,STEM,7.6,81.4,57.9,66.2,61.7,High School,Yes,No,Yes,0
STU04875,16,Male,STEM,17.3,82.8,68.4,87.7,67.0,High School,Yes,No,Yes,0
STU04876,20,Female,STEM,7.4,85.8,69.0,66.2,63.0,Bachelor,Yes,Yes,Yes,0
STU04877,18,Female,STEM,14.9,79.8,96.2,92.8,74.8,Master,Yes,No,No,0
STU04878,18,Male,Arts,4.6,75.1,66.3,55.5,50.5,Bachelor,Yes,No,No,1
STU04879,20,Female,Commerce,13.5,85.2,73.1,73.2,78.5,Bachelor,Yes,No,Yes,0
STU04880,21,Female,STEM,12.7,98.1,87.6,78.4,93.6,High School,Yes,No,Yes,0
STU04881,18,Female,Commerce,2.9,67.8,74.3,64.2,69.0,Master,Yes,Yes,Yes,1
STU04882,22,Female,Humanities,14.5,87.1,84.6,86.7,78.0,High School,Yes,No,No,0
STU04883,18,Male,Commerce,8.0,79.1,73.4,55.1,59.7,Master,Yes,No,No,0
STU04884,16,Female,STEM,13.4,82.9,65.2,62.0,68.6,Bachelor,Yes,No,Yes,0
STU04885,15,Female,Humanities,9.1,68.5,62.4,59.2,55.4,High School,No,No,No,1
STU04886,16,Male,Humanities,5.1,66.8,50.6,45.6,34.8,High School,Yes,Yes,Yes,1
STU04887,20,Male,STEM,8.3,83.1,70.3,67.6,74.9,Bachelor,Yes,No,No,0
STU04888,19,Female,Humanities,8.7,70.4,65.8,65.9,49.6,Bachelor,Yes,No,No,0
STU04889,17,Female,Commerce,17.4,92.6,76.1,78.9,82.2,Bachelor,Yes,No,No,0
STU04890,18,Female,Commerce,15.6,77.5,79.5,74.7,74.9,Master,Yes,Yes,Yes,0
STU04891,21,Female,Humanities,22.9,91.3,78.7,96.4,95.3,Bachelor,Yes,No,No,0
STU04892,19,Female,Humanities,9.5,76.3,68.5,68.0,67.0,High School,Yes,Yes,No,0
STU04893,15,Female,Commerce,9.4,75.8,66.9,64.2,55.1,Bachelor,Yes,Yes,No,0
STU04894,15,Male,STEM,13.6,75.4,74.5,74.0,74.0,High School,Yes,No,No,0
STU04895,18,Male,STEM,10.2,84.7,77.9,77.2,66.0,Bachelor,Yes,Yes,No,0
STU04896,18,Male,Humanities,9.2,86.5,60.5,64.1,52.4,Master,Yes,Yes,No,0
STU04897,21,Female,STEM,13.2,80.0,80.0,68.6,54.4,High School,Yes,No,No,0
STU04898,19,Female,Humanities,16.2,90.6,82.7,94.1,78.4,Bachelor,Yes,No,Yes,0
STU04899,21,Non-binary,STEM,3.5,78.3,72.0,64.9,46.7,Bachelor,Yes,No,No,0
STU04900,19,Male,Humanities,10.4,72.6,73.1,60.1,69.7,High School,Yes,No,Yes,0
STU04901,17,Male,Commerce,6.7,82.6,74.8,51.5,46.8,Bachelor,Yes,No,No,1
STU04902,20,Female,Commerce,11.1,79.2,69.6,74.0,61.8,Bachelor,Yes,Yes,No,0
STU04903,19,Female,Commerce,14.9,62.4,77.3,86.5,66.7,High School,Yes,No,No,0
STU04904,20,Male,Humanities,18.0,81.6,90.9,89.3,80.6,High School,Yes,No,No,0
STU04905,16,Male,Arts,9.8,69.5,75.25,70.2,53.5,High School,Yes,Yes,Yes,0
STU04906,20,Female,Commerce,13.5,72.8,69.6,76.3,73.0,Bachelor,Yes,No,No,0
STU04907,17,Male,Humanities,4.2,76.5,74.3,63.1,59.8,High School,Yes,Yes,No,0
STU04908,21,Male,STEM,7.9,79.6,65.9,49.9,54.5,High School,Yes,Yes,No,1
STU04909,21,Male,Commerce,12.7,75.6,67.0,63.5,56.1,Master,Yes,Yes,No,0
STU04910,19,Female,Humanities,6.9,83.9,75.9,73.1,68.8,Bachelor,Yes,No,No,0
STU04911,22,Male,Commerce,17.4,83.5,75.1,82.6,82.5,Bachelor,Yes,Yes,No,0
STU04912,19,Male,Commerce,14.2,81.6,88.8,79.0,92.6,Master,Yes,Yes,Yes,0
STU04913,15,Female,Arts,8.9,81.0,67.8,60.9,52.7,High School,Yes,No,No,0
STU04914,19,Male,Arts,5.1,88.5,63.1,60.4,56.3,High School,Yes,Yes,No,0
STU04915,21,Male,Commerce,9.8,63.8,69.3,64.2,44.4,Bachelor,Yes,No,No,0
STU04916,15,Male,Arts,9.0,91.0,79.1,69.9,72.2,High School,Yes,No,No,0
STU04917,15,Female,Arts,7.5,75.0,73.3,67.3,51.4,High School,Yes,No,No,0
STU04918,17,Male,STEM,5.5,72.8,75.25,57.9,58.7,Bachelor,Yes,Yes,No,1
STU04919,21,Female,Commerce,10.8,78.2,67.8,73.8,72.2,High School,Yes,Yes,No,0
STU04920,19,Female,STEM,15.1,76.3,87.5,79.7,70.1,Bachelor,Yes,Yes,No,0
STU04921,22,Female,STEM,8.6,72.1,53.8,62.6,47.1,Bachelor,Yes,Yes,No,0
STU04922,21,Female,STEM,15.0,90.1,71.3,74.1,78.4,Bachelor,Yes,No,No,0
STU04923,19,Female,Humanities,10.3,82.5,74.3,82.1,73.5,High School,Yes,Yes,No,0
STU04924,20,Male,STEM,15.8,68.4,67.9,77.3,57.2,High School,Yes,No,No,0
STU04925,17,Male,STEM,8.3,87.7,70.4,69.1,64.5,Master,Yes,Yes,Yes,0
STU04926,15,Female,STEM,14.3,89.3,68.6,74.6,62.0,Master,Yes,No,Yes,0
STU04927,18,Non-binary,Commerce,12.3,72.3,71.0,87.2,75.5,High School,Yes,Yes,Yes,0
STU04928,19,Female,Arts,15.9,87.2,83.7,79.8,75.3,High School,No,Yes,Yes,0
STU04929,16,Male,Arts,15.5,88.5,73.7,76.5,81.2,Bachelor,Yes,No,No,0
STU04930,16,Male,Humanities,14.2,70.2,65.3,70.8,55.4,High School,Yes,No,No,0
STU04931,15,Male,STEM,5.2,81.2,65.2,44.3,53.3,High School,Yes,Yes,No,1
STU04932,20,Male,Arts,10.6,78.0,84.1,75.2,68.6,High School,Yes,No,Yes,0
STU04933,22,Male,STEM,7.4,84.3,83.1,78.7,70.9,High School,No,No,No,1
STU04934,21,Female,Arts,9.3,73.3,66.3,69.2,56.0,High School,Yes,No,No,0
STU04935,18,Female,Commerce,11.9,90.3,81.9,87.0,58.9,High School,Yes,Yes,No,0
STU04936,19,Female,Humanities,14.1,81.0,76.2,81.1,75.2,Bachelor,Yes,No,No,0
STU04937,22,Female,STEM,13.1,79.6,88.2,83.1,74.2,High School,Yes,Yes,Yes,0
STU04938,19,Female,STEM,18.7,79.2,81.4,89.3,70.6,High School,Yes,No,No,0
STU04939,17,Female,Humanities,15.2,92.4,77.7,79.6,69.8,High School,Yes,No,Yes,0
STU04940,17,Male,Humanities,6.3,73.6,84.9,67.9,55.5,Master,Yes,Yes,No,0
STU04941,20,Male,Commerce,13.9,91.3,75.25,70.4,54.1,High School,Yes,No,No,0
STU04942,18,Male,Commerce,13.6,84.4,80.0,56.9,72.0,High School,No,No,No,1
STU04943,21,Male,Humanities,17.5,75.4,91.4,98.1,84.7,Bachelor,Yes,Yes,Yes,0
STU04944,21,Female,STEM,12.3,84.3,82.4,72.1,60.5,Bachelor,Yes,No,Yes,0
STU04945,15,Female,Humanities,11.1,84.0,67.2,59.1,77.9,Bachelor,Yes,Yes,Yes,0
STU04946,20,Male,STEM,17.9,75.3,69.8,73.2,59.0,High School,Yes,No,Yes,0
STU04947,17,Male,Commerce,13.8,84.9,62.9,82.5,72.5,High School,Yes,No,Yes,0
STU04948,19,Female,Commerce,4.6,85.0,85.0,68.9,65.5,High School,Yes,Yes,Yes,0
STU04949,17,Female,Commerce,3.6,87.2,58.6,57.4,45.2,Bachelor,Yes,Yes,No,1
STU04950,17,Male,Humanities,21.3,96.9,92.4,100.0,90.2,High School,Yes,No,Yes,0
STU04951,17,Female,STEM,5.3,98.1,59.3,64.2,58.0,High School,Yes,No,No,0
STU04952,15,Female,Commerce,12.2,82.1,100.0,81.1,72.4,High School,Yes,No,No,0
STU04953,21,Female,Commerce,15.8,90.1,66.1,58.5,72.5,Master,Yes,Yes,Yes,0
STU04954,16,Male,Commerce,3.9,73.5,67.5,64.8,60.7,High School,Yes,Yes,No,0
STU04955,18,Male,Humanities,8.1,95.3,87.2,67.7,74.6,High School,Yes,No,No,0
STU04956,16,Male,Arts,7.4,72.8,62.5,66.5,55.5,Master,Yes,No,No,0
STU04957,16,Male,STEM,19.9,100.0,90.6,87.3,85.8,Bachelor,Yes,Yes,No,0
STU04958,17,Male,Humanities,22.1,82.4,83.8,90.3,83.1,Bachelor,Yes,No,No,0
STU04959,22,Female,Commerce,9.7,74.7,75.6,76.9,69.0,Bachelor,Yes,No,No,0
STU04960,22,Male,STEM,13.6,91.0,89.0,66.2,64.8,High School,No,No,No,0
STU04961,18,Male,Commerce,14.4,86.7,73.6,75.0,52.5,Bachelor,Yes,No,No,0
STU04962,19,Male,Humanities,10.5,78.0,88.0,76.0,79.5,High School,Yes,Yes,No,0
STU04963,22,Female,STEM,4.5,77.5,71.9,64.6,58.6,Master,Yes,Yes,No,0
STU04964,16,Male,STEM,23.4,89.3,100.0,99.8,93.5,High School,Yes,No,No,0
STU04965,22,Male,Commerce,4.8,81.6,61.2,59.0,50.0,Bachelor,Yes,No,No,1
STU04966,15,Female,Commerce,14.0,94.9,73.0,68.1,66.7,Bachelor,Yes,No,No,0
STU04967,16,Female,STEM,8.9,85.2,71.1,57.7,70.8,High School,Yes,Yes,No,0
STU04968,17,Female,STEM,16.3,79.8,65.7,59.8,64.3,High School,Yes,Yes,Yes,0
STU04969,15,Male,STEM,16.8,92.1,90.1,85.0,94.8,Bachelor,Yes,No,Yes,0
STU04970,21,Male,STEM,8.6,66.5,68.3,69.4,65.2,High School,Yes,No,No,0
STU04971,21,Female,Commerce,8.2,77.2,59.7,58.1,50.2,Master,Yes,Yes,No,0
STU04972,18,Male,STEM,4.8,76.4,60.2,64.0,58.0,High School,Yes,Yes,No,0
STU04973,21,Female,STEM,13.9,88.1,69.1,70.5,78.2,Bachelor,Yes,No,No,0
STU04974,21,Female,STEM,15.0,97.5,89.9,81.3,79.9,Bachelor,Yes,Yes,No,0
STU04975,21,Female,Humanities,11.0,83.3,79.1,61.2,68.8,High School,Yes,No,No,0
STU04976,21,Male,Commerce,11.9,79.1,73.0,67.4,73.8,Bachelor,Yes,No,No,0
STU04977,19,Male,Commerce,20.4,82.2,77.7,89.8,60.5,Bachelor,Yes,Yes,Yes,0
STU04978,15,Female,Humanities,17.2,91.0,78.5,90.4,82.4,Bachelor,Yes,No,No,0
STU04979,22,Female,Arts,17.9,85.1,98.0,87.3,91.0,Bachelor,Yes,Yes,Yes,0
STU04980,19,Male,Humanities,1.7,73.3,63.1,62.2,47.7,Bachelor,Yes,Yes,No,0
STU04981,22,Male,Arts,13.5,92.3,87.0,90.3,85.7,High School,No,No,Yes,0
STU04982,22,Male,Commerce,14.1,92.3,75.6,67.0,68.3,High School,Yes,No,No,0
STU04983,16,Male,STEM,6.2,71.7,75.25,72.7,53.0,High School,Yes,Yes,No,0
STU04984,18,Male,Commerce,7.1,69.8,56.5,59.8,57.9,Bachelor,Yes,Yes,Yes,1
STU04985,16,Female,Humanities,10.8,80.7,81.9,82.3,70.7,Master,Yes,Yes,No,0
STU04986,15,Male,Commerce,7.0,70.6,61.2,53.6,51.5,High School,Yes,No,No,1
STU04987,22,Female,STEM,9.4,70.6,92.7,79.6,75.0,Bachelor,Yes,No,No,0
STU04988,22,Female,Humanities,10.9,73.2,79.3,70.6,58.4,High School,Yes,No,No,0
STU04989,22,Female,Arts,14.4,93.5,62.3,72.3,71.7,Bachelor,Yes,Yes,Yes,0
STU04990,22,Female,STEM,9.8,88.2,65.4,75.0,58.3,Bachelor,Yes,No,Yes,0
